/mnt/d/download/Project coding/EOMT/checkpoint_backups/bpd_resolution_screening_5seed.tar	bpd_resolution_screening_5seed/
/mnt/d/download/Project coding/EOMT/checkpoint_backups/bpd_resolution_screening_5seed.tar	bpd_resolution_screening_5seed/res256/
/mnt/d/download/Project coding/EOMT/checkpoint_backups/bpd_resolution_screening_5seed.tar	bpd_resolution_screening_5seed/res256/seed42/
/mnt/d/download/Project coding/EOMT/checkpoint_backups/bpd_resolution_screening_5seed.tar	bpd_resolution_screening_5seed/res256/seed42/bpd-resolution-screening-5seed-res256-seed42_best.ckpt
/mnt/d/download/Project coding/EOMT/checkpoint_backups/bpd_resolution_screening_5seed.tar	bpd_resolution_screening_5seed/res256/seed42/bpd-resolution-screening-5seed-res256-seed42_final.ckpt
/mnt/d/download/Project coding/EOMT/checkpoint_backups/bpd_resolution_screening_5seed.tar	bpd_resolution_screening_5seed/res256/seed42/bpd-resolution-screening-5seed-res256-seed42_config.yaml
/mnt/d/download/Project coding/EOMT/checkpoint_backups/bpd_resolution_screening_5seed.tar	bpd_resolution_screening_5seed/res256/seed42/test_image_order.csv
/mnt/d/download/Project coding/EOMT/checkpoint_backups/bpd_resolution_screening_5seed.tar	bpd_resolution_screening_5seed/res256/seed42/bpd-resolution-screening-5seed-res256-seed42_best_swapmin_test_log.txt
/mnt/d/download/Project coding/EOMT/checkpoint_backups/bpd_resolution_screening_5seed.tar	bpd_resolution_screening_5seed/res256/seed42/bpd-resolution-screening-5seed-res256-seed42_best_swapmin_per_image.csv
/mnt/d/download/Project coding/EOMT/checkpoint_backups/bpd_resolution_screening_5seed.tar	bpd_resolution_screening_5seed/res256/seed42/bpd-resolution-screening-5seed-res256-seed42_best_fixedchannel_test_log.txt
/mnt/d/download/Project coding/EOMT/checkpoint_backups/bpd_resolution_screening_5seed.tar	bpd_resolution_screening_5seed/res256/seed42/bpd-resolution-screening-5seed-res256-seed42_best_fixedchannel_per_image.csv
/mnt/d/download/Project coding/EOMT/checkpoint_backups/bpd_resolution_screening_5seed.tar	bpd_resolution_screening_5seed/res256/seed42/bpd-resolution-screening-5seed-res256-seed42_final_swapmin_test_log.txt
/mnt/d/download/Project coding/EOMT/checkpoint_backups/bpd_resolution_screening_5seed.tar	bpd_resolution_screening_5seed/res256/seed42/bpd-resolution-screening-5seed-res256-seed42_final_swapmin_per_image.csv
/mnt/d/download/Project coding/EOMT/checkpoint_backups/bpd_resolution_screening_5seed.tar	bpd_resolution_screening_5seed/res256/seed42/bpd-resolution-screening-5seed-res256-seed42_final_fixedchannel_test_log.txt
/mnt/d/download/Project coding/EOMT/checkpoint_backups/bpd_resolution_screening_5seed.tar	bpd_resolution_screening_5seed/res256/seed42/bpd-resolution-screening-5seed-res256-seed42_final_fixedchannel_per_image.csv
/mnt/d/download/Project coding/EOMT/checkpoint_backups/bpd_resolution_screening_5seed.tar	bpd_resolution_screening_5seed/res256/seed0/
/mnt/d/download/Project coding/EOMT/checkpoint_backups/bpd_resolution_screening_5seed.tar	bpd_resolution_screening_5seed/res256/seed0/bpd-resolution-screening-5seed-res256-seed0_best.ckpt
/mnt/d/download/Project coding/EOMT/checkpoint_backups/bpd_resolution_screening_5seed.tar	bpd_resolution_screening_5seed/res256/seed0/bpd-resolution-screening-5seed-res256-seed0_final.ckpt
/mnt/d/download/Project coding/EOMT/checkpoint_backups/bpd_resolution_screening_5seed.tar	bpd_resolution_screening_5seed/res256/seed0/bpd-resolution-screening-5seed-res256-seed0_config.yaml
/mnt/d/download/Project coding/EOMT/checkpoint_backups/bpd_resolution_screening_5seed.tar	bpd_resolution_screening_5seed/res256/seed0/test_image_order.csv
/mnt/d/download/Project coding/EOMT/checkpoint_backups/bpd_resolution_screening_5seed.tar	bpd_resolution_screening_5seed/res256/seed0/bpd-resolution-screening-5seed-res256-seed0_best_swapmin_test_log.txt
/mnt/d/download/Project coding/EOMT/checkpoint_backups/bpd_resolution_screening_5seed.tar	bpd_resolution_screening_5seed/res256/seed0/bpd-resolution-screening-5seed-res256-seed0_best_swapmin_per_image.csv
/mnt/d/download/Project coding/EOMT/checkpoint_backups/bpd_resolution_screening_5seed.tar	bpd_resolution_screening_5seed/res256/seed0/bpd-resolution-screening-5seed-res256-seed0_best_fixedchannel_test_log.txt
/mnt/d/download/Project coding/EOMT/checkpoint_backups/bpd_resolution_screening_5seed.tar	bpd_resolution_screening_5seed/res256/seed0/bpd-resolution-screening-5seed-res256-seed0_best_fixedchannel_per_image.csv
/mnt/d/download/Project coding/EOMT/checkpoint_backups/bpd_resolution_screening_5seed.tar	bpd_resolution_screening_5seed/res256/seed0/bpd-resolution-screening-5seed-res256-seed0_final_swapmin_test_log.txt
/mnt/d/download/Project coding/EOMT/checkpoint_backups/bpd_resolution_screening_5seed.tar	bpd_resolution_screening_5seed/res256/seed0/bpd-resolution-screening-5seed-res256-seed0_final_swapmin_per_image.csv
/mnt/d/download/Project coding/EOMT/checkpoint_backups/bpd_resolution_screening_5seed.tar	bpd_resolution_screening_5seed/res256/seed0/bpd-resolution-screening-5seed-res256-seed0_final_fixedchannel_test_log.txt
/mnt/d/download/Project coding/EOMT/checkpoint_backups/bpd_resolution_screening_5seed.tar	bpd_resolution_screening_5seed/res256/seed0/bpd-resolution-screening-5seed-res256-seed0_final_fixedchannel_per_image.csv
/mnt/d/download/Project coding/EOMT/checkpoint_backups/bpd_resolution_screening_5seed.tar	bpd_resolution_screening_5seed/res256/seed123/
/mnt/d/download/Project coding/EOMT/checkpoint_backups/bpd_resolution_screening_5seed.tar	bpd_resolution_screening_5seed/res256/seed123/bpd-resolution-screening-5seed-res256-seed123_best.ckpt
/mnt/d/download/Project coding/EOMT/checkpoint_backups/bpd_resolution_screening_5seed.tar	bpd_resolution_screening_5seed/res256/seed123/bpd-resolution-screening-5seed-res256-seed123_final.ckpt
/mnt/d/download/Project coding/EOMT/checkpoint_backups/bpd_resolution_screening_5seed.tar	bpd_resolution_screening_5seed/res256/seed123/bpd-resolution-screening-5seed-res256-seed123_config.yaml
/mnt/d/download/Project coding/EOMT/checkpoint_backups/bpd_resolution_screening_5seed.tar	bpd_resolution_screening_5seed/res256/seed123/test_image_order.csv
/mnt/d/download/Project coding/EOMT/checkpoint_backups/bpd_resolution_screening_5seed.tar	bpd_resolution_screening_5seed/res256/seed123/bpd-resolution-screening-5seed-res256-seed123_best_swapmin_test_log.txt
/mnt/d/download/Project coding/EOMT/checkpoint_backups/bpd_resolution_screening_5seed.tar	bpd_resolution_screening_5seed/res256/seed123/bpd-resolution-screening-5seed-res256-seed123_best_swapmin_per_image.csv
/mnt/d/download/Project coding/EOMT/checkpoint_backups/bpd_resolution_screening_5seed.tar	bpd_resolution_screening_5seed/res256/seed123/bpd-resolution-screening-5seed-res256-seed123_best_fixedchannel_test_log.txt
/mnt/d/download/Project coding/EOMT/checkpoint_backups/bpd_resolution_screening_5seed.tar	bpd_resolution_screening_5seed/res256/seed123/bpd-resolution-screening-5seed-res256-seed123_best_fixedchannel_per_image.csv
/mnt/d/download/Project coding/EOMT/checkpoint_backups/bpd_resolution_screening_5seed.tar	bpd_resolution_screening_5seed/res256/seed123/bpd-resolution-screening-5seed-res256-seed123_final_swapmin_test_log.txt
/mnt/d/download/Project coding/EOMT/checkpoint_backups/bpd_resolution_screening_5seed.tar	bpd_resolution_screening_5seed/res256/seed123/bpd-resolution-screening-5seed-res256-seed123_final_swapmin_per_image.csv
/mnt/d/download/Project coding/EOMT/checkpoint_backups/bpd_resolution_screening_5seed.tar	bpd_resolution_screening_5seed/res256/seed123/bpd-resolution-screening-5seed-res256-seed123_final_fixedchannel_test_log.txt
/mnt/d/download/Project coding/EOMT/checkpoint_backups/bpd_resolution_screening_5seed.tar	bpd_resolution_screening_5seed/res256/seed123/bpd-resolution-screening-5seed-res256-seed123_final_fixedchannel_per_image.csv
/mnt/d/download/Project coding/EOMT/checkpoint_backups/bpd_resolution_screening_5seed.tar	bpd_resolution_screening_5seed/res256/seed3407/
/mnt/d/download/Project coding/EOMT/checkpoint_backups/bpd_resolution_screening_5seed.tar	bpd_resolution_screening_5seed/res256/seed3407/bpd-resolution-screening-5seed-res256-seed3407_best.ckpt
/mnt/d/download/Project coding/EOMT/checkpoint_backups/bpd_resolution_screening_5seed.tar	bpd_resolution_screening_5seed/res256/seed3407/bpd-resolution-screening-5seed-res256-seed3407_final.ckpt
/mnt/d/download/Project coding/EOMT/checkpoint_backups/bpd_resolution_screening_5seed.tar	bpd_resolution_screening_5seed/res256/seed3407/bpd-resolution-screening-5seed-res256-seed3407_config.yaml
/mnt/d/download/Project coding/EOMT/checkpoint_backups/bpd_resolution_screening_5seed.tar	bpd_resolution_screening_5seed/res256/seed3407/test_image_order.csv
/mnt/d/download/Project coding/EOMT/checkpoint_backups/bpd_resolution_screening_5seed.tar	bpd_resolution_screening_5seed/res256/seed3407/bpd-resolution-screening-5seed-res256-seed3407_best_swapmin_test_log.txt
/mnt/d/download/Project coding/EOMT/checkpoint_backups/bpd_resolution_screening_5seed.tar	bpd_resolution_screening_5seed/res256/seed3407/bpd-resolution-screening-5seed-res256-seed3407_best_swapmin_per_image.csv
/mnt/d/download/Project coding/EOMT/checkpoint_backups/bpd_resolution_screening_5seed.tar	bpd_resolution_screening_5seed/res256/seed3407/bpd-resolution-screening-5seed-res256-seed3407_best_fixedchannel_test_log.txt
/mnt/d/download/Project coding/EOMT/checkpoint_backups/bpd_resolution_screening_5seed.tar	bpd_resolution_screening_5seed/res256/seed3407/bpd-resolution-screening-5seed-res256-seed3407_best_fixedchannel_per_image.csv
/mnt/d/download/Project coding/EOMT/checkpoint_backups/bpd_resolution_screening_5seed.tar	bpd_resolution_screening_5seed/res256/seed3407/bpd-resolution-screening-5seed-res256-seed3407_final_swapmin_test_log.txt
/mnt/d/download/Project coding/EOMT/checkpoint_backups/bpd_resolution_screening_5seed.tar	bpd_resolution_screening_5seed/res256/seed3407/bpd-resolution-screening-5seed-res256-seed3407_final_swapmin_per_image.csv
/mnt/d/download/Project coding/EOMT/checkpoint_backups/bpd_resolution_screening_5seed.tar	bpd_resolution_screening_5seed/res256/seed3407/bpd-resolution-screening-5seed-res256-seed3407_final_fixedchannel_test_log.txt
/mnt/d/download/Project coding/EOMT/checkpoint_backups/bpd_resolution_screening_5seed.tar	bpd_resolution_screening_5seed/res256/seed3407/bpd-resolution-screening-5seed-res256-seed3407_final_fixedchannel_per_image.csv
/mnt/d/download/Project coding/EOMT/checkpoint_backups/bpd_resolution_screening_5seed.tar	bpd_resolution_screening_5seed/res512/
/mnt/d/download/Project coding/EOMT/checkpoint_backups/bpd_resolution_screening_5seed.tar	bpd_resolution_screening_5seed/res512/seed42/
/mnt/d/download/Project coding/EOMT/checkpoint_backups/bpd_resolution_screening_5seed.tar	bpd_resolution_screening_5seed/res512/seed42/bpd-resolution-screening-5seed-res512-seed42_best.ckpt
/mnt/d/download/Project coding/EOMT/checkpoint_backups/bpd_resolution_screening_5seed.tar	bpd_resolution_screening_5seed/res512/seed42/bpd-resolution-screening-5seed-res512-seed42_final.ckpt
/mnt/d/download/Project coding/EOMT/checkpoint_backups/bpd_resolution_screening_5seed.tar	bpd_resolution_screening_5seed/res512/seed42/bpd-resolution-screening-5seed-res512-seed42_config.yaml
/mnt/d/download/Project coding/EOMT/checkpoint_backups/bpd_resolution_screening_5seed.tar	bpd_resolution_screening_5seed/res512/seed42/test_image_order.csv
/mnt/d/download/Project coding/EOMT/checkpoint_backups/bpd_resolution_screening_5seed.tar	bpd_resolution_screening_5seed/res512/seed42/bpd-resolution-screening-5seed-res512-seed42_best_swapmin_test_log.txt
/mnt/d/download/Project coding/EOMT/checkpoint_backups/bpd_resolution_screening_5seed.tar	bpd_resolution_screening_5seed/res512/seed42/bpd-resolution-screening-5seed-res512-seed42_best_swapmin_per_image.csv
/mnt/d/download/Project coding/EOMT/checkpoint_backups/bpd_resolution_screening_5seed.tar	bpd_resolution_screening_5seed/res512/seed42/bpd-resolution-screening-5seed-res512-seed42_best_fixedchannel_test_log.txt
/mnt/d/download/Project coding/EOMT/checkpoint_backups/bpd_resolution_screening_5seed.tar	bpd_resolution_screening_5seed/res512/seed42/bpd-resolution-screening-5seed-res512-seed42_best_fixedchannel_per_image.csv
/mnt/d/download/Project coding/EOMT/checkpoint_backups/bpd_resolution_screening_5seed.tar	bpd_resolution_screening_5seed/res512/seed42/bpd-resolution-screening-5seed-res512-seed42_final_swapmin_test_log.txt
/mnt/d/download/Project coding/EOMT/checkpoint_backups/bpd_resolution_screening_5seed.tar	bpd_resolution_screening_5seed/res512/seed42/bpd-resolution-screening-5seed-res512-seed42_final_swapmin_per_image.csv
/mnt/d/download/Project coding/EOMT/checkpoint_backups/bpd_resolution_screening_5seed.tar	bpd_resolution_screening_5seed/res512/seed42/bpd-resolution-screening-5seed-res512-seed42_final_fixedchannel_test_log.txt
/mnt/d/download/Project coding/EOMT/checkpoint_backups/bpd_resolution_screening_5seed.tar	bpd_resolution_screening_5seed/res512/seed42/bpd-resolution-screening-5seed-res512-seed42_final_fixedchannel_per_image.csv
/mnt/d/download/Project coding/EOMT/checkpoint_backups/bpd_resolution_screening_5seed.tar	bpd_resolution_screening_5seed/res512/seed0/
/mnt/d/download/Project coding/EOMT/checkpoint_backups/bpd_resolution_screening_5seed.tar	bpd_resolution_screening_5seed/res512/seed0/bpd-resolution-screening-5seed-res512-seed0_best.ckpt
/mnt/d/download/Project coding/EOMT/checkpoint_backups/bpd_resolution_screening_5seed.tar	bpd_resolution_screening_5seed/res512/seed0/bpd-resolution-screening-5seed-res512-seed0_final.ckpt
/mnt/d/download/Project coding/EOMT/checkpoint_backups/bpd_resolution_screening_5seed.tar	bpd_resolution_screening_5seed/res512/seed0/bpd-resolution-screening-5seed-res512-seed0_config.yaml
/mnt/d/download/Project coding/EOMT/checkpoint_backups/bpd_resolution_screening_5seed.tar	bpd_resolution_screening_5seed/res512/seed0/test_image_order.csv
/mnt/d/download/Project coding/EOMT/checkpoint_backups/bpd_resolution_screening_5seed.tar	bpd_resolution_screening_5seed/res512/seed0/bpd-resolution-screening-5seed-res512-seed0_best_swapmin_test_log.txt
/mnt/d/download/Project coding/EOMT/checkpoint_backups/bpd_resolution_screening_5seed.tar	bpd_resolution_screening_5seed/res512/seed0/bpd-resolution-screening-5seed-res512-seed0_best_swapmin_per_image.csv
/mnt/d/download/Project coding/EOMT/checkpoint_backups/bpd_resolution_screening_5seed.tar	bpd_resolution_screening_5seed/res512/seed0/bpd-resolution-screening-5seed-res512-seed0_best_fixedchannel_test_log.txt
/mnt/d/download/Project coding/EOMT/checkpoint_backups/bpd_resolution_screening_5seed.tar	bpd_resolution_screening_5seed/res512/seed0/bpd-resolution-screening-5seed-res512-seed0_best_fixedchannel_per_image.csv
/mnt/d/download/Project coding/EOMT/checkpoint_backups/bpd_resolution_screening_5seed.tar	bpd_resolution_screening_5seed/res512/seed0/bpd-resolution-screening-5seed-res512-seed0_final_swapmin_test_log.txt
/mnt/d/download/Project coding/EOMT/checkpoint_backups/bpd_resolution_screening_5seed.tar	bpd_resolution_screening_5seed/res512/seed0/bpd-resolution-screening-5seed-res512-seed0_final_swapmin_per_image.csv
/mnt/d/download/Project coding/EOMT/checkpoint_backups/bpd_resolution_screening_5seed.tar	bpd_resolution_screening_5seed/res512/seed0/bpd-resolution-screening-5seed-res512-seed0_final_fixedchannel_test_log.txt
/mnt/d/download/Project coding/EOMT/checkpoint_backups/bpd_resolution_screening_5seed.tar	bpd_resolution_screening_5seed/res512/seed0/bpd-resolution-screening-5seed-res512-seed0_final_fixedchannel_per_image.csv
/mnt/d/download/Project coding/EOMT/checkpoint_backups/bpd_resolution_screening_5seed.tar	bpd_resolution_screening_5seed/res512/seed123/
/mnt/d/download/Project coding/EOMT/checkpoint_backups/bpd_resolution_screening_5seed.tar	bpd_resolution_screening_5seed/res512/seed123/bpd-resolution-screening-5seed-res512-seed123_best.ckpt
/mnt/d/download/Project coding/EOMT/checkpoint_backups/bpd_resolution_screening_5seed.tar	bpd_resolution_screening_5seed/res512/seed123/bpd-resolution-screening-5seed-res512-seed123_final.ckpt
/mnt/d/download/Project coding/EOMT/checkpoint_backups/bpd_resolution_screening_5seed.tar	bpd_resolution_screening_5seed/res512/seed123/bpd-resolution-screening-5seed-res512-seed123_config.yaml
/mnt/d/download/Project coding/EOMT/checkpoint_backups/bpd_resolution_screening_5seed.tar	bpd_resolution_screening_5seed/res512/seed123/test_image_order.csv
/mnt/d/download/Project coding/EOMT/checkpoint_backups/bpd_resolution_screening_5seed.tar	bpd_resolution_screening_5seed/res512/seed123/bpd-resolution-screening-5seed-res512-seed123_best_swapmin_test_log.txt
/mnt/d/download/Project coding/EOMT/checkpoint_backups/bpd_resolution_screening_5seed.tar	bpd_resolution_screening_5seed/res512/seed123/bpd-resolution-screening-5seed-res512-seed123_best_swapmin_per_image.csv
/mnt/d/download/Project coding/EOMT/checkpoint_backups/bpd_resolution_screening_5seed.tar	bpd_resolution_screening_5seed/res512/seed123/bpd-resolution-screening-5seed-res512-seed123_best_fixedchannel_test_log.txt
/mnt/d/download/Project coding/EOMT/checkpoint_backups/bpd_resolution_screening_5seed.tar	bpd_resolution_screening_5seed/res512/seed123/bpd-resolution-screening-5seed-res512-seed123_best_fixedchannel_per_image.csv
/mnt/d/download/Project coding/EOMT/checkpoint_backups/bpd_resolution_screening_5seed.tar	bpd_resolution_screening_5seed/res512/seed123/bpd-resolution-screening-5seed-res512-seed123_final_swapmin_test_log.txt
/mnt/d/download/Project coding/EOMT/checkpoint_backups/bpd_resolution_screening_5seed.tar	bpd_resolution_screening_5seed/res512/seed123/bpd-resolution-screening-5seed-res512-seed123_final_swapmin_per_image.csv
/mnt/d/download/Project coding/EOMT/checkpoint_backups/bpd_resolution_screening_5seed.tar	bpd_resolution_screening_5seed/res512/seed123/bpd-resolution-screening-5seed-res512-seed123_final_fixedchannel_test_log.txt
/mnt/d/download/Project coding/EOMT/checkpoint_backups/bpd_resolution_screening_5seed.tar	bpd_resolution_screening_5seed/res512/seed123/bpd-resolution-screening-5seed-res512-seed123_final_fixedchannel_per_image.csv
/mnt/d/download/Project coding/EOMT/checkpoint_backups/bpd_resolution_screening_5seed.tar	bpd_resolution_screening_5seed/res512/seed3407/
/mnt/d/download/Project coding/EOMT/checkpoint_backups/bpd_resolution_screening_5seed.tar	bpd_resolution_screening_5seed/res512/seed3407/bpd-resolution-screening-5seed-res512-seed3407_best.ckpt
/mnt/d/download/Project coding/EOMT/checkpoint_backups/bpd_resolution_screening_5seed.tar	bpd_resolution_screening_5seed/res512/seed3407/bpd-resolution-screening-5seed-res512-seed3407_final.ckpt
/mnt/d/download/Project coding/EOMT/checkpoint_backups/bpd_resolution_screening_5seed.tar	bpd_resolution_screening_5seed/res512/seed3407/bpd-resolution-screening-5seed-res512-seed3407_config.yaml
/mnt/d/download/Project coding/EOMT/checkpoint_backups/bpd_resolution_screening_5seed.tar	bpd_resolution_screening_5seed/res512/seed3407/test_image_order.csv
/mnt/d/download/Project coding/EOMT/checkpoint_backups/bpd_resolution_screening_5seed.tar	bpd_resolution_screening_5seed/res512/seed3407/bpd-resolution-screening-5seed-res512-seed3407_best_swapmin_test_log.txt
/mnt/d/download/Project coding/EOMT/checkpoint_backups/bpd_resolution_screening_5seed.tar	bpd_resolution_screening_5seed/res512/seed3407/bpd-resolution-screening-5seed-res512-seed3407_best_swapmin_per_image.csv
/mnt/d/download/Project coding/EOMT/checkpoint_backups/bpd_resolution_screening_5seed.tar	bpd_resolution_screening_5seed/res512/seed3407/bpd-resolution-screening-5seed-res512-seed3407_best_fixedchannel_test_log.txt
/mnt/d/download/Project coding/EOMT/checkpoint_backups/bpd_resolution_screening_5seed.tar	bpd_resolution_screening_5seed/res512/seed3407/bpd-resolution-screening-5seed-res512-seed3407_best_fixedchannel_per_image.csv
/mnt/d/download/Project coding/EOMT/checkpoint_backups/bpd_resolution_screening_5seed.tar	bpd_resolution_screening_5seed/res512/seed3407/bpd-resolution-screening-5seed-res512-seed3407_final_swapmin_test_log.txt
/mnt/d/download/Project coding/EOMT/checkpoint_backups/bpd_resolution_screening_5seed.tar	bpd_resolution_screening_5seed/res512/seed3407/bpd-resolution-screening-5seed-res512-seed3407_final_swapmin_per_image.csv
/mnt/d/download/Project coding/EOMT/checkpoint_backups/bpd_resolution_screening_5seed.tar	bpd_resolution_screening_5seed/res512/seed3407/bpd-resolution-screening-5seed-res512-seed3407_final_fixedchannel_test_log.txt
/mnt/d/download/Project coding/EOMT/checkpoint_backups/bpd_resolution_screening_5seed.tar	bpd_resolution_screening_5seed/res512/seed3407/bpd-resolution-screening-5seed-res512-seed3407_final_fixedchannel_per_image.csv
/mnt/d/download/Project coding/EOMT/checkpoint_backups/endpoint-ordering-analysis.tar	results/
/mnt/d/download/Project coding/EOMT/checkpoint_backups/endpoint-ordering-analysis.tar	results/ucl_bpd_hrnet_per_image.csv
/mnt/d/download/Project coding/EOMT/checkpoint_backups/endpoint-ordering-analysis.tar	results/ucl_ofd_hrnet_per_image.csv
/mnt/d/download/Project coding/EOMT/checkpoint_backups/endpoint-ordering-analysis.tar	results/ucl_ofd_eomt_dinov2_per_image.csv
/mnt/d/download/Project coding/EOMT/checkpoint_backups/endpoint-ordering-analysis.tar	results/ucl_ofd_eomt_dinov3_per_image.csv
/mnt/d/download/Project coding/EOMT/checkpoint_backups/endpoint-ordering-analysis.tar	results/ucl_apad_hrnet_per_image.csv
/mnt/d/download/Project coding/EOMT/checkpoint_backups/endpoint-ordering-analysis.tar	results/ucl_apad_eomt_dinov2_per_image.csv
/mnt/d/download/Project coding/EOMT/checkpoint_backups/endpoint-ordering-analysis.tar	results/ucl_apad_eomt_dinov3_per_image.csv
/mnt/d/download/Project coding/EOMT/checkpoint_backups/endpoint-ordering-analysis.tar	results/ucl_tad_hrnet_per_image.csv
/mnt/d/download/Project coding/EOMT/checkpoint_backups/endpoint-ordering-analysis.tar	results/ucl_tad_eomt_dinov2_per_image.csv
/mnt/d/download/Project coding/EOMT/checkpoint_backups/endpoint-ordering-analysis.tar	results/ucl_tad_eomt_dinov3_per_image.csv
/mnt/d/download/Project coding/EOMT/checkpoint_backups/endpoint-ordering-analysis.tar	results/ucl_fl_hrnet_per_image.csv
/mnt/d/download/Project coding/EOMT/checkpoint_backups/endpoint-ordering-analysis.tar	results/ucl_fl_eomt_dinov2_per_image.csv
/mnt/d/download/Project coding/EOMT/checkpoint_backups/endpoint-ordering-analysis.tar	results/ucl_fl_eomt_dinov3_per_image.csv
/mnt/d/download/Project coding/EOMT/checkpoint_backups/endpoint-ordering-analysis.tar	results/multicentre_bpd_hrnet_per_image.csv
/mnt/d/download/Project coding/EOMT/checkpoint_backups/endpoint-ordering-analysis.tar	results/multicentre_bpd_eomt_dinov2_per_image.csv
/mnt/d/download/Project coding/EOMT/checkpoint_backups/endpoint-ordering-analysis.tar	results/multicentre_bpd_eomt_dinov3_per_image.csv
/mnt/d/download/Project coding/EOMT/checkpoint_backups/endpoint-ordering-analysis.tar	results/multicentre_ofd_hrnet_per_image.csv
/mnt/d/download/Project coding/EOMT/checkpoint_backups/endpoint-ordering-analysis.tar	results/multicentre_ofd_eomt_dinov2_per_image.csv
/mnt/d/download/Project coding/EOMT/checkpoint_backups/endpoint-ordering-analysis.tar	results/multicentre_ofd_eomt_dinov3_per_image.csv
/mnt/d/download/Project coding/EOMT/checkpoint_backups/endpoint-ordering-analysis.tar	results/multicentre_apad_hrnet_per_image.csv
/mnt/d/download/Project coding/EOMT/checkpoint_backups/endpoint-ordering-analysis.tar	results/multicentre_apad_eomt_dinov2_per_image.csv
/mnt/d/download/Project coding/EOMT/checkpoint_backups/endpoint-ordering-analysis.tar	results/multicentre_apad_eomt_dinov3_per_image.csv
/mnt/d/download/Project coding/EOMT/checkpoint_backups/endpoint-ordering-analysis.tar	results/multicentre_tad_hrnet_per_image.csv
/mnt/d/download/Project coding/EOMT/checkpoint_backups/endpoint-ordering-analysis.tar	results/multicentre_tad_eomt_dinov2_per_image.csv
/mnt/d/download/Project coding/EOMT/checkpoint_backups/endpoint-ordering-analysis.tar	results/multicentre_tad_eomt_dinov3_per_image.csv
/mnt/d/download/Project coding/EOMT/checkpoint_backups/endpoint-ordering-analysis.tar	results/multicentre_fl_hrnet_per_image.csv
/mnt/d/download/Project coding/EOMT/checkpoint_backups/endpoint-ordering-analysis.tar	results/multicentre_fl_eomt_dinov2_per_image.csv
/mnt/d/download/Project coding/EOMT/checkpoint_backups/endpoint-ordering-analysis.tar	results/multicentre_fl_eomt_dinov3_per_image.csv
/mnt/d/download/Project coding/EOMT/checkpoint_backups/endpoint-ordering-analysis.tar	results/endpoint_ordering_seed_summary.tsv
/mnt/d/download/Project coding/EOMT/checkpoint_backups/endpoint-ordering-analysis.tar	results/endpoint_ordering_summary.tsv
/mnt/d/download/Project coding/EOMT/checkpoint_backups/endpoint-ordering-analysis.tar	results/dod_vectors.tsv
/mnt/d/download/Project coding/EOMT/checkpoint_backups/endpoint-ordering-analysis.tar	results/excluded_images.tsv
/mnt/d/download/Project coding/EOMT/checkpoint_backups/endpoint-ordering-analysis.tar	results/cross_method_gt_consistency_warnings.tsv
/mnt/d/download/Project coding/EOMT/checkpoint_backups/eomt-multicentre-common-subset.tar	eomt_common_subset/
/mnt/d/download/Project coding/EOMT/checkpoint_backups/eomt-multicentre-common-subset.tar	eomt_common_subset/multicentre-bpd-dinov2-seed42_final_fixedchannel_common_subset.csv
/mnt/d/download/Project coding/EOMT/checkpoint_backups/eomt-multicentre-common-subset.tar	eomt_common_subset/multicentre-bpd-dinov2-seed0_final_fixedchannel_common_subset.csv
/mnt/d/download/Project coding/EOMT/checkpoint_backups/eomt-multicentre-common-subset.tar	eomt_common_subset/multicentre-bpd-dinov2-seed123_final_fixedchannel_common_subset.csv
/mnt/d/download/Project coding/EOMT/checkpoint_backups/eomt-multicentre-common-subset.tar	eomt_common_subset/multicentre-bpd-dinov2-seed2024_final_fixedchannel_common_subset.csv
/mnt/d/download/Project coding/EOMT/checkpoint_backups/eomt-multicentre-common-subset.tar	eomt_common_subset/multicentre-bpd-dinov2-seed3407_final_fixedchannel_common_subset.csv
/mnt/d/download/Project coding/EOMT/checkpoint_backups/eomt-multicentre-common-subset.tar	eomt_common_subset/multicentre-bpd-dinov3-seed42_final_fixedchannel_common_subset.csv
/mnt/d/download/Project coding/EOMT/checkpoint_backups/eomt-multicentre-common-subset.tar	eomt_common_subset/multicentre-bpd-dinov3-seed0_final_fixedchannel_common_subset.csv
/mnt/d/download/Project coding/EOMT/checkpoint_backups/eomt-multicentre-common-subset.tar	eomt_common_subset/multicentre-bpd-dinov3-seed123_final_fixedchannel_common_subset.csv
/mnt/d/download/Project coding/EOMT/checkpoint_backups/eomt-multicentre-common-subset.tar	eomt_common_subset/multicentre-bpd-dinov3-seed2024_final_fixedchannel_common_subset.csv
/mnt/d/download/Project coding/EOMT/checkpoint_backups/eomt-multicentre-common-subset.tar	eomt_common_subset/multicentre-bpd-dinov3-seed3407_final_fixedchannel_common_subset.csv
/mnt/d/download/Project coding/EOMT/checkpoint_backups/eomt-multicentre-common-subset.tar	eomt_common_subset/multicentre-ofd-dinov2-seed42_final_fixedchannel_common_subset.csv
/mnt/d/download/Project coding/EOMT/checkpoint_backups/eomt-multicentre-common-subset.tar	eomt_common_subset/multicentre-ofd-dinov2-seed0_final_fixedchannel_common_subset.csv
/mnt/d/download/Project coding/EOMT/checkpoint_backups/eomt-multicentre-common-subset.tar	eomt_common_subset/multicentre-ofd-dinov2-seed123_final_fixedchannel_common_subset.csv
/mnt/d/download/Project coding/EOMT/checkpoint_backups/eomt-multicentre-common-subset.tar	eomt_common_subset/multicentre-ofd-dinov2-seed2024_final_fixedchannel_common_subset.csv
/mnt/d/download/Project coding/EOMT/checkpoint_backups/eomt-multicentre-common-subset.tar	eomt_common_subset/multicentre-ofd-dinov2-seed3407_final_fixedchannel_common_subset.csv
/mnt/d/download/Project coding/EOMT/checkpoint_backups/eomt-multicentre-common-subset.tar	eomt_common_subset/multicentre-ofd-dinov3-seed42_final_fixedchannel_common_subset.csv
/mnt/d/download/Project coding/EOMT/checkpoint_backups/eomt-multicentre-common-subset.tar	eomt_common_subset/multicentre-ofd-dinov3-seed0_final_fixedchannel_common_subset.csv
/mnt/d/download/Project coding/EOMT/checkpoint_backups/eomt-multicentre-common-subset.tar	eomt_common_subset/multicentre-ofd-dinov3-seed123_final_fixedchannel_common_subset.csv
/mnt/d/download/Project coding/EOMT/checkpoint_backups/eomt-multicentre-common-subset.tar	eomt_common_subset/multicentre-ofd-dinov3-seed2024_final_fixedchannel_common_subset.csv
/mnt/d/download/Project coding/EOMT/checkpoint_backups/eomt-multicentre-common-subset.tar	eomt_common_subset/multicentre-ofd-dinov3-seed3407_final_fixedchannel_common_subset.csv
/mnt/d/download/Project coding/EOMT/checkpoint_backups/eomt-multicentre-common-subset.tar	eomt_common_subset/eomt_common_subset_per_seed.tsv
/mnt/d/download/Project coding/EOMT/checkpoint_backups/eomt-multicentre-common-subset.tar	eomt_common_subset/eomt_common_subset_summary.tsv
/mnt/d/download/Project coding/EOMT/checkpoint_backups/eomt-multicentre-common-subset.tar	common_eval_manifests/
/mnt/d/download/Project coding/EOMT/checkpoint_backups/eomt-multicentre-common-subset.tar	common_eval_manifests/multicentre_bpd_valid_filenames.txt
/mnt/d/download/Project coding/EOMT/checkpoint_backups/eomt-multicentre-common-subset.tar	common_eval_manifests/multicentre_ofd_valid_filenames.txt
/mnt/d/download/Project coding/EOMT/checkpoint_backups/fpn_udp_loaderseed_ablation.tar	fpn_udp_loaderseed_ablation/
/mnt/d/download/Project coding/EOMT/checkpoint_backups/fpn_udp_loaderseed_ablation.tar	fpn_udp_loaderseed_ablation/seed0/
/mnt/d/download/Project coding/EOMT/checkpoint_backups/fpn_udp_loaderseed_ablation.tar	fpn_udp_loaderseed_ablation/seed0/seed0_best.ckpt
/mnt/d/download/Project coding/EOMT/checkpoint_backups/fpn_udp_loaderseed_ablation.tar	fpn_udp_loaderseed_ablation/seed0/seed0_final.ckpt
/mnt/d/download/Project coding/EOMT/checkpoint_backups/fpn_udp_loaderseed_ablation.tar	fpn_udp_loaderseed_ablation/seed0/seed0_config.yaml
/mnt/d/download/Project coding/EOMT/checkpoint_backups/fpn_udp_loaderseed_ablation.tar	fpn_udp_loaderseed_ablation/seed0/seed0_best_test_log.txt
/mnt/d/download/Project coding/EOMT/checkpoint_backups/fpn_udp_loaderseed_ablation.tar	fpn_udp_loaderseed_ablation/seed0/seed0_best_test_nme.txt
/mnt/d/download/Project coding/EOMT/checkpoint_backups/fpn_udp_loaderseed_ablation.tar	fpn_udp_loaderseed_ablation/seed0/seed0_final_test_log.txt
/mnt/d/download/Project coding/EOMT/checkpoint_backups/fpn_udp_loaderseed_ablation.tar	fpn_udp_loaderseed_ablation/seed0/seed0_final_test_nme.txt
/mnt/d/download/Project coding/EOMT/checkpoint_backups/fpn_udp_loaderseed_ablation.tar	fpn_udp_loaderseed_ablation/seed123/
/mnt/d/download/Project coding/EOMT/checkpoint_backups/fpn_udp_loaderseed_ablation.tar	fpn_udp_loaderseed_ablation/seed123/seed123_best.ckpt
/mnt/d/download/Project coding/EOMT/checkpoint_backups/fpn_udp_loaderseed_ablation.tar	fpn_udp_loaderseed_ablation/seed123/seed123_final.ckpt
/mnt/d/download/Project coding/EOMT/checkpoint_backups/fpn_udp_loaderseed_ablation.tar	fpn_udp_loaderseed_ablation/seed123/seed123_config.yaml
/mnt/d/download/Project coding/EOMT/checkpoint_backups/fpn_udp_loaderseed_ablation.tar	fpn_udp_loaderseed_ablation/seed123/seed123_best_test_log.txt
/mnt/d/download/Project coding/EOMT/checkpoint_backups/fpn_udp_loaderseed_ablation.tar	fpn_udp_loaderseed_ablation/seed123/seed123_best_test_nme.txt
/mnt/d/download/Project coding/EOMT/checkpoint_backups/fpn_udp_loaderseed_ablation.tar	fpn_udp_loaderseed_ablation/seed123/seed123_final_test_log.txt
/mnt/d/download/Project coding/EOMT/checkpoint_backups/fpn_udp_loaderseed_ablation.tar	fpn_udp_loaderseed_ablation/seed123/seed123_final_test_nme.txt
/mnt/d/download/Project coding/EOMT/checkpoint_backups/fpn_udp_loaderseed_ablation.tar	fpn_udp_loaderseed_ablation/seed2024/
/mnt/d/download/Project coding/EOMT/checkpoint_backups/fpn_udp_loaderseed_ablation.tar	fpn_udp_loaderseed_ablation/seed2024/seed2024_best.ckpt
/mnt/d/download/Project coding/EOMT/checkpoint_backups/fpn_udp_loaderseed_ablation.tar	fpn_udp_loaderseed_ablation/seed2024/seed2024_final.ckpt
/mnt/d/download/Project coding/EOMT/checkpoint_backups/fpn_udp_loaderseed_ablation.tar	fpn_udp_loaderseed_ablation/seed2024/seed2024_config.yaml
/mnt/d/download/Project coding/EOMT/checkpoint_backups/fpn_udp_loaderseed_ablation.tar	fpn_udp_loaderseed_ablation/seed2024/seed2024_best_test_log.txt
/mnt/d/download/Project coding/EOMT/checkpoint_backups/fpn_udp_loaderseed_ablation.tar	fpn_udp_loaderseed_ablation/seed2024/seed2024_best_test_nme.txt
/mnt/d/download/Project coding/EOMT/checkpoint_backups/fpn_udp_loaderseed_ablation.tar	fpn_udp_loaderseed_ablation/seed2024/seed2024_final_test_log.txt
/mnt/d/download/Project coding/EOMT/checkpoint_backups/fpn_udp_loaderseed_ablation.tar	fpn_udp_loaderseed_ablation/seed2024/seed2024_final_test_nme.txt
/mnt/d/download/Project coding/EOMT/checkpoint_backups/fpn_udp_loaderseed_ablation.tar	fpn_udp_loaderseed_ablation/seed3407/
/mnt/d/download/Project coding/EOMT/checkpoint_backups/fpn_udp_loaderseed_ablation.tar	fpn_udp_loaderseed_ablation/seed3407/seed3407_best.ckpt
/mnt/d/download/Project coding/EOMT/checkpoint_backups/fpn_udp_loaderseed_ablation.tar	fpn_udp_loaderseed_ablation/seed3407/seed3407_final.ckpt
/mnt/d/download/Project coding/EOMT/checkpoint_backups/fpn_udp_loaderseed_ablation.tar	fpn_udp_loaderseed_ablation/seed3407/seed3407_config.yaml
/mnt/d/download/Project coding/EOMT/checkpoint_backups/fpn_udp_loaderseed_ablation.tar	fpn_udp_loaderseed_ablation/seed3407/seed3407_best_test_log.txt
/mnt/d/download/Project coding/EOMT/checkpoint_backups/fpn_udp_loaderseed_ablation.tar	fpn_udp_loaderseed_ablation/seed3407/seed3407_best_test_nme.txt
/mnt/d/download/Project coding/EOMT/checkpoint_backups/fpn_udp_loaderseed_ablation.tar	fpn_udp_loaderseed_ablation/seed3407/seed3407_final_test_log.txt
/mnt/d/download/Project coding/EOMT/checkpoint_backups/fpn_udp_loaderseed_ablation.tar	fpn_udp_loaderseed_ablation/seed3407/seed3407_final_test_nme.txt
/mnt/d/download/Project coding/EOMT/checkpoint_backups/fpn_udp_loaderseed_ablation.tar	fpn_udp_loaderseed_ablation/seed42/
/mnt/d/download/Project coding/EOMT/checkpoint_backups/fpn_udp_loaderseed_ablation.tar	fpn_udp_loaderseed_ablation/seed42/seed42_best.ckpt
/mnt/d/download/Project coding/EOMT/checkpoint_backups/fpn_udp_loaderseed_ablation.tar	fpn_udp_loaderseed_ablation/seed42/seed42_final.ckpt
/mnt/d/download/Project coding/EOMT/checkpoint_backups/fpn_udp_loaderseed_ablation.tar	fpn_udp_loaderseed_ablation/seed42/seed42_config.yaml
/mnt/d/download/Project coding/EOMT/checkpoint_backups/fpn_udp_loaderseed_ablation.tar	fpn_udp_loaderseed_ablation/seed42/seed42_best_test_log.txt
/mnt/d/download/Project coding/EOMT/checkpoint_backups/fpn_udp_loaderseed_ablation.tar	fpn_udp_loaderseed_ablation/seed42/seed42_best_test_nme.txt
/mnt/d/download/Project coding/EOMT/checkpoint_backups/fpn_udp_loaderseed_ablation.tar	fpn_udp_loaderseed_ablation/seed42/seed42_final_test_log.txt
/mnt/d/download/Project coding/EOMT/checkpoint_backups/fpn_udp_loaderseed_ablation.tar	fpn_udp_loaderseed_ablation/seed42/seed42_final_test_nme.txt
/mnt/d/download/Project coding/EOMT/checkpoint_backups/hrnet-512-fixed-50runs.tar	hrnet_512_fixed_5seed/
/mnt/d/download/Project coding/EOMT/checkpoint_backups/hrnet-512-fixed-50runs.tar	hrnet_512_fixed_5seed/output/
/mnt/d/download/Project coding/EOMT/checkpoint_backups/hrnet-512-fixed-50runs.tar	hrnet_512_fixed_5seed/output/FETAL/
/mnt/d/download/Project coding/EOMT/checkpoint_backups/hrnet-512-fixed-50runs.tar	hrnet_512_fixed_5seed/output/FETAL/fetal_landmark_hrnet_w18_UCL_brain_BPD_seed42_512fixed/
/mnt/d/download/Project coding/EOMT/checkpoint_backups/hrnet-512-fixed-50runs.tar	hrnet_512_fixed_5seed/output/FETAL/fetal_landmark_hrnet_w18_UCL_brain_BPD_seed42_512fixed/fetal_landmark_hrnet_w18_UCL_brain_BPD_seed42_512fixed_2026-08-01-02-21_train.log
/mnt/d/download/Project coding/EOMT/checkpoint_backups/hrnet-512-fixed-50runs.tar	hrnet_512_fixed_5seed/output/FETAL/fetal_landmark_hrnet_w18_UCL_brain_BPD_seed42_512fixed/latest.pth
/mnt/d/download/Project coding/EOMT/checkpoint_backups/hrnet-512-fixed-50runs.tar	hrnet_512_fixed_5seed/output/FETAL/fetal_landmark_hrnet_w18_UCL_brain_BPD_seed42_512fixed/final_state.pth
/mnt/d/download/Project coding/EOMT/checkpoint_backups/hrnet-512-fixed-50runs.tar	hrnet_512_fixed_5seed/output/FETAL/fetal_landmark_hrnet_w18_UCL_brain_BPD_seed42_512fixed/predictions.pth
/mnt/d/download/Project coding/EOMT/checkpoint_backups/hrnet-512-fixed-50runs.tar	hrnet_512_fixed_5seed/output/FETAL/fetal_landmark_hrnet_w18_UCL_brain_BPD_seed42_512fixed/fixed_channel_per_image.csv
/mnt/d/download/Project coding/EOMT/checkpoint_backups/hrnet-512-fixed-50runs.tar	hrnet_512_fixed_5seed/output/FETAL/fetal_landmark_hrnet_w18_UCL_brain_BPD_seed42_512fixed/fixed_channel_summary.json
/mnt/d/download/Project coding/EOMT/checkpoint_backups/hrnet-512-fixed-50runs.tar	hrnet_512_fixed_5seed/output/FETAL/fetal_landmark_hrnet_w18_UCL_brain_BPD_seed42_512fixed/fetal_landmark_hrnet_w18_UCL_brain_BPD_seed42_512fixed_2026-08-01-02-39_test.log
/mnt/d/download/Project coding/EOMT/checkpoint_backups/hrnet-512-fixed-50runs.tar	hrnet_512_fixed_5seed/output/FETAL/fetal_landmark_hrnet_w18_UCL_brain_BPD_seed0_512fixed/
/mnt/d/download/Project coding/EOMT/checkpoint_backups/hrnet-512-fixed-50runs.tar	hrnet_512_fixed_5seed/output/FETAL/fetal_landmark_hrnet_w18_UCL_brain_BPD_seed0_512fixed/fetal_landmark_hrnet_w18_UCL_brain_BPD_seed0_512fixed_2026-08-01-02-40_train.log
/mnt/d/download/Project coding/EOMT/checkpoint_backups/hrnet-512-fixed-50runs.tar	hrnet_512_fixed_5seed/output/FETAL/fetal_landmark_hrnet_w18_UCL_brain_BPD_seed0_512fixed/fixed_channel_per_image.csv
/mnt/d/download/Project coding/EOMT/checkpoint_backups/hrnet-512-fixed-50runs.tar	hrnet_512_fixed_5seed/output/FETAL/fetal_landmark_hrnet_w18_UCL_brain_BPD_seed0_512fixed/fetal_landmark_hrnet_w18_UCL_brain_BPD_seed0_512fixed_2026-08-01-02-59_test.log
/mnt/d/download/Project coding/EOMT/checkpoint_backups/hrnet-512-fixed-50runs.tar	hrnet_512_fixed_5seed/output/FETAL/fetal_landmark_hrnet_w18_UCL_brain_BPD_seed0_512fixed/latest.pth
/mnt/d/download/Project coding/EOMT/checkpoint_backups/hrnet-512-fixed-50runs.tar	hrnet_512_fixed_5seed/output/FETAL/fetal_landmark_hrnet_w18_UCL_brain_BPD_seed0_512fixed/final_state.pth
/mnt/d/download/Project coding/EOMT/checkpoint_backups/hrnet-512-fixed-50runs.tar	hrnet_512_fixed_5seed/output/FETAL/fetal_landmark_hrnet_w18_UCL_brain_BPD_seed0_512fixed/predictions.pth
/mnt/d/download/Project coding/EOMT/checkpoint_backups/hrnet-512-fixed-50runs.tar	hrnet_512_fixed_5seed/output/FETAL/fetal_landmark_hrnet_w18_UCL_brain_BPD_seed0_512fixed/fixed_channel_summary.json
/mnt/d/download/Project coding/EOMT/checkpoint_backups/hrnet-512-fixed-50runs.tar	hrnet_512_fixed_5seed/output/FETAL/fetal_landmark_hrnet_w18_UCL_brain_BPD_seed123_512fixed/
/mnt/d/download/Project coding/EOMT/checkpoint_backups/hrnet-512-fixed-50runs.tar	hrnet_512_fixed_5seed/output/FETAL/fetal_landmark_hrnet_w18_UCL_brain_BPD_seed123_512fixed/fetal_landmark_hrnet_w18_UCL_brain_BPD_seed123_512fixed_2026-08-01-02-59_train.log
/mnt/d/download/Project coding/EOMT/checkpoint_backups/hrnet-512-fixed-50runs.tar	hrnet_512_fixed_5seed/output/FETAL/fetal_landmark_hrnet_w18_UCL_brain_BPD_seed123_512fixed/latest.pth
/mnt/d/download/Project coding/EOMT/checkpoint_backups/hrnet-512-fixed-50runs.tar	hrnet_512_fixed_5seed/output/FETAL/fetal_landmark_hrnet_w18_UCL_brain_BPD_seed123_512fixed/final_state.pth
/mnt/d/download/Project coding/EOMT/checkpoint_backups/hrnet-512-fixed-50runs.tar	hrnet_512_fixed_5seed/output/FETAL/fetal_landmark_hrnet_w18_UCL_brain_BPD_seed123_512fixed/predictions.pth
/mnt/d/download/Project coding/EOMT/checkpoint_backups/hrnet-512-fixed-50runs.tar	hrnet_512_fixed_5seed/output/FETAL/fetal_landmark_hrnet_w18_UCL_brain_BPD_seed123_512fixed/fixed_channel_per_image.csv
/mnt/d/download/Project coding/EOMT/checkpoint_backups/hrnet-512-fixed-50runs.tar	hrnet_512_fixed_5seed/output/FETAL/fetal_landmark_hrnet_w18_UCL_brain_BPD_seed123_512fixed/fixed_channel_summary.json
/mnt/d/download/Project coding/EOMT/checkpoint_backups/hrnet-512-fixed-50runs.tar	hrnet_512_fixed_5seed/output/FETAL/fetal_landmark_hrnet_w18_UCL_brain_BPD_seed123_512fixed/fetal_landmark_hrnet_w18_UCL_brain_BPD_seed123_512fixed_2026-08-01-03-18_test.log
/mnt/d/download/Project coding/EOMT/checkpoint_backups/hrnet-512-fixed-50runs.tar	hrnet_512_fixed_5seed/output/FETAL/fetal_landmark_hrnet_w18_UCL_brain_BPD_seed2024_512fixed/
/mnt/d/download/Project coding/EOMT/checkpoint_backups/hrnet-512-fixed-50runs.tar	hrnet_512_fixed_5seed/output/FETAL/fetal_landmark_hrnet_w18_UCL_brain_BPD_seed2024_512fixed/fetal_landmark_hrnet_w18_UCL_brain_BPD_seed2024_512fixed_2026-08-01-03-18_train.log
/mnt/d/download/Project coding/EOMT/checkpoint_backups/hrnet-512-fixed-50runs.tar	hrnet_512_fixed_5seed/output/FETAL/fetal_landmark_hrnet_w18_UCL_brain_BPD_seed2024_512fixed/fixed_channel_per_image.csv
/mnt/d/download/Project coding/EOMT/checkpoint_backups/hrnet-512-fixed-50runs.tar	hrnet_512_fixed_5seed/output/FETAL/fetal_landmark_hrnet_w18_UCL_brain_BPD_seed2024_512fixed/latest.pth
/mnt/d/download/Project coding/EOMT/checkpoint_backups/hrnet-512-fixed-50runs.tar	hrnet_512_fixed_5seed/output/FETAL/fetal_landmark_hrnet_w18_UCL_brain_BPD_seed2024_512fixed/fetal_landmark_hrnet_w18_UCL_brain_BPD_seed2024_512fixed_2026-08-01-03-38_test.log
/mnt/d/download/Project coding/EOMT/checkpoint_backups/hrnet-512-fixed-50runs.tar	hrnet_512_fixed_5seed/output/FETAL/fetal_landmark_hrnet_w18_UCL_brain_BPD_seed2024_512fixed/final_state.pth
/mnt/d/download/Project coding/EOMT/checkpoint_backups/hrnet-512-fixed-50runs.tar	hrnet_512_fixed_5seed/output/FETAL/fetal_landmark_hrnet_w18_UCL_brain_BPD_seed2024_512fixed/predictions.pth
/mnt/d/download/Project coding/EOMT/checkpoint_backups/hrnet-512-fixed-50runs.tar	hrnet_512_fixed_5seed/output/FETAL/fetal_landmark_hrnet_w18_UCL_brain_BPD_seed2024_512fixed/fixed_channel_summary.json
/mnt/d/download/Project coding/EOMT/checkpoint_backups/hrnet-512-fixed-50runs.tar	hrnet_512_fixed_5seed/output/FETAL/fetal_landmark_hrnet_w18_UCL_brain_BPD_seed3407_512fixed/
/mnt/d/download/Project coding/EOMT/checkpoint_backups/hrnet-512-fixed-50runs.tar	hrnet_512_fixed_5seed/output/FETAL/fetal_landmark_hrnet_w18_UCL_brain_BPD_seed3407_512fixed/fetal_landmark_hrnet_w18_UCL_brain_BPD_seed3407_512fixed_2026-08-01-03-38_train.log
/mnt/d/download/Project coding/EOMT/checkpoint_backups/hrnet-512-fixed-50runs.tar	hrnet_512_fixed_5seed/output/FETAL/fetal_landmark_hrnet_w18_UCL_brain_BPD_seed3407_512fixed/final_state.pth
/mnt/d/download/Project coding/EOMT/checkpoint_backups/hrnet-512-fixed-50runs.tar	hrnet_512_fixed_5seed/output/FETAL/fetal_landmark_hrnet_w18_UCL_brain_BPD_seed3407_512fixed/predictions.pth
/mnt/d/download/Project coding/EOMT/checkpoint_backups/hrnet-512-fixed-50runs.tar	hrnet_512_fixed_5seed/output/FETAL/fetal_landmark_hrnet_w18_UCL_brain_BPD_seed3407_512fixed/fixed_channel_per_image.csv
/mnt/d/download/Project coding/EOMT/checkpoint_backups/hrnet-512-fixed-50runs.tar	hrnet_512_fixed_5seed/output/FETAL/fetal_landmark_hrnet_w18_UCL_brain_BPD_seed3407_512fixed/latest.pth
/mnt/d/download/Project coding/EOMT/checkpoint_backups/hrnet-512-fixed-50runs.tar	hrnet_512_fixed_5seed/output/FETAL/fetal_landmark_hrnet_w18_UCL_brain_BPD_seed3407_512fixed/fetal_landmark_hrnet_w18_UCL_brain_BPD_seed3407_512fixed_2026-08-01-03-57_test.log
/mnt/d/download/Project coding/EOMT/checkpoint_backups/hrnet-512-fixed-50runs.tar	hrnet_512_fixed_5seed/output/FETAL/fetal_landmark_hrnet_w18_UCL_brain_BPD_seed3407_512fixed/fixed_channel_summary.json
/mnt/d/download/Project coding/EOMT/checkpoint_backups/hrnet-512-fixed-50runs.tar	hrnet_512_fixed_5seed/output/FETAL/fetal_landmark_hrnet_w18_UCL_brain_OFD_seed42_512fixed/
/mnt/d/download/Project coding/EOMT/checkpoint_backups/hrnet-512-fixed-50runs.tar	hrnet_512_fixed_5seed/output/FETAL/fetal_landmark_hrnet_w18_UCL_brain_OFD_seed42_512fixed/fetal_landmark_hrnet_w18_UCL_brain_OFD_seed42_512fixed_2026-08-01-03-57_train.log
/mnt/d/download/Project coding/EOMT/checkpoint_backups/hrnet-512-fixed-50runs.tar	hrnet_512_fixed_5seed/output/FETAL/fetal_landmark_hrnet_w18_UCL_brain_OFD_seed42_512fixed/latest.pth
/mnt/d/download/Project coding/EOMT/checkpoint_backups/hrnet-512-fixed-50runs.tar	hrnet_512_fixed_5seed/output/FETAL/fetal_landmark_hrnet_w18_UCL_brain_OFD_seed42_512fixed/final_state.pth
/mnt/d/download/Project coding/EOMT/checkpoint_backups/hrnet-512-fixed-50runs.tar	hrnet_512_fixed_5seed/output/FETAL/fetal_landmark_hrnet_w18_UCL_brain_OFD_seed42_512fixed/fetal_landmark_hrnet_w18_UCL_brain_OFD_seed42_512fixed_2026-08-01-04-16_test.log
/mnt/d/download/Project coding/EOMT/checkpoint_backups/hrnet-512-fixed-50runs.tar	hrnet_512_fixed_5seed/output/FETAL/fetal_landmark_hrnet_w18_UCL_brain_OFD_seed42_512fixed/predictions.pth
/mnt/d/download/Project coding/EOMT/checkpoint_backups/hrnet-512-fixed-50runs.tar	hrnet_512_fixed_5seed/output/FETAL/fetal_landmark_hrnet_w18_UCL_brain_OFD_seed42_512fixed/fixed_channel_per_image.csv
/mnt/d/download/Project coding/EOMT/checkpoint_backups/hrnet-512-fixed-50runs.tar	hrnet_512_fixed_5seed/output/FETAL/fetal_landmark_hrnet_w18_UCL_brain_OFD_seed42_512fixed/fixed_channel_summary.json
/mnt/d/download/Project coding/EOMT/checkpoint_backups/hrnet-512-fixed-50runs.tar	hrnet_512_fixed_5seed/output/FETAL/fetal_landmark_hrnet_w18_UCL_brain_OFD_seed0_512fixed/
/mnt/d/download/Project coding/EOMT/checkpoint_backups/hrnet-512-fixed-50runs.tar	hrnet_512_fixed_5seed/output/FETAL/fetal_landmark_hrnet_w18_UCL_brain_OFD_seed0_512fixed/fetal_landmark_hrnet_w18_UCL_brain_OFD_seed0_512fixed_2026-08-01-04-17_train.log
/mnt/d/download/Project coding/EOMT/checkpoint_backups/hrnet-512-fixed-50runs.tar	hrnet_512_fixed_5seed/output/FETAL/fetal_landmark_hrnet_w18_UCL_brain_OFD_seed0_512fixed/fetal_landmark_hrnet_w18_UCL_brain_OFD_seed0_512fixed_2026-08-01-04-36_test.log
/mnt/d/download/Project coding/EOMT/checkpoint_backups/hrnet-512-fixed-50runs.tar	hrnet_512_fixed_5seed/output/FETAL/fetal_landmark_hrnet_w18_UCL_brain_OFD_seed0_512fixed/predictions.pth
/mnt/d/download/Project coding/EOMT/checkpoint_backups/hrnet-512-fixed-50runs.tar	hrnet_512_fixed_5seed/output/FETAL/fetal_landmark_hrnet_w18_UCL_brain_OFD_seed0_512fixed/fixed_channel_per_image.csv
/mnt/d/download/Project coding/EOMT/checkpoint_backups/hrnet-512-fixed-50runs.tar	hrnet_512_fixed_5seed/output/FETAL/fetal_landmark_hrnet_w18_UCL_brain_OFD_seed0_512fixed/latest.pth
/mnt/d/download/Project coding/EOMT/checkpoint_backups/hrnet-512-fixed-50runs.tar	hrnet_512_fixed_5seed/output/FETAL/fetal_landmark_hrnet_w18_UCL_brain_OFD_seed0_512fixed/final_state.pth
/mnt/d/download/Project coding/EOMT/checkpoint_backups/hrnet-512-fixed-50runs.tar	hrnet_512_fixed_5seed/output/FETAL/fetal_landmark_hrnet_w18_UCL_brain_OFD_seed0_512fixed/fixed_channel_summary.json
/mnt/d/download/Project coding/EOMT/checkpoint_backups/hrnet-512-fixed-50runs.tar	hrnet_512_fixed_5seed/output/FETAL/fetal_landmark_hrnet_w18_UCL_brain_OFD_seed123_512fixed/
/mnt/d/download/Project coding/EOMT/checkpoint_backups/hrnet-512-fixed-50runs.tar	hrnet_512_fixed_5seed/output/FETAL/fetal_landmark_hrnet_w18_UCL_brain_OFD_seed123_512fixed/fetal_landmark_hrnet_w18_UCL_brain_OFD_seed123_512fixed_2026-08-01-04-36_train.log
/mnt/d/download/Project coding/EOMT/checkpoint_backups/hrnet-512-fixed-50runs.tar	hrnet_512_fixed_5seed/output/FETAL/fetal_landmark_hrnet_w18_UCL_brain_OFD_seed123_512fixed/latest.pth
/mnt/d/download/Project coding/EOMT/checkpoint_backups/hrnet-512-fixed-50runs.tar	hrnet_512_fixed_5seed/output/FETAL/fetal_landmark_hrnet_w18_UCL_brain_OFD_seed123_512fixed/final_state.pth
/mnt/d/download/Project coding/EOMT/checkpoint_backups/hrnet-512-fixed-50runs.tar	hrnet_512_fixed_5seed/output/FETAL/fetal_landmark_hrnet_w18_UCL_brain_OFD_seed123_512fixed/fetal_landmark_hrnet_w18_UCL_brain_OFD_seed123_512fixed_2026-08-01-04-55_test.log
/mnt/d/download/Project coding/EOMT/checkpoint_backups/hrnet-512-fixed-50runs.tar	hrnet_512_fixed_5seed/output/FETAL/fetal_landmark_hrnet_w18_UCL_brain_OFD_seed123_512fixed/predictions.pth
/mnt/d/download/Project coding/EOMT/checkpoint_backups/hrnet-512-fixed-50runs.tar	hrnet_512_fixed_5seed/output/FETAL/fetal_landmark_hrnet_w18_UCL_brain_OFD_seed123_512fixed/fixed_channel_per_image.csv
/mnt/d/download/Project coding/EOMT/checkpoint_backups/hrnet-512-fixed-50runs.tar	hrnet_512_fixed_5seed/output/FETAL/fetal_landmark_hrnet_w18_UCL_brain_OFD_seed123_512fixed/fixed_channel_summary.json
/mnt/d/download/Project coding/EOMT/checkpoint_backups/hrnet-512-fixed-50runs.tar	hrnet_512_fixed_5seed/output/FETAL/fetal_landmark_hrnet_w18_UCL_brain_OFD_seed2024_512fixed/
/mnt/d/download/Project coding/EOMT/checkpoint_backups/hrnet-512-fixed-50runs.tar	hrnet_512_fixed_5seed/output/FETAL/fetal_landmark_hrnet_w18_UCL_brain_OFD_seed2024_512fixed/fetal_landmark_hrnet_w18_UCL_brain_OFD_seed2024_512fixed_2026-08-01-04-55_train.log
/mnt/d/download/Project coding/EOMT/checkpoint_backups/hrnet-512-fixed-50runs.tar	hrnet_512_fixed_5seed/output/FETAL/fetal_landmark_hrnet_w18_UCL_brain_OFD_seed2024_512fixed/latest.pth
/mnt/d/download/Project coding/EOMT/checkpoint_backups/hrnet-512-fixed-50runs.tar	hrnet_512_fixed_5seed/output/FETAL/fetal_landmark_hrnet_w18_UCL_brain_OFD_seed2024_512fixed/final_state.pth
/mnt/d/download/Project coding/EOMT/checkpoint_backups/hrnet-512-fixed-50runs.tar	hrnet_512_fixed_5seed/output/FETAL/fetal_landmark_hrnet_w18_UCL_brain_OFD_seed2024_512fixed/fetal_landmark_hrnet_w18_UCL_brain_OFD_seed2024_512fixed_2026-08-01-05-15_test.log
/mnt/d/download/Project coding/EOMT/checkpoint_backups/hrnet-512-fixed-50runs.tar	hrnet_512_fixed_5seed/output/FETAL/fetal_landmark_hrnet_w18_UCL_brain_OFD_seed2024_512fixed/predictions.pth
/mnt/d/download/Project coding/EOMT/checkpoint_backups/hrnet-512-fixed-50runs.tar	hrnet_512_fixed_5seed/output/FETAL/fetal_landmark_hrnet_w18_UCL_brain_OFD_seed2024_512fixed/fixed_channel_per_image.csv
/mnt/d/download/Project coding/EOMT/checkpoint_backups/hrnet-512-fixed-50runs.tar	hrnet_512_fixed_5seed/output/FETAL/fetal_landmark_hrnet_w18_UCL_brain_OFD_seed2024_512fixed/fixed_channel_summary.json
/mnt/d/download/Project coding/EOMT/checkpoint_backups/hrnet-512-fixed-50runs.tar	hrnet_512_fixed_5seed/output/FETAL/fetal_landmark_hrnet_w18_UCL_brain_OFD_seed3407_512fixed/
/mnt/d/download/Project coding/EOMT/checkpoint_backups/hrnet-512-fixed-50runs.tar	hrnet_512_fixed_5seed/output/FETAL/fetal_landmark_hrnet_w18_UCL_brain_OFD_seed3407_512fixed/fetal_landmark_hrnet_w18_UCL_brain_OFD_seed3407_512fixed_2026-08-01-05-15_train.log
/mnt/d/download/Project coding/EOMT/checkpoint_backups/hrnet-512-fixed-50runs.tar	hrnet_512_fixed_5seed/output/FETAL/fetal_landmark_hrnet_w18_UCL_brain_OFD_seed3407_512fixed/latest.pth
/mnt/d/download/Project coding/EOMT/checkpoint_backups/hrnet-512-fixed-50runs.tar	hrnet_512_fixed_5seed/output/FETAL/fetal_landmark_hrnet_w18_UCL_brain_OFD_seed3407_512fixed/final_state.pth
/mnt/d/download/Project coding/EOMT/checkpoint_backups/hrnet-512-fixed-50runs.tar	hrnet_512_fixed_5seed/output/FETAL/fetal_landmark_hrnet_w18_UCL_brain_OFD_seed3407_512fixed/fetal_landmark_hrnet_w18_UCL_brain_OFD_seed3407_512fixed_2026-08-01-05-34_test.log
/mnt/d/download/Project coding/EOMT/checkpoint_backups/hrnet-512-fixed-50runs.tar	hrnet_512_fixed_5seed/output/FETAL/fetal_landmark_hrnet_w18_UCL_brain_OFD_seed3407_512fixed/predictions.pth
/mnt/d/download/Project coding/EOMT/checkpoint_backups/hrnet-512-fixed-50runs.tar	hrnet_512_fixed_5seed/output/FETAL/fetal_landmark_hrnet_w18_UCL_brain_OFD_seed3407_512fixed/fixed_channel_per_image.csv
/mnt/d/download/Project coding/EOMT/checkpoint_backups/hrnet-512-fixed-50runs.tar	hrnet_512_fixed_5seed/output/FETAL/fetal_landmark_hrnet_w18_UCL_brain_OFD_seed3407_512fixed/fixed_channel_summary.json
/mnt/d/download/Project coding/EOMT/checkpoint_backups/hrnet-512-fixed-50runs.tar	hrnet_512_fixed_5seed/output/FETAL/fetal_landmark_hrnet_w18_UCL_abdomen_APAD_seed42_512fixed/
/mnt/d/download/Project coding/EOMT/checkpoint_backups/hrnet-512-fixed-50runs.tar	hrnet_512_fixed_5seed/output/FETAL/fetal_landmark_hrnet_w18_UCL_abdomen_APAD_seed42_512fixed/fetal_landmark_hrnet_w18_UCL_abdomen_APAD_seed42_512fixed_2026-08-01-05-34_train.log
/mnt/d/download/Project coding/EOMT/checkpoint_backups/hrnet-512-fixed-50runs.tar	hrnet_512_fixed_5seed/output/FETAL/fetal_landmark_hrnet_w18_UCL_abdomen_APAD_seed42_512fixed/latest.pth
/mnt/d/download/Project coding/EOMT/checkpoint_backups/hrnet-512-fixed-50runs.tar	hrnet_512_fixed_5seed/output/FETAL/fetal_landmark_hrnet_w18_UCL_abdomen_APAD_seed42_512fixed/final_state.pth
/mnt/d/download/Project coding/EOMT/checkpoint_backups/hrnet-512-fixed-50runs.tar	hrnet_512_fixed_5seed/output/FETAL/fetal_landmark_hrnet_w18_UCL_abdomen_APAD_seed42_512fixed/fetal_landmark_hrnet_w18_UCL_abdomen_APAD_seed42_512fixed_2026-08-01-05-52_test.log
/mnt/d/download/Project coding/EOMT/checkpoint_backups/hrnet-512-fixed-50runs.tar	hrnet_512_fixed_5seed/output/FETAL/fetal_landmark_hrnet_w18_UCL_abdomen_APAD_seed42_512fixed/predictions.pth
/mnt/d/download/Project coding/EOMT/checkpoint_backups/hrnet-512-fixed-50runs.tar	hrnet_512_fixed_5seed/output/FETAL/fetal_landmark_hrnet_w18_UCL_abdomen_APAD_seed42_512fixed/fixed_channel_per_image.csv
/mnt/d/download/Project coding/EOMT/checkpoint_backups/hrnet-512-fixed-50runs.tar	hrnet_512_fixed_5seed/output/FETAL/fetal_landmark_hrnet_w18_UCL_abdomen_APAD_seed42_512fixed/fixed_channel_summary.json
/mnt/d/download/Project coding/EOMT/checkpoint_backups/hrnet-512-fixed-50runs.tar	hrnet_512_fixed_5seed/output/FETAL/fetal_landmark_hrnet_w18_UCL_abdomen_APAD_seed0_512fixed/
/mnt/d/download/Project coding/EOMT/checkpoint_backups/hrnet-512-fixed-50runs.tar	hrnet_512_fixed_5seed/output/FETAL/fetal_landmark_hrnet_w18_UCL_abdomen_APAD_seed0_512fixed/fetal_landmark_hrnet_w18_UCL_abdomen_APAD_seed0_512fixed_2026-08-01-05-52_train.log
/mnt/d/download/Project coding/EOMT/checkpoint_backups/hrnet-512-fixed-50runs.tar	hrnet_512_fixed_5seed/output/FETAL/fetal_landmark_hrnet_w18_UCL_abdomen_APAD_seed0_512fixed/latest.pth
/mnt/d/download/Project coding/EOMT/checkpoint_backups/hrnet-512-fixed-50runs.tar	hrnet_512_fixed_5seed/output/FETAL/fetal_landmark_hrnet_w18_UCL_abdomen_APAD_seed0_512fixed/final_state.pth
/mnt/d/download/Project coding/EOMT/checkpoint_backups/hrnet-512-fixed-50runs.tar	hrnet_512_fixed_5seed/output/FETAL/fetal_landmark_hrnet_w18_UCL_abdomen_APAD_seed0_512fixed/fetal_landmark_hrnet_w18_UCL_abdomen_APAD_seed0_512fixed_2026-08-01-06-09_test.log
/mnt/d/download/Project coding/EOMT/checkpoint_backups/hrnet-512-fixed-50runs.tar	hrnet_512_fixed_5seed/output/FETAL/fetal_landmark_hrnet_w18_UCL_abdomen_APAD_seed0_512fixed/predictions.pth
/mnt/d/download/Project coding/EOMT/checkpoint_backups/hrnet-512-fixed-50runs.tar	hrnet_512_fixed_5seed/output/FETAL/fetal_landmark_hrnet_w18_UCL_abdomen_APAD_seed0_512fixed/fixed_channel_per_image.csv
/mnt/d/download/Project coding/EOMT/checkpoint_backups/hrnet-512-fixed-50runs.tar	hrnet_512_fixed_5seed/output/FETAL/fetal_landmark_hrnet_w18_UCL_abdomen_APAD_seed0_512fixed/fixed_channel_summary.json
/mnt/d/download/Project coding/EOMT/checkpoint_backups/hrnet-512-fixed-50runs.tar	hrnet_512_fixed_5seed/output/FETAL/fetal_landmark_hrnet_w18_UCL_abdomen_APAD_seed123_512fixed/
/mnt/d/download/Project coding/EOMT/checkpoint_backups/hrnet-512-fixed-50runs.tar	hrnet_512_fixed_5seed/output/FETAL/fetal_landmark_hrnet_w18_UCL_abdomen_APAD_seed123_512fixed/fetal_landmark_hrnet_w18_UCL_abdomen_APAD_seed123_512fixed_2026-08-01-06-09_train.log
/mnt/d/download/Project coding/EOMT/checkpoint_backups/hrnet-512-fixed-50runs.tar	hrnet_512_fixed_5seed/output/FETAL/fetal_landmark_hrnet_w18_UCL_abdomen_APAD_seed123_512fixed/fetal_landmark_hrnet_w18_UCL_abdomen_APAD_seed123_512fixed_2026-08-01-06-26_test.log
/mnt/d/download/Project coding/EOMT/checkpoint_backups/hrnet-512-fixed-50runs.tar	hrnet_512_fixed_5seed/output/FETAL/fetal_landmark_hrnet_w18_UCL_abdomen_APAD_seed123_512fixed/fixed_channel_summary.json
/mnt/d/download/Project coding/EOMT/checkpoint_backups/hrnet-512-fixed-50runs.tar	hrnet_512_fixed_5seed/output/FETAL/fetal_landmark_hrnet_w18_UCL_abdomen_APAD_seed123_512fixed/latest.pth
/mnt/d/download/Project coding/EOMT/checkpoint_backups/hrnet-512-fixed-50runs.tar	hrnet_512_fixed_5seed/output/FETAL/fetal_landmark_hrnet_w18_UCL_abdomen_APAD_seed123_512fixed/final_state.pth
/mnt/d/download/Project coding/EOMT/checkpoint_backups/hrnet-512-fixed-50runs.tar	hrnet_512_fixed_5seed/output/FETAL/fetal_landmark_hrnet_w18_UCL_abdomen_APAD_seed123_512fixed/predictions.pth
/mnt/d/download/Project coding/EOMT/checkpoint_backups/hrnet-512-fixed-50runs.tar	hrnet_512_fixed_5seed/output/FETAL/fetal_landmark_hrnet_w18_UCL_abdomen_APAD_seed123_512fixed/fixed_channel_per_image.csv
/mnt/d/download/Project coding/EOMT/checkpoint_backups/hrnet-512-fixed-50runs.tar	hrnet_512_fixed_5seed/output/FETAL/fetal_landmark_hrnet_w18_UCL_abdomen_APAD_seed2024_512fixed/
/mnt/d/download/Project coding/EOMT/checkpoint_backups/hrnet-512-fixed-50runs.tar	hrnet_512_fixed_5seed/output/FETAL/fetal_landmark_hrnet_w18_UCL_abdomen_APAD_seed2024_512fixed/fetal_landmark_hrnet_w18_UCL_abdomen_APAD_seed2024_512fixed_2026-08-01-06-27_train.log
/mnt/d/download/Project coding/EOMT/checkpoint_backups/hrnet-512-fixed-50runs.tar	hrnet_512_fixed_5seed/output/FETAL/fetal_landmark_hrnet_w18_UCL_abdomen_APAD_seed2024_512fixed/latest.pth
/mnt/d/download/Project coding/EOMT/checkpoint_backups/hrnet-512-fixed-50runs.tar	hrnet_512_fixed_5seed/output/FETAL/fetal_landmark_hrnet_w18_UCL_abdomen_APAD_seed2024_512fixed/final_state.pth
/mnt/d/download/Project coding/EOMT/checkpoint_backups/hrnet-512-fixed-50runs.tar	hrnet_512_fixed_5seed/output/FETAL/fetal_landmark_hrnet_w18_UCL_abdomen_APAD_seed2024_512fixed/fetal_landmark_hrnet_w18_UCL_abdomen_APAD_seed2024_512fixed_2026-08-01-06-44_test.log
/mnt/d/download/Project coding/EOMT/checkpoint_backups/hrnet-512-fixed-50runs.tar	hrnet_512_fixed_5seed/output/FETAL/fetal_landmark_hrnet_w18_UCL_abdomen_APAD_seed2024_512fixed/predictions.pth
/mnt/d/download/Project coding/EOMT/checkpoint_backups/hrnet-512-fixed-50runs.tar	hrnet_512_fixed_5seed/output/FETAL/fetal_landmark_hrnet_w18_UCL_abdomen_APAD_seed2024_512fixed/fixed_channel_per_image.csv
/mnt/d/download/Project coding/EOMT/checkpoint_backups/hrnet-512-fixed-50runs.tar	hrnet_512_fixed_5seed/output/FETAL/fetal_landmark_hrnet_w18_UCL_abdomen_APAD_seed2024_512fixed/fixed_channel_summary.json
/mnt/d/download/Project coding/EOMT/checkpoint_backups/hrnet-512-fixed-50runs.tar	hrnet_512_fixed_5seed/output/FETAL/fetal_landmark_hrnet_w18_UCL_abdomen_APAD_seed3407_512fixed/
/mnt/d/download/Project coding/EOMT/checkpoint_backups/hrnet-512-fixed-50runs.tar	hrnet_512_fixed_5seed/output/FETAL/fetal_landmark_hrnet_w18_UCL_abdomen_APAD_seed3407_512fixed/fetal_landmark_hrnet_w18_UCL_abdomen_APAD_seed3407_512fixed_2026-08-01-06-44_train.log
/mnt/d/download/Project coding/EOMT/checkpoint_backups/hrnet-512-fixed-50runs.tar	hrnet_512_fixed_5seed/output/FETAL/fetal_landmark_hrnet_w18_UCL_abdomen_APAD_seed3407_512fixed/latest.pth
/mnt/d/download/Project coding/EOMT/checkpoint_backups/hrnet-512-fixed-50runs.tar	hrnet_512_fixed_5seed/output/FETAL/fetal_landmark_hrnet_w18_UCL_abdomen_APAD_seed3407_512fixed/final_state.pth
/mnt/d/download/Project coding/EOMT/checkpoint_backups/hrnet-512-fixed-50runs.tar	hrnet_512_fixed_5seed/output/FETAL/fetal_landmark_hrnet_w18_UCL_abdomen_APAD_seed3407_512fixed/fetal_landmark_hrnet_w18_UCL_abdomen_APAD_seed3407_512fixed_2026-08-01-07-02_test.log
/mnt/d/download/Project coding/EOMT/checkpoint_backups/hrnet-512-fixed-50runs.tar	hrnet_512_fixed_5seed/output/FETAL/fetal_landmark_hrnet_w18_UCL_abdomen_APAD_seed3407_512fixed/predictions.pth
/mnt/d/download/Project coding/EOMT/checkpoint_backups/hrnet-512-fixed-50runs.tar	hrnet_512_fixed_5seed/output/FETAL/fetal_landmark_hrnet_w18_UCL_abdomen_APAD_seed3407_512fixed/fixed_channel_per_image.csv
/mnt/d/download/Project coding/EOMT/checkpoint_backups/hrnet-512-fixed-50runs.tar	hrnet_512_fixed_5seed/output/FETAL/fetal_landmark_hrnet_w18_UCL_abdomen_APAD_seed3407_512fixed/fixed_channel_summary.json
/mnt/d/download/Project coding/EOMT/checkpoint_backups/hrnet-512-fixed-50runs.tar	hrnet_512_fixed_5seed/output/FETAL/fetal_landmark_hrnet_w18_UCL_abdomen_TAD_seed42_512fixed/
/mnt/d/download/Project coding/EOMT/checkpoint_backups/hrnet-512-fixed-50runs.tar	hrnet_512_fixed_5seed/output/FETAL/fetal_landmark_hrnet_w18_UCL_abdomen_TAD_seed42_512fixed/fetal_landmark_hrnet_w18_UCL_abdomen_TAD_seed42_512fixed_2026-08-01-07-02_train.log
/mnt/d/download/Project coding/EOMT/checkpoint_backups/hrnet-512-fixed-50runs.tar	hrnet_512_fixed_5seed/output/FETAL/fetal_landmark_hrnet_w18_UCL_abdomen_TAD_seed42_512fixed/fetal_landmark_hrnet_w18_UCL_abdomen_TAD_seed42_512fixed_2026-08-01-07-19_test.log
/mnt/d/download/Project coding/EOMT/checkpoint_backups/hrnet-512-fixed-50runs.tar	hrnet_512_fixed_5seed/output/FETAL/fetal_landmark_hrnet_w18_UCL_abdomen_TAD_seed42_512fixed/fixed_channel_summary.json
/mnt/d/download/Project coding/EOMT/checkpoint_backups/hrnet-512-fixed-50runs.tar	hrnet_512_fixed_5seed/output/FETAL/fetal_landmark_hrnet_w18_UCL_abdomen_TAD_seed42_512fixed/latest.pth
/mnt/d/download/Project coding/EOMT/checkpoint_backups/hrnet-512-fixed-50runs.tar	hrnet_512_fixed_5seed/output/FETAL/fetal_landmark_hrnet_w18_UCL_abdomen_TAD_seed42_512fixed/final_state.pth
/mnt/d/download/Project coding/EOMT/checkpoint_backups/hrnet-512-fixed-50runs.tar	hrnet_512_fixed_5seed/output/FETAL/fetal_landmark_hrnet_w18_UCL_abdomen_TAD_seed42_512fixed/predictions.pth
/mnt/d/download/Project coding/EOMT/checkpoint_backups/hrnet-512-fixed-50runs.tar	hrnet_512_fixed_5seed/output/FETAL/fetal_landmark_hrnet_w18_UCL_abdomen_TAD_seed42_512fixed/fixed_channel_per_image.csv
/mnt/d/download/Project coding/EOMT/checkpoint_backups/hrnet-512-fixed-50runs.tar	hrnet_512_fixed_5seed/output/FETAL/fetal_landmark_hrnet_w18_UCL_abdomen_TAD_seed0_512fixed/
/mnt/d/download/Project coding/EOMT/checkpoint_backups/hrnet-512-fixed-50runs.tar	hrnet_512_fixed_5seed/output/FETAL/fetal_landmark_hrnet_w18_UCL_abdomen_TAD_seed0_512fixed/fetal_landmark_hrnet_w18_UCL_abdomen_TAD_seed0_512fixed_2026-08-01-07-20_train.log
/mnt/d/download/Project coding/EOMT/checkpoint_backups/hrnet-512-fixed-50runs.tar	hrnet_512_fixed_5seed/output/FETAL/fetal_landmark_hrnet_w18_UCL_abdomen_TAD_seed0_512fixed/fixed_channel_summary.json
/mnt/d/download/Project coding/EOMT/checkpoint_backups/hrnet-512-fixed-50runs.tar	hrnet_512_fixed_5seed/output/FETAL/fetal_landmark_hrnet_w18_UCL_abdomen_TAD_seed0_512fixed/latest.pth
/mnt/d/download/Project coding/EOMT/checkpoint_backups/hrnet-512-fixed-50runs.tar	hrnet_512_fixed_5seed/output/FETAL/fetal_landmark_hrnet_w18_UCL_abdomen_TAD_seed0_512fixed/final_state.pth
/mnt/d/download/Project coding/EOMT/checkpoint_backups/hrnet-512-fixed-50runs.tar	hrnet_512_fixed_5seed/output/FETAL/fetal_landmark_hrnet_w18_UCL_abdomen_TAD_seed0_512fixed/fetal_landmark_hrnet_w18_UCL_abdomen_TAD_seed0_512fixed_2026-08-01-07-36_test.log
/mnt/d/download/Project coding/EOMT/checkpoint_backups/hrnet-512-fixed-50runs.tar	hrnet_512_fixed_5seed/output/FETAL/fetal_landmark_hrnet_w18_UCL_abdomen_TAD_seed0_512fixed/predictions.pth
/mnt/d/download/Project coding/EOMT/checkpoint_backups/hrnet-512-fixed-50runs.tar	hrnet_512_fixed_5seed/output/FETAL/fetal_landmark_hrnet_w18_UCL_abdomen_TAD_seed0_512fixed/fixed_channel_per_image.csv
/mnt/d/download/Project coding/EOMT/checkpoint_backups/hrnet-512-fixed-50runs.tar	hrnet_512_fixed_5seed/output/FETAL/fetal_landmark_hrnet_w18_UCL_abdomen_TAD_seed123_512fixed/
/mnt/d/download/Project coding/EOMT/checkpoint_backups/hrnet-512-fixed-50runs.tar	hrnet_512_fixed_5seed/output/FETAL/fetal_landmark_hrnet_w18_UCL_abdomen_TAD_seed123_512fixed/fetal_landmark_hrnet_w18_UCL_abdomen_TAD_seed123_512fixed_2026-08-01-07-36_train.log
/mnt/d/download/Project coding/EOMT/checkpoint_backups/hrnet-512-fixed-50runs.tar	hrnet_512_fixed_5seed/output/FETAL/fetal_landmark_hrnet_w18_UCL_abdomen_TAD_seed123_512fixed/final_state.pth
/mnt/d/download/Project coding/EOMT/checkpoint_backups/hrnet-512-fixed-50runs.tar	hrnet_512_fixed_5seed/output/FETAL/fetal_landmark_hrnet_w18_UCL_abdomen_TAD_seed123_512fixed/predictions.pth
/mnt/d/download/Project coding/EOMT/checkpoint_backups/hrnet-512-fixed-50runs.tar	hrnet_512_fixed_5seed/output/FETAL/fetal_landmark_hrnet_w18_UCL_abdomen_TAD_seed123_512fixed/fixed_channel_per_image.csv
/mnt/d/download/Project coding/EOMT/checkpoint_backups/hrnet-512-fixed-50runs.tar	hrnet_512_fixed_5seed/output/FETAL/fetal_landmark_hrnet_w18_UCL_abdomen_TAD_seed123_512fixed/latest.pth
/mnt/d/download/Project coding/EOMT/checkpoint_backups/hrnet-512-fixed-50runs.tar	hrnet_512_fixed_5seed/output/FETAL/fetal_landmark_hrnet_w18_UCL_abdomen_TAD_seed123_512fixed/fetal_landmark_hrnet_w18_UCL_abdomen_TAD_seed123_512fixed_2026-08-01-07-55_test.log
/mnt/d/download/Project coding/EOMT/checkpoint_backups/hrnet-512-fixed-50runs.tar	hrnet_512_fixed_5seed/output/FETAL/fetal_landmark_hrnet_w18_UCL_abdomen_TAD_seed123_512fixed/fixed_channel_summary.json
/mnt/d/download/Project coding/EOMT/checkpoint_backups/hrnet-512-fixed-50runs.tar	hrnet_512_fixed_5seed/output/FETAL/fetal_landmark_hrnet_w18_UCL_abdomen_TAD_seed2024_512fixed/
/mnt/d/download/Project coding/EOMT/checkpoint_backups/hrnet-512-fixed-50runs.tar	hrnet_512_fixed_5seed/output/FETAL/fetal_landmark_hrnet_w18_UCL_abdomen_TAD_seed2024_512fixed/fetal_landmark_hrnet_w18_UCL_abdomen_TAD_seed2024_512fixed_2026-08-01-07-55_train.log
/mnt/d/download/Project coding/EOMT/checkpoint_backups/hrnet-512-fixed-50runs.tar	hrnet_512_fixed_5seed/output/FETAL/fetal_landmark_hrnet_w18_UCL_abdomen_TAD_seed2024_512fixed/latest.pth
/mnt/d/download/Project coding/EOMT/checkpoint_backups/hrnet-512-fixed-50runs.tar	hrnet_512_fixed_5seed/output/FETAL/fetal_landmark_hrnet_w18_UCL_abdomen_TAD_seed2024_512fixed/final_state.pth
/mnt/d/download/Project coding/EOMT/checkpoint_backups/hrnet-512-fixed-50runs.tar	hrnet_512_fixed_5seed/output/FETAL/fetal_landmark_hrnet_w18_UCL_abdomen_TAD_seed2024_512fixed/fetal_landmark_hrnet_w18_UCL_abdomen_TAD_seed2024_512fixed_2026-08-01-08-13_test.log
/mnt/d/download/Project coding/EOMT/checkpoint_backups/hrnet-512-fixed-50runs.tar	hrnet_512_fixed_5seed/output/FETAL/fetal_landmark_hrnet_w18_UCL_abdomen_TAD_seed2024_512fixed/predictions.pth
/mnt/d/download/Project coding/EOMT/checkpoint_backups/hrnet-512-fixed-50runs.tar	hrnet_512_fixed_5seed/output/FETAL/fetal_landmark_hrnet_w18_UCL_abdomen_TAD_seed2024_512fixed/fixed_channel_per_image.csv
/mnt/d/download/Project coding/EOMT/checkpoint_backups/hrnet-512-fixed-50runs.tar	hrnet_512_fixed_5seed/output/FETAL/fetal_landmark_hrnet_w18_UCL_abdomen_TAD_seed2024_512fixed/fixed_channel_summary.json
/mnt/d/download/Project coding/EOMT/checkpoint_backups/hrnet-512-fixed-50runs.tar	hrnet_512_fixed_5seed/output/FETAL/fetal_landmark_hrnet_w18_UCL_abdomen_TAD_seed3407_512fixed/
/mnt/d/download/Project coding/EOMT/checkpoint_backups/hrnet-512-fixed-50runs.tar	hrnet_512_fixed_5seed/output/FETAL/fetal_landmark_hrnet_w18_UCL_abdomen_TAD_seed3407_512fixed/fetal_landmark_hrnet_w18_UCL_abdomen_TAD_seed3407_512fixed_2026-08-01-08-13_train.log
/mnt/d/download/Project coding/EOMT/checkpoint_backups/hrnet-512-fixed-50runs.tar	hrnet_512_fixed_5seed/output/FETAL/fetal_landmark_hrnet_w18_UCL_abdomen_TAD_seed3407_512fixed/latest.pth
/mnt/d/download/Project coding/EOMT/checkpoint_backups/hrnet-512-fixed-50runs.tar	hrnet_512_fixed_5seed/output/FETAL/fetal_landmark_hrnet_w18_UCL_abdomen_TAD_seed3407_512fixed/final_state.pth
/mnt/d/download/Project coding/EOMT/checkpoint_backups/hrnet-512-fixed-50runs.tar	hrnet_512_fixed_5seed/output/FETAL/fetal_landmark_hrnet_w18_UCL_abdomen_TAD_seed3407_512fixed/fetal_landmark_hrnet_w18_UCL_abdomen_TAD_seed3407_512fixed_2026-08-01-08-30_test.log
/mnt/d/download/Project coding/EOMT/checkpoint_backups/hrnet-512-fixed-50runs.tar	hrnet_512_fixed_5seed/output/FETAL/fetal_landmark_hrnet_w18_UCL_abdomen_TAD_seed3407_512fixed/predictions.pth
/mnt/d/download/Project coding/EOMT/checkpoint_backups/hrnet-512-fixed-50runs.tar	hrnet_512_fixed_5seed/output/FETAL/fetal_landmark_hrnet_w18_UCL_abdomen_TAD_seed3407_512fixed/fixed_channel_per_image.csv
/mnt/d/download/Project coding/EOMT/checkpoint_backups/hrnet-512-fixed-50runs.tar	hrnet_512_fixed_5seed/output/FETAL/fetal_landmark_hrnet_w18_UCL_abdomen_TAD_seed3407_512fixed/fixed_channel_summary.json
/mnt/d/download/Project coding/EOMT/checkpoint_backups/hrnet-512-fixed-50runs.tar	hrnet_512_fixed_5seed/output/FETAL/fetal_landmark_hrnet_w18_UCL_femur_FL_seed42_512fixed/
/mnt/d/download/Project coding/EOMT/checkpoint_backups/hrnet-512-fixed-50runs.tar	hrnet_512_fixed_5seed/output/FETAL/fetal_landmark_hrnet_w18_UCL_femur_FL_seed42_512fixed/fetal_landmark_hrnet_w18_UCL_femur_FL_seed42_512fixed_2026-08-01-08-30_train.log
/mnt/d/download/Project coding/EOMT/checkpoint_backups/hrnet-512-fixed-50runs.tar	hrnet_512_fixed_5seed/output/FETAL/fetal_landmark_hrnet_w18_UCL_femur_FL_seed42_512fixed/latest.pth
/mnt/d/download/Project coding/EOMT/checkpoint_backups/hrnet-512-fixed-50runs.tar	hrnet_512_fixed_5seed/output/FETAL/fetal_landmark_hrnet_w18_UCL_femur_FL_seed42_512fixed/final_state.pth
/mnt/d/download/Project coding/EOMT/checkpoint_backups/hrnet-512-fixed-50runs.tar	hrnet_512_fixed_5seed/output/FETAL/fetal_landmark_hrnet_w18_UCL_femur_FL_seed42_512fixed/fetal_landmark_hrnet_w18_UCL_femur_FL_seed42_512fixed_2026-08-01-08-49_test.log
/mnt/d/download/Project coding/EOMT/checkpoint_backups/hrnet-512-fixed-50runs.tar	hrnet_512_fixed_5seed/output/FETAL/fetal_landmark_hrnet_w18_UCL_femur_FL_seed42_512fixed/predictions.pth
/mnt/d/download/Project coding/EOMT/checkpoint_backups/hrnet-512-fixed-50runs.tar	hrnet_512_fixed_5seed/output/FETAL/fetal_landmark_hrnet_w18_UCL_femur_FL_seed42_512fixed/fixed_channel_per_image.csv
/mnt/d/download/Project coding/EOMT/checkpoint_backups/hrnet-512-fixed-50runs.tar	hrnet_512_fixed_5seed/output/FETAL/fetal_landmark_hrnet_w18_UCL_femur_FL_seed42_512fixed/fixed_channel_summary.json
/mnt/d/download/Project coding/EOMT/checkpoint_backups/hrnet-512-fixed-50runs.tar	hrnet_512_fixed_5seed/output/FETAL/fetal_landmark_hrnet_w18_UCL_femur_FL_seed0_512fixed/
/mnt/d/download/Project coding/EOMT/checkpoint_backups/hrnet-512-fixed-50runs.tar	hrnet_512_fixed_5seed/output/FETAL/fetal_landmark_hrnet_w18_UCL_femur_FL_seed0_512fixed/fetal_landmark_hrnet_w18_UCL_femur_FL_seed0_512fixed_2026-08-01-08-49_train.log
/mnt/d/download/Project coding/EOMT/checkpoint_backups/hrnet-512-fixed-50runs.tar	hrnet_512_fixed_5seed/output/FETAL/fetal_landmark_hrnet_w18_UCL_femur_FL_seed0_512fixed/latest.pth
/mnt/d/download/Project coding/EOMT/checkpoint_backups/hrnet-512-fixed-50runs.tar	hrnet_512_fixed_5seed/output/FETAL/fetal_landmark_hrnet_w18_UCL_femur_FL_seed0_512fixed/final_state.pth
/mnt/d/download/Project coding/EOMT/checkpoint_backups/hrnet-512-fixed-50runs.tar	hrnet_512_fixed_5seed/output/FETAL/fetal_landmark_hrnet_w18_UCL_femur_FL_seed0_512fixed/fetal_landmark_hrnet_w18_UCL_femur_FL_seed0_512fixed_2026-08-01-09-08_test.log
/mnt/d/download/Project coding/EOMT/checkpoint_backups/hrnet-512-fixed-50runs.tar	hrnet_512_fixed_5seed/output/FETAL/fetal_landmark_hrnet_w18_UCL_femur_FL_seed0_512fixed/predictions.pth
/mnt/d/download/Project coding/EOMT/checkpoint_backups/hrnet-512-fixed-50runs.tar	hrnet_512_fixed_5seed/output/FETAL/fetal_landmark_hrnet_w18_UCL_femur_FL_seed0_512fixed/fixed_channel_per_image.csv
/mnt/d/download/Project coding/EOMT/checkpoint_backups/hrnet-512-fixed-50runs.tar	hrnet_512_fixed_5seed/output/FETAL/fetal_landmark_hrnet_w18_UCL_femur_FL_seed0_512fixed/fixed_channel_summary.json
/mnt/d/download/Project coding/EOMT/checkpoint_backups/hrnet-512-fixed-50runs.tar	hrnet_512_fixed_5seed/output/FETAL/fetal_landmark_hrnet_w18_UCL_femur_FL_seed123_512fixed/
/mnt/d/download/Project coding/EOMT/checkpoint_backups/hrnet-512-fixed-50runs.tar	hrnet_512_fixed_5seed/output/FETAL/fetal_landmark_hrnet_w18_UCL_femur_FL_seed123_512fixed/fetal_landmark_hrnet_w18_UCL_femur_FL_seed123_512fixed_2026-08-01-09-08_train.log
/mnt/d/download/Project coding/EOMT/checkpoint_backups/hrnet-512-fixed-50runs.tar	hrnet_512_fixed_5seed/output/FETAL/fetal_landmark_hrnet_w18_UCL_femur_FL_seed123_512fixed/latest.pth
/mnt/d/download/Project coding/EOMT/checkpoint_backups/hrnet-512-fixed-50runs.tar	hrnet_512_fixed_5seed/output/FETAL/fetal_landmark_hrnet_w18_UCL_femur_FL_seed123_512fixed/final_state.pth
/mnt/d/download/Project coding/EOMT/checkpoint_backups/hrnet-512-fixed-50runs.tar	hrnet_512_fixed_5seed/output/FETAL/fetal_landmark_hrnet_w18_UCL_femur_FL_seed123_512fixed/fetal_landmark_hrnet_w18_UCL_femur_FL_seed123_512fixed_2026-08-01-09-26_test.log
/mnt/d/download/Project coding/EOMT/checkpoint_backups/hrnet-512-fixed-50runs.tar	hrnet_512_fixed_5seed/output/FETAL/fetal_landmark_hrnet_w18_UCL_femur_FL_seed123_512fixed/predictions.pth
/mnt/d/download/Project coding/EOMT/checkpoint_backups/hrnet-512-fixed-50runs.tar	hrnet_512_fixed_5seed/output/FETAL/fetal_landmark_hrnet_w18_UCL_femur_FL_seed123_512fixed/fixed_channel_per_image.csv
/mnt/d/download/Project coding/EOMT/checkpoint_backups/hrnet-512-fixed-50runs.tar	hrnet_512_fixed_5seed/output/FETAL/fetal_landmark_hrnet_w18_UCL_femur_FL_seed123_512fixed/fixed_channel_summary.json
/mnt/d/download/Project coding/EOMT/checkpoint_backups/hrnet-512-fixed-50runs.tar	hrnet_512_fixed_5seed/output/FETAL/fetal_landmark_hrnet_w18_UCL_femur_FL_seed2024_512fixed/
/mnt/d/download/Project coding/EOMT/checkpoint_backups/hrnet-512-fixed-50runs.tar	hrnet_512_fixed_5seed/output/FETAL/fetal_landmark_hrnet_w18_UCL_femur_FL_seed2024_512fixed/fetal_landmark_hrnet_w18_UCL_femur_FL_seed2024_512fixed_2026-08-01-09-27_train.log
/mnt/d/download/Project coding/EOMT/checkpoint_backups/hrnet-512-fixed-50runs.tar	hrnet_512_fixed_5seed/output/FETAL/fetal_landmark_hrnet_w18_UCL_femur_FL_seed2024_512fixed/latest.pth
/mnt/d/download/Project coding/EOMT/checkpoint_backups/hrnet-512-fixed-50runs.tar	hrnet_512_fixed_5seed/output/FETAL/fetal_landmark_hrnet_w18_UCL_femur_FL_seed2024_512fixed/final_state.pth
/mnt/d/download/Project coding/EOMT/checkpoint_backups/hrnet-512-fixed-50runs.tar	hrnet_512_fixed_5seed/output/FETAL/fetal_landmark_hrnet_w18_UCL_femur_FL_seed2024_512fixed/fetal_landmark_hrnet_w18_UCL_femur_FL_seed2024_512fixed_2026-08-01-09-44_test.log
/mnt/d/download/Project coding/EOMT/checkpoint_backups/hrnet-512-fixed-50runs.tar	hrnet_512_fixed_5seed/output/FETAL/fetal_landmark_hrnet_w18_UCL_femur_FL_seed2024_512fixed/predictions.pth
/mnt/d/download/Project coding/EOMT/checkpoint_backups/hrnet-512-fixed-50runs.tar	hrnet_512_fixed_5seed/output/FETAL/fetal_landmark_hrnet_w18_UCL_femur_FL_seed2024_512fixed/fixed_channel_per_image.csv
/mnt/d/download/Project coding/EOMT/checkpoint_backups/hrnet-512-fixed-50runs.tar	hrnet_512_fixed_5seed/output/FETAL/fetal_landmark_hrnet_w18_UCL_femur_FL_seed2024_512fixed/fixed_channel_summary.json
/mnt/d/download/Project coding/EOMT/checkpoint_backups/hrnet-512-fixed-50runs.tar	hrnet_512_fixed_5seed/output/FETAL/fetal_landmark_hrnet_w18_UCL_femur_FL_seed3407_512fixed/
/mnt/d/download/Project coding/EOMT/checkpoint_backups/hrnet-512-fixed-50runs.tar	hrnet_512_fixed_5seed/output/FETAL/fetal_landmark_hrnet_w18_UCL_femur_FL_seed3407_512fixed/fetal_landmark_hrnet_w18_UCL_femur_FL_seed3407_512fixed_2026-08-01-09-45_train.log
/mnt/d/download/Project coding/EOMT/checkpoint_backups/hrnet-512-fixed-50runs.tar	hrnet_512_fixed_5seed/output/FETAL/fetal_landmark_hrnet_w18_UCL_femur_FL_seed3407_512fixed/fetal_landmark_hrnet_w18_UCL_femur_FL_seed3407_512fixed_2026-08-01-10-04_test.log
/mnt/d/download/Project coding/EOMT/checkpoint_backups/hrnet-512-fixed-50runs.tar	hrnet_512_fixed_5seed/output/FETAL/fetal_landmark_hrnet_w18_UCL_femur_FL_seed3407_512fixed/fixed_channel_summary.json
/mnt/d/download/Project coding/EOMT/checkpoint_backups/hrnet-512-fixed-50runs.tar	hrnet_512_fixed_5seed/output/FETAL/fetal_landmark_hrnet_w18_UCL_femur_FL_seed3407_512fixed/latest.pth
/mnt/d/download/Project coding/EOMT/checkpoint_backups/hrnet-512-fixed-50runs.tar	hrnet_512_fixed_5seed/output/FETAL/fetal_landmark_hrnet_w18_UCL_femur_FL_seed3407_512fixed/final_state.pth
/mnt/d/download/Project coding/EOMT/checkpoint_backups/hrnet-512-fixed-50runs.tar	hrnet_512_fixed_5seed/output/FETAL/fetal_landmark_hrnet_w18_UCL_femur_FL_seed3407_512fixed/predictions.pth
/mnt/d/download/Project coding/EOMT/checkpoint_backups/hrnet-512-fixed-50runs.tar	hrnet_512_fixed_5seed/output/FETAL/fetal_landmark_hrnet_w18_UCL_femur_FL_seed3407_512fixed/fixed_channel_per_image.csv
/mnt/d/download/Project coding/EOMT/checkpoint_backups/hrnet-512-fixed-50runs.tar	hrnet_512_fixed_5seed/output/FETAL/fetal_landmark_hrnet_w18_MULTICENTRE_brain_BPD_seed42_512fixed/
/mnt/d/download/Project coding/EOMT/checkpoint_backups/hrnet-512-fixed-50runs.tar	hrnet_512_fixed_5seed/output/FETAL/fetal_landmark_hrnet_w18_MULTICENTRE_brain_BPD_seed42_512fixed/fetal_landmark_hrnet_w18_MULTICENTRE_brain_BPD_seed42_512fixed_2026-08-01-10-04_train.log
/mnt/d/download/Project coding/EOMT/checkpoint_backups/hrnet-512-fixed-50runs.tar	hrnet_512_fixed_5seed/output/FETAL/fetal_landmark_hrnet_w18_MULTICENTRE_brain_BPD_seed42_512fixed/latest.pth
/mnt/d/download/Project coding/EOMT/checkpoint_backups/hrnet-512-fixed-50runs.tar	hrnet_512_fixed_5seed/output/FETAL/fetal_landmark_hrnet_w18_MULTICENTRE_brain_BPD_seed42_512fixed/final_state.pth
/mnt/d/download/Project coding/EOMT/checkpoint_backups/hrnet-512-fixed-50runs.tar	hrnet_512_fixed_5seed/output/FETAL/fetal_landmark_hrnet_w18_MULTICENTRE_brain_BPD_seed42_512fixed/fetal_landmark_hrnet_w18_MULTICENTRE_brain_BPD_seed42_512fixed_2026-08-01-11-45_test.log
/mnt/d/download/Project coding/EOMT/checkpoint_backups/hrnet-512-fixed-50runs.tar	hrnet_512_fixed_5seed/output/FETAL/fetal_landmark_hrnet_w18_MULTICENTRE_brain_BPD_seed42_512fixed/predictions.pth
/mnt/d/download/Project coding/EOMT/checkpoint_backups/hrnet-512-fixed-50runs.tar	hrnet_512_fixed_5seed/output/FETAL/fetal_landmark_hrnet_w18_MULTICENTRE_brain_BPD_seed42_512fixed/fixed_channel_per_image.csv
/mnt/d/download/Project coding/EOMT/checkpoint_backups/hrnet-512-fixed-50runs.tar	hrnet_512_fixed_5seed/output/FETAL/fetal_landmark_hrnet_w18_MULTICENTRE_brain_BPD_seed42_512fixed/fixed_channel_summary.json
/mnt/d/download/Project coding/EOMT/checkpoint_backups/hrnet-512-fixed-50runs.tar	hrnet_512_fixed_5seed/output/FETAL/fetal_landmark_hrnet_w18_MULTICENTRE_brain_BPD_seed0_512fixed/
/mnt/d/download/Project coding/EOMT/checkpoint_backups/hrnet-512-fixed-50runs.tar	hrnet_512_fixed_5seed/output/FETAL/fetal_landmark_hrnet_w18_MULTICENTRE_brain_BPD_seed0_512fixed/fetal_landmark_hrnet_w18_MULTICENTRE_brain_BPD_seed0_512fixed_2026-08-01-11-46_train.log
/mnt/d/download/Project coding/EOMT/checkpoint_backups/hrnet-512-fixed-50runs.tar	hrnet_512_fixed_5seed/output/FETAL/fetal_landmark_hrnet_w18_MULTICENTRE_brain_BPD_seed0_512fixed/latest.pth
/mnt/d/download/Project coding/EOMT/checkpoint_backups/hrnet-512-fixed-50runs.tar	hrnet_512_fixed_5seed/output/FETAL/fetal_landmark_hrnet_w18_MULTICENTRE_brain_BPD_seed0_512fixed/final_state.pth
/mnt/d/download/Project coding/EOMT/checkpoint_backups/hrnet-512-fixed-50runs.tar	hrnet_512_fixed_5seed/output/FETAL/fetal_landmark_hrnet_w18_MULTICENTRE_brain_BPD_seed0_512fixed/fetal_landmark_hrnet_w18_MULTICENTRE_brain_BPD_seed0_512fixed_2026-08-01-13-27_test.log
/mnt/d/download/Project coding/EOMT/checkpoint_backups/hrnet-512-fixed-50runs.tar	hrnet_512_fixed_5seed/output/FETAL/fetal_landmark_hrnet_w18_MULTICENTRE_brain_BPD_seed0_512fixed/predictions.pth
/mnt/d/download/Project coding/EOMT/checkpoint_backups/hrnet-512-fixed-50runs.tar	hrnet_512_fixed_5seed/output/FETAL/fetal_landmark_hrnet_w18_MULTICENTRE_brain_BPD_seed0_512fixed/fixed_channel_per_image.csv
/mnt/d/download/Project coding/EOMT/checkpoint_backups/hrnet-512-fixed-50runs.tar	hrnet_512_fixed_5seed/output/FETAL/fetal_landmark_hrnet_w18_MULTICENTRE_brain_BPD_seed0_512fixed/fixed_channel_summary.json
/mnt/d/download/Project coding/EOMT/checkpoint_backups/hrnet-512-fixed-50runs.tar	hrnet_512_fixed_5seed/output/FETAL/fetal_landmark_hrnet_w18_MULTICENTRE_brain_BPD_seed123_512fixed/
/mnt/d/download/Project coding/EOMT/checkpoint_backups/hrnet-512-fixed-50runs.tar	hrnet_512_fixed_5seed/output/FETAL/fetal_landmark_hrnet_w18_MULTICENTRE_brain_BPD_seed123_512fixed/fetal_landmark_hrnet_w18_MULTICENTRE_brain_BPD_seed123_512fixed_2026-08-01-13-27_train.log
/mnt/d/download/Project coding/EOMT/checkpoint_backups/hrnet-512-fixed-50runs.tar	hrnet_512_fixed_5seed/output/FETAL/fetal_landmark_hrnet_w18_MULTICENTRE_brain_BPD_seed123_512fixed/latest.pth
/mnt/d/download/Project coding/EOMT/checkpoint_backups/hrnet-512-fixed-50runs.tar	hrnet_512_fixed_5seed/output/FETAL/fetal_landmark_hrnet_w18_MULTICENTRE_brain_BPD_seed123_512fixed/final_state.pth
/mnt/d/download/Project coding/EOMT/checkpoint_backups/hrnet-512-fixed-50runs.tar	hrnet_512_fixed_5seed/output/FETAL/fetal_landmark_hrnet_w18_MULTICENTRE_brain_BPD_seed123_512fixed/fetal_landmark_hrnet_w18_MULTICENTRE_brain_BPD_seed123_512fixed_2026-08-01-15-07_test.log
/mnt/d/download/Project coding/EOMT/checkpoint_backups/hrnet-512-fixed-50runs.tar	hrnet_512_fixed_5seed/output/FETAL/fetal_landmark_hrnet_w18_MULTICENTRE_brain_BPD_seed123_512fixed/predictions.pth
/mnt/d/download/Project coding/EOMT/checkpoint_backups/hrnet-512-fixed-50runs.tar	hrnet_512_fixed_5seed/output/FETAL/fetal_landmark_hrnet_w18_MULTICENTRE_brain_BPD_seed123_512fixed/fixed_channel_per_image.csv
/mnt/d/download/Project coding/EOMT/checkpoint_backups/hrnet-512-fixed-50runs.tar	hrnet_512_fixed_5seed/output/FETAL/fetal_landmark_hrnet_w18_MULTICENTRE_brain_BPD_seed123_512fixed/fixed_channel_summary.json
/mnt/d/download/Project coding/EOMT/checkpoint_backups/hrnet-512-fixed-50runs.tar	hrnet_512_fixed_5seed/output/FETAL/fetal_landmark_hrnet_w18_MULTICENTRE_brain_BPD_seed2024_512fixed/
/mnt/d/download/Project coding/EOMT/checkpoint_backups/hrnet-512-fixed-50runs.tar	hrnet_512_fixed_5seed/output/FETAL/fetal_landmark_hrnet_w18_MULTICENTRE_brain_BPD_seed2024_512fixed/fetal_landmark_hrnet_w18_MULTICENTRE_brain_BPD_seed2024_512fixed_2026-08-01-15-07_train.log
/mnt/d/download/Project coding/EOMT/checkpoint_backups/hrnet-512-fixed-50runs.tar	hrnet_512_fixed_5seed/output/FETAL/fetal_landmark_hrnet_w18_MULTICENTRE_brain_BPD_seed2024_512fixed/latest.pth
/mnt/d/download/Project coding/EOMT/checkpoint_backups/hrnet-512-fixed-50runs.tar	hrnet_512_fixed_5seed/output/FETAL/fetal_landmark_hrnet_w18_MULTICENTRE_brain_BPD_seed2024_512fixed/final_state.pth
/mnt/d/download/Project coding/EOMT/checkpoint_backups/hrnet-512-fixed-50runs.tar	hrnet_512_fixed_5seed/output/FETAL/fetal_landmark_hrnet_w18_MULTICENTRE_brain_BPD_seed2024_512fixed/fetal_landmark_hrnet_w18_MULTICENTRE_brain_BPD_seed2024_512fixed_2026-08-01-16-46_test.log
/mnt/d/download/Project coding/EOMT/checkpoint_backups/hrnet-512-fixed-50runs.tar	hrnet_512_fixed_5seed/output/FETAL/fetal_landmark_hrnet_w18_MULTICENTRE_brain_BPD_seed2024_512fixed/predictions.pth
/mnt/d/download/Project coding/EOMT/checkpoint_backups/hrnet-512-fixed-50runs.tar	hrnet_512_fixed_5seed/output/FETAL/fetal_landmark_hrnet_w18_MULTICENTRE_brain_BPD_seed2024_512fixed/fixed_channel_per_image.csv
/mnt/d/download/Project coding/EOMT/checkpoint_backups/hrnet-512-fixed-50runs.tar	hrnet_512_fixed_5seed/output/FETAL/fetal_landmark_hrnet_w18_MULTICENTRE_brain_BPD_seed2024_512fixed/fixed_channel_summary.json
/mnt/d/download/Project coding/EOMT/checkpoint_backups/hrnet-512-fixed-50runs.tar	hrnet_512_fixed_5seed/output/FETAL/fetal_landmark_hrnet_w18_MULTICENTRE_brain_BPD_seed3407_512fixed/
/mnt/d/download/Project coding/EOMT/checkpoint_backups/hrnet-512-fixed-50runs.tar	hrnet_512_fixed_5seed/output/FETAL/fetal_landmark_hrnet_w18_MULTICENTRE_brain_BPD_seed3407_512fixed/fetal_landmark_hrnet_w18_MULTICENTRE_brain_BPD_seed3407_512fixed_2026-08-01-16-47_train.log
/mnt/d/download/Project coding/EOMT/checkpoint_backups/hrnet-512-fixed-50runs.tar	hrnet_512_fixed_5seed/output/FETAL/fetal_landmark_hrnet_w18_MULTICENTRE_brain_BPD_seed3407_512fixed/latest.pth
/mnt/d/download/Project coding/EOMT/checkpoint_backups/hrnet-512-fixed-50runs.tar	hrnet_512_fixed_5seed/output/FETAL/fetal_landmark_hrnet_w18_MULTICENTRE_brain_BPD_seed3407_512fixed/final_state.pth
/mnt/d/download/Project coding/EOMT/checkpoint_backups/hrnet-512-fixed-50runs.tar	hrnet_512_fixed_5seed/output/FETAL/fetal_landmark_hrnet_w18_MULTICENTRE_brain_BPD_seed3407_512fixed/fetal_landmark_hrnet_w18_MULTICENTRE_brain_BPD_seed3407_512fixed_2026-08-01-18-26_test.log
/mnt/d/download/Project coding/EOMT/checkpoint_backups/hrnet-512-fixed-50runs.tar	hrnet_512_fixed_5seed/output/FETAL/fetal_landmark_hrnet_w18_MULTICENTRE_brain_BPD_seed3407_512fixed/predictions.pth
/mnt/d/download/Project coding/EOMT/checkpoint_backups/hrnet-512-fixed-50runs.tar	hrnet_512_fixed_5seed/output/FETAL/fetal_landmark_hrnet_w18_MULTICENTRE_brain_BPD_seed3407_512fixed/fixed_channel_per_image.csv
/mnt/d/download/Project coding/EOMT/checkpoint_backups/hrnet-512-fixed-50runs.tar	hrnet_512_fixed_5seed/output/FETAL/fetal_landmark_hrnet_w18_MULTICENTRE_brain_BPD_seed3407_512fixed/fixed_channel_summary.json
/mnt/d/download/Project coding/EOMT/checkpoint_backups/hrnet-512-fixed-50runs.tar	hrnet_512_fixed_5seed/output/FETAL/fetal_landmark_hrnet_w18_MULTICENTRE_brain_OFD_seed42_512fixed/
/mnt/d/download/Project coding/EOMT/checkpoint_backups/hrnet-512-fixed-50runs.tar	hrnet_512_fixed_5seed/output/FETAL/fetal_landmark_hrnet_w18_MULTICENTRE_brain_OFD_seed42_512fixed/fetal_landmark_hrnet_w18_MULTICENTRE_brain_OFD_seed42_512fixed_2026-08-01-18-27_train.log
/mnt/d/download/Project coding/EOMT/checkpoint_backups/hrnet-512-fixed-50runs.tar	hrnet_512_fixed_5seed/output/FETAL/fetal_landmark_hrnet_w18_MULTICENTRE_brain_OFD_seed42_512fixed/latest.pth
/mnt/d/download/Project coding/EOMT/checkpoint_backups/hrnet-512-fixed-50runs.tar	hrnet_512_fixed_5seed/output/FETAL/fetal_landmark_hrnet_w18_MULTICENTRE_brain_OFD_seed42_512fixed/final_state.pth
/mnt/d/download/Project coding/EOMT/checkpoint_backups/hrnet-512-fixed-50runs.tar	hrnet_512_fixed_5seed/output/FETAL/fetal_landmark_hrnet_w18_MULTICENTRE_brain_OFD_seed42_512fixed/fetal_landmark_hrnet_w18_MULTICENTRE_brain_OFD_seed42_512fixed_2026-08-01-20-07_test.log
/mnt/d/download/Project coding/EOMT/checkpoint_backups/hrnet-512-fixed-50runs.tar	hrnet_512_fixed_5seed/output/FETAL/fetal_landmark_hrnet_w18_MULTICENTRE_brain_OFD_seed42_512fixed/predictions.pth
/mnt/d/download/Project coding/EOMT/checkpoint_backups/hrnet-512-fixed-50runs.tar	hrnet_512_fixed_5seed/output/FETAL/fetal_landmark_hrnet_w18_MULTICENTRE_brain_OFD_seed42_512fixed/fixed_channel_per_image.csv
/mnt/d/download/Project coding/EOMT/checkpoint_backups/hrnet-512-fixed-50runs.tar	hrnet_512_fixed_5seed/output/FETAL/fetal_landmark_hrnet_w18_MULTICENTRE_brain_OFD_seed42_512fixed/fixed_channel_summary.json
/mnt/d/download/Project coding/EOMT/checkpoint_backups/hrnet-512-fixed-50runs.tar	hrnet_512_fixed_5seed/output/FETAL/fetal_landmark_hrnet_w18_MULTICENTRE_brain_OFD_seed0_512fixed/
/mnt/d/download/Project coding/EOMT/checkpoint_backups/hrnet-512-fixed-50runs.tar	hrnet_512_fixed_5seed/output/FETAL/fetal_landmark_hrnet_w18_MULTICENTRE_brain_OFD_seed0_512fixed/fetal_landmark_hrnet_w18_MULTICENTRE_brain_OFD_seed0_512fixed_2026-08-01-20-08_train.log
/mnt/d/download/Project coding/EOMT/checkpoint_backups/hrnet-512-fixed-50runs.tar	hrnet_512_fixed_5seed/output/FETAL/fetal_landmark_hrnet_w18_MULTICENTRE_brain_OFD_seed0_512fixed/latest.pth
/mnt/d/download/Project coding/EOMT/checkpoint_backups/hrnet-512-fixed-50runs.tar	hrnet_512_fixed_5seed/output/FETAL/fetal_landmark_hrnet_w18_MULTICENTRE_brain_OFD_seed0_512fixed/final_state.pth
/mnt/d/download/Project coding/EOMT/checkpoint_backups/hrnet-512-fixed-50runs.tar	hrnet_512_fixed_5seed/output/FETAL/fetal_landmark_hrnet_w18_MULTICENTRE_brain_OFD_seed0_512fixed/fetal_landmark_hrnet_w18_MULTICENTRE_brain_OFD_seed0_512fixed_2026-08-01-21-48_test.log
/mnt/d/download/Project coding/EOMT/checkpoint_backups/hrnet-512-fixed-50runs.tar	hrnet_512_fixed_5seed/output/FETAL/fetal_landmark_hrnet_w18_MULTICENTRE_brain_OFD_seed0_512fixed/predictions.pth
/mnt/d/download/Project coding/EOMT/checkpoint_backups/hrnet-512-fixed-50runs.tar	hrnet_512_fixed_5seed/output/FETAL/fetal_landmark_hrnet_w18_MULTICENTRE_brain_OFD_seed0_512fixed/fixed_channel_per_image.csv
/mnt/d/download/Project coding/EOMT/checkpoint_backups/hrnet-512-fixed-50runs.tar	hrnet_512_fixed_5seed/output/FETAL/fetal_landmark_hrnet_w18_MULTICENTRE_brain_OFD_seed0_512fixed/fixed_channel_summary.json
/mnt/d/download/Project coding/EOMT/checkpoint_backups/hrnet-512-fixed-50runs.tar	hrnet_512_fixed_5seed/output/FETAL/fetal_landmark_hrnet_w18_MULTICENTRE_brain_OFD_seed123_512fixed/
/mnt/d/download/Project coding/EOMT/checkpoint_backups/hrnet-512-fixed-50runs.tar	hrnet_512_fixed_5seed/output/FETAL/fetal_landmark_hrnet_w18_MULTICENTRE_brain_OFD_seed123_512fixed/fetal_landmark_hrnet_w18_MULTICENTRE_brain_OFD_seed123_512fixed_2026-08-01-21-49_train.log
/mnt/d/download/Project coding/EOMT/checkpoint_backups/hrnet-512-fixed-50runs.tar	hrnet_512_fixed_5seed/output/FETAL/fetal_landmark_hrnet_w18_MULTICENTRE_brain_OFD_seed123_512fixed/latest.pth
/mnt/d/download/Project coding/EOMT/checkpoint_backups/hrnet-512-fixed-50runs.tar	hrnet_512_fixed_5seed/output/FETAL/fetal_landmark_hrnet_w18_MULTICENTRE_brain_OFD_seed123_512fixed/final_state.pth
/mnt/d/download/Project coding/EOMT/checkpoint_backups/hrnet-512-fixed-50runs.tar	hrnet_512_fixed_5seed/output/FETAL/fetal_landmark_hrnet_w18_MULTICENTRE_brain_OFD_seed123_512fixed/fetal_landmark_hrnet_w18_MULTICENTRE_brain_OFD_seed123_512fixed_2026-08-01-23-29_test.log
/mnt/d/download/Project coding/EOMT/checkpoint_backups/hrnet-512-fixed-50runs.tar	hrnet_512_fixed_5seed/output/FETAL/fetal_landmark_hrnet_w18_MULTICENTRE_brain_OFD_seed123_512fixed/predictions.pth
/mnt/d/download/Project coding/EOMT/checkpoint_backups/hrnet-512-fixed-50runs.tar	hrnet_512_fixed_5seed/output/FETAL/fetal_landmark_hrnet_w18_MULTICENTRE_brain_OFD_seed123_512fixed/fixed_channel_per_image.csv
/mnt/d/download/Project coding/EOMT/checkpoint_backups/hrnet-512-fixed-50runs.tar	hrnet_512_fixed_5seed/output/FETAL/fetal_landmark_hrnet_w18_MULTICENTRE_brain_OFD_seed123_512fixed/fixed_channel_summary.json
/mnt/d/download/Project coding/EOMT/checkpoint_backups/hrnet-512-fixed-50runs.tar	hrnet_512_fixed_5seed/output/FETAL/fetal_landmark_hrnet_w18_MULTICENTRE_brain_OFD_seed2024_512fixed/
/mnt/d/download/Project coding/EOMT/checkpoint_backups/hrnet-512-fixed-50runs.tar	hrnet_512_fixed_5seed/output/FETAL/fetal_landmark_hrnet_w18_MULTICENTRE_brain_OFD_seed2024_512fixed/fetal_landmark_hrnet_w18_MULTICENTRE_brain_OFD_seed2024_512fixed_2026-08-01-23-30_train.log
/mnt/d/download/Project coding/EOMT/checkpoint_backups/hrnet-512-fixed-50runs.tar	hrnet_512_fixed_5seed/output/FETAL/fetal_landmark_hrnet_w18_MULTICENTRE_brain_OFD_seed2024_512fixed/latest.pth
/mnt/d/download/Project coding/EOMT/checkpoint_backups/hrnet-512-fixed-50runs.tar	hrnet_512_fixed_5seed/output/FETAL/fetal_landmark_hrnet_w18_MULTICENTRE_brain_OFD_seed2024_512fixed/final_state.pth
/mnt/d/download/Project coding/EOMT/checkpoint_backups/hrnet-512-fixed-50runs.tar	hrnet_512_fixed_5seed/output/FETAL/fetal_landmark_hrnet_w18_MULTICENTRE_brain_OFD_seed2024_512fixed/fetal_landmark_hrnet_w18_MULTICENTRE_brain_OFD_seed2024_512fixed_2026-08-02-01-10_test.log
/mnt/d/download/Project coding/EOMT/checkpoint_backups/hrnet-512-fixed-50runs.tar	hrnet_512_fixed_5seed/output/FETAL/fetal_landmark_hrnet_w18_MULTICENTRE_brain_OFD_seed2024_512fixed/predictions.pth
/mnt/d/download/Project coding/EOMT/checkpoint_backups/hrnet-512-fixed-50runs.tar	hrnet_512_fixed_5seed/output/FETAL/fetal_landmark_hrnet_w18_MULTICENTRE_brain_OFD_seed2024_512fixed/fixed_channel_per_image.csv
/mnt/d/download/Project coding/EOMT/checkpoint_backups/hrnet-512-fixed-50runs.tar	hrnet_512_fixed_5seed/output/FETAL/fetal_landmark_hrnet_w18_MULTICENTRE_brain_OFD_seed2024_512fixed/fixed_channel_summary.json
/mnt/d/download/Project coding/EOMT/checkpoint_backups/hrnet-512-fixed-50runs.tar	hrnet_512_fixed_5seed/output/FETAL/fetal_landmark_hrnet_w18_MULTICENTRE_brain_OFD_seed3407_512fixed/
/mnt/d/download/Project coding/EOMT/checkpoint_backups/hrnet-512-fixed-50runs.tar	hrnet_512_fixed_5seed/output/FETAL/fetal_landmark_hrnet_w18_MULTICENTRE_brain_OFD_seed3407_512fixed/fetal_landmark_hrnet_w18_MULTICENTRE_brain_OFD_seed3407_512fixed_2026-08-02-01-11_train.log
/mnt/d/download/Project coding/EOMT/checkpoint_backups/hrnet-512-fixed-50runs.tar	hrnet_512_fixed_5seed/output/FETAL/fetal_landmark_hrnet_w18_MULTICENTRE_brain_OFD_seed3407_512fixed/latest.pth
/mnt/d/download/Project coding/EOMT/checkpoint_backups/hrnet-512-fixed-50runs.tar	hrnet_512_fixed_5seed/output/FETAL/fetal_landmark_hrnet_w18_MULTICENTRE_brain_OFD_seed3407_512fixed/final_state.pth
/mnt/d/download/Project coding/EOMT/checkpoint_backups/hrnet-512-fixed-50runs.tar	hrnet_512_fixed_5seed/output/FETAL/fetal_landmark_hrnet_w18_MULTICENTRE_brain_OFD_seed3407_512fixed/fetal_landmark_hrnet_w18_MULTICENTRE_brain_OFD_seed3407_512fixed_2026-08-02-02-51_test.log
/mnt/d/download/Project coding/EOMT/checkpoint_backups/hrnet-512-fixed-50runs.tar	hrnet_512_fixed_5seed/output/FETAL/fetal_landmark_hrnet_w18_MULTICENTRE_brain_OFD_seed3407_512fixed/predictions.pth
/mnt/d/download/Project coding/EOMT/checkpoint_backups/hrnet-512-fixed-50runs.tar	hrnet_512_fixed_5seed/output/FETAL/fetal_landmark_hrnet_w18_MULTICENTRE_brain_OFD_seed3407_512fixed/fixed_channel_per_image.csv
/mnt/d/download/Project coding/EOMT/checkpoint_backups/hrnet-512-fixed-50runs.tar	hrnet_512_fixed_5seed/output/FETAL/fetal_landmark_hrnet_w18_MULTICENTRE_brain_OFD_seed3407_512fixed/fixed_channel_summary.json
/mnt/d/download/Project coding/EOMT/checkpoint_backups/hrnet-512-fixed-50runs.tar	hrnet_512_fixed_5seed/output/FETAL/fetal_landmark_hrnet_w18_MULTICENTRE_abdomen_APAD_seed42_512fixed/
/mnt/d/download/Project coding/EOMT/checkpoint_backups/hrnet-512-fixed-50runs.tar	hrnet_512_fixed_5seed/output/FETAL/fetal_landmark_hrnet_w18_MULTICENTRE_abdomen_APAD_seed42_512fixed/fetal_landmark_hrnet_w18_MULTICENTRE_abdomen_APAD_seed42_512fixed_2026-08-02-02-51_train.log
/mnt/d/download/Project coding/EOMT/checkpoint_backups/hrnet-512-fixed-50runs.tar	hrnet_512_fixed_5seed/output/FETAL/fetal_landmark_hrnet_w18_MULTICENTRE_abdomen_APAD_seed42_512fixed/latest.pth
/mnt/d/download/Project coding/EOMT/checkpoint_backups/hrnet-512-fixed-50runs.tar	hrnet_512_fixed_5seed/output/FETAL/fetal_landmark_hrnet_w18_MULTICENTRE_abdomen_APAD_seed42_512fixed/final_state.pth
/mnt/d/download/Project coding/EOMT/checkpoint_backups/hrnet-512-fixed-50runs.tar	hrnet_512_fixed_5seed/output/FETAL/fetal_landmark_hrnet_w18_MULTICENTRE_abdomen_APAD_seed42_512fixed/fetal_landmark_hrnet_w18_MULTICENTRE_abdomen_APAD_seed42_512fixed_2026-08-02-03-36_test.log
/mnt/d/download/Project coding/EOMT/checkpoint_backups/hrnet-512-fixed-50runs.tar	hrnet_512_fixed_5seed/output/FETAL/fetal_landmark_hrnet_w18_MULTICENTRE_abdomen_APAD_seed42_512fixed/predictions.pth
/mnt/d/download/Project coding/EOMT/checkpoint_backups/hrnet-512-fixed-50runs.tar	hrnet_512_fixed_5seed/output/FETAL/fetal_landmark_hrnet_w18_MULTICENTRE_abdomen_APAD_seed42_512fixed/fixed_channel_per_image.csv
/mnt/d/download/Project coding/EOMT/checkpoint_backups/hrnet-512-fixed-50runs.tar	hrnet_512_fixed_5seed/output/FETAL/fetal_landmark_hrnet_w18_MULTICENTRE_abdomen_APAD_seed42_512fixed/fixed_channel_summary.json
/mnt/d/download/Project coding/EOMT/checkpoint_backups/hrnet-512-fixed-50runs.tar	hrnet_512_fixed_5seed/output/FETAL/fetal_landmark_hrnet_w18_MULTICENTRE_abdomen_APAD_seed0_512fixed/
/mnt/d/download/Project coding/EOMT/checkpoint_backups/hrnet-512-fixed-50runs.tar	hrnet_512_fixed_5seed/output/FETAL/fetal_landmark_hrnet_w18_MULTICENTRE_abdomen_APAD_seed0_512fixed/fetal_landmark_hrnet_w18_MULTICENTRE_abdomen_APAD_seed0_512fixed_2026-08-02-03-36_train.log
/mnt/d/download/Project coding/EOMT/checkpoint_backups/hrnet-512-fixed-50runs.tar	hrnet_512_fixed_5seed/output/FETAL/fetal_landmark_hrnet_w18_MULTICENTRE_abdomen_APAD_seed0_512fixed/latest.pth
/mnt/d/download/Project coding/EOMT/checkpoint_backups/hrnet-512-fixed-50runs.tar	hrnet_512_fixed_5seed/output/FETAL/fetal_landmark_hrnet_w18_MULTICENTRE_abdomen_APAD_seed0_512fixed/final_state.pth
/mnt/d/download/Project coding/EOMT/checkpoint_backups/hrnet-512-fixed-50runs.tar	hrnet_512_fixed_5seed/output/FETAL/fetal_landmark_hrnet_w18_MULTICENTRE_abdomen_APAD_seed0_512fixed/fetal_landmark_hrnet_w18_MULTICENTRE_abdomen_APAD_seed0_512fixed_2026-08-02-04-19_test.log
/mnt/d/download/Project coding/EOMT/checkpoint_backups/hrnet-512-fixed-50runs.tar	hrnet_512_fixed_5seed/output/FETAL/fetal_landmark_hrnet_w18_MULTICENTRE_abdomen_APAD_seed0_512fixed/predictions.pth
/mnt/d/download/Project coding/EOMT/checkpoint_backups/hrnet-512-fixed-50runs.tar	hrnet_512_fixed_5seed/output/FETAL/fetal_landmark_hrnet_w18_MULTICENTRE_abdomen_APAD_seed0_512fixed/fixed_channel_per_image.csv
/mnt/d/download/Project coding/EOMT/checkpoint_backups/hrnet-512-fixed-50runs.tar	hrnet_512_fixed_5seed/output/FETAL/fetal_landmark_hrnet_w18_MULTICENTRE_abdomen_APAD_seed0_512fixed/fixed_channel_summary.json
/mnt/d/download/Project coding/EOMT/checkpoint_backups/hrnet-512-fixed-50runs.tar	hrnet_512_fixed_5seed/output/FETAL/fetal_landmark_hrnet_w18_MULTICENTRE_abdomen_APAD_seed123_512fixed/
/mnt/d/download/Project coding/EOMT/checkpoint_backups/hrnet-512-fixed-50runs.tar	hrnet_512_fixed_5seed/output/FETAL/fetal_landmark_hrnet_w18_MULTICENTRE_abdomen_APAD_seed123_512fixed/fetal_landmark_hrnet_w18_MULTICENTRE_abdomen_APAD_seed123_512fixed_2026-08-02-04-20_train.log
/mnt/d/download/Project coding/EOMT/checkpoint_backups/hrnet-512-fixed-50runs.tar	hrnet_512_fixed_5seed/output/FETAL/fetal_landmark_hrnet_w18_MULTICENTRE_abdomen_APAD_seed123_512fixed/latest.pth
/mnt/d/download/Project coding/EOMT/checkpoint_backups/hrnet-512-fixed-50runs.tar	hrnet_512_fixed_5seed/output/FETAL/fetal_landmark_hrnet_w18_MULTICENTRE_abdomen_APAD_seed123_512fixed/final_state.pth
/mnt/d/download/Project coding/EOMT/checkpoint_backups/hrnet-512-fixed-50runs.tar	hrnet_512_fixed_5seed/output/FETAL/fetal_landmark_hrnet_w18_MULTICENTRE_abdomen_APAD_seed123_512fixed/fetal_landmark_hrnet_w18_MULTICENTRE_abdomen_APAD_seed123_512fixed_2026-08-02-05-04_test.log
/mnt/d/download/Project coding/EOMT/checkpoint_backups/hrnet-512-fixed-50runs.tar	hrnet_512_fixed_5seed/output/FETAL/fetal_landmark_hrnet_w18_MULTICENTRE_abdomen_APAD_seed123_512fixed/predictions.pth
/mnt/d/download/Project coding/EOMT/checkpoint_backups/hrnet-512-fixed-50runs.tar	hrnet_512_fixed_5seed/output/FETAL/fetal_landmark_hrnet_w18_MULTICENTRE_abdomen_APAD_seed123_512fixed/fixed_channel_per_image.csv
/mnt/d/download/Project coding/EOMT/checkpoint_backups/hrnet-512-fixed-50runs.tar	hrnet_512_fixed_5seed/output/FETAL/fetal_landmark_hrnet_w18_MULTICENTRE_abdomen_APAD_seed123_512fixed/fixed_channel_summary.json
/mnt/d/download/Project coding/EOMT/checkpoint_backups/hrnet-512-fixed-50runs.tar	hrnet_512_fixed_5seed/output/FETAL/fetal_landmark_hrnet_w18_MULTICENTRE_abdomen_APAD_seed2024_512fixed/
/mnt/d/download/Project coding/EOMT/checkpoint_backups/hrnet-512-fixed-50runs.tar	hrnet_512_fixed_5seed/output/FETAL/fetal_landmark_hrnet_w18_MULTICENTRE_abdomen_APAD_seed2024_512fixed/fetal_landmark_hrnet_w18_MULTICENTRE_abdomen_APAD_seed2024_512fixed_2026-08-02-05-04_train.log
/mnt/d/download/Project coding/EOMT/checkpoint_backups/hrnet-512-fixed-50runs.tar	hrnet_512_fixed_5seed/output/FETAL/fetal_landmark_hrnet_w18_MULTICENTRE_abdomen_APAD_seed2024_512fixed/latest.pth
/mnt/d/download/Project coding/EOMT/checkpoint_backups/hrnet-512-fixed-50runs.tar	hrnet_512_fixed_5seed/output/FETAL/fetal_landmark_hrnet_w18_MULTICENTRE_abdomen_APAD_seed2024_512fixed/final_state.pth
/mnt/d/download/Project coding/EOMT/checkpoint_backups/hrnet-512-fixed-50runs.tar	hrnet_512_fixed_5seed/output/FETAL/fetal_landmark_hrnet_w18_MULTICENTRE_abdomen_APAD_seed2024_512fixed/fetal_landmark_hrnet_w18_MULTICENTRE_abdomen_APAD_seed2024_512fixed_2026-08-02-05-47_test.log
/mnt/d/download/Project coding/EOMT/checkpoint_backups/hrnet-512-fixed-50runs.tar	hrnet_512_fixed_5seed/output/FETAL/fetal_landmark_hrnet_w18_MULTICENTRE_abdomen_APAD_seed2024_512fixed/predictions.pth
/mnt/d/download/Project coding/EOMT/checkpoint_backups/hrnet-512-fixed-50runs.tar	hrnet_512_fixed_5seed/output/FETAL/fetal_landmark_hrnet_w18_MULTICENTRE_abdomen_APAD_seed2024_512fixed/fixed_channel_per_image.csv
/mnt/d/download/Project coding/EOMT/checkpoint_backups/hrnet-512-fixed-50runs.tar	hrnet_512_fixed_5seed/output/FETAL/fetal_landmark_hrnet_w18_MULTICENTRE_abdomen_APAD_seed2024_512fixed/fixed_channel_summary.json
/mnt/d/download/Project coding/EOMT/checkpoint_backups/hrnet-512-fixed-50runs.tar	hrnet_512_fixed_5seed/output/FETAL/fetal_landmark_hrnet_w18_MULTICENTRE_abdomen_APAD_seed3407_512fixed/
/mnt/d/download/Project coding/EOMT/checkpoint_backups/hrnet-512-fixed-50runs.tar	hrnet_512_fixed_5seed/output/FETAL/fetal_landmark_hrnet_w18_MULTICENTRE_abdomen_APAD_seed3407_512fixed/fetal_landmark_hrnet_w18_MULTICENTRE_abdomen_APAD_seed3407_512fixed_2026-08-02-05-47_train.log
/mnt/d/download/Project coding/EOMT/checkpoint_backups/hrnet-512-fixed-50runs.tar	hrnet_512_fixed_5seed/output/FETAL/fetal_landmark_hrnet_w18_MULTICENTRE_abdomen_APAD_seed3407_512fixed/latest.pth
/mnt/d/download/Project coding/EOMT/checkpoint_backups/hrnet-512-fixed-50runs.tar	hrnet_512_fixed_5seed/output/FETAL/fetal_landmark_hrnet_w18_MULTICENTRE_abdomen_APAD_seed3407_512fixed/final_state.pth
/mnt/d/download/Project coding/EOMT/checkpoint_backups/hrnet-512-fixed-50runs.tar	hrnet_512_fixed_5seed/output/FETAL/fetal_landmark_hrnet_w18_MULTICENTRE_abdomen_APAD_seed3407_512fixed/fetal_landmark_hrnet_w18_MULTICENTRE_abdomen_APAD_seed3407_512fixed_2026-08-02-06-31_test.log
/mnt/d/download/Project coding/EOMT/checkpoint_backups/hrnet-512-fixed-50runs.tar	hrnet_512_fixed_5seed/output/FETAL/fetal_landmark_hrnet_w18_MULTICENTRE_abdomen_APAD_seed3407_512fixed/predictions.pth
/mnt/d/download/Project coding/EOMT/checkpoint_backups/hrnet-512-fixed-50runs.tar	hrnet_512_fixed_5seed/output/FETAL/fetal_landmark_hrnet_w18_MULTICENTRE_abdomen_APAD_seed3407_512fixed/fixed_channel_per_image.csv
/mnt/d/download/Project coding/EOMT/checkpoint_backups/hrnet-512-fixed-50runs.tar	hrnet_512_fixed_5seed/output/FETAL/fetal_landmark_hrnet_w18_MULTICENTRE_abdomen_APAD_seed3407_512fixed/fixed_channel_summary.json
/mnt/d/download/Project coding/EOMT/checkpoint_backups/hrnet-512-fixed-50runs.tar	hrnet_512_fixed_5seed/output/FETAL/fetal_landmark_hrnet_w18_MULTICENTRE_abdomen_TAD_seed42_512fixed/
/mnt/d/download/Project coding/EOMT/checkpoint_backups/hrnet-512-fixed-50runs.tar	hrnet_512_fixed_5seed/output/FETAL/fetal_landmark_hrnet_w18_MULTICENTRE_abdomen_TAD_seed42_512fixed/fetal_landmark_hrnet_w18_MULTICENTRE_abdomen_TAD_seed42_512fixed_2026-08-02-06-31_train.log
/mnt/d/download/Project coding/EOMT/checkpoint_backups/hrnet-512-fixed-50runs.tar	hrnet_512_fixed_5seed/output/FETAL/fetal_landmark_hrnet_w18_MULTICENTRE_abdomen_TAD_seed42_512fixed/latest.pth
/mnt/d/download/Project coding/EOMT/checkpoint_backups/hrnet-512-fixed-50runs.tar	hrnet_512_fixed_5seed/output/FETAL/fetal_landmark_hrnet_w18_MULTICENTRE_abdomen_TAD_seed42_512fixed/final_state.pth
/mnt/d/download/Project coding/EOMT/checkpoint_backups/hrnet-512-fixed-50runs.tar	hrnet_512_fixed_5seed/output/FETAL/fetal_landmark_hrnet_w18_MULTICENTRE_abdomen_TAD_seed42_512fixed/fetal_landmark_hrnet_w18_MULTICENTRE_abdomen_TAD_seed42_512fixed_2026-08-02-07-15_test.log
/mnt/d/download/Project coding/EOMT/checkpoint_backups/hrnet-512-fixed-50runs.tar	hrnet_512_fixed_5seed/output/FETAL/fetal_landmark_hrnet_w18_MULTICENTRE_abdomen_TAD_seed42_512fixed/predictions.pth
/mnt/d/download/Project coding/EOMT/checkpoint_backups/hrnet-512-fixed-50runs.tar	hrnet_512_fixed_5seed/output/FETAL/fetal_landmark_hrnet_w18_MULTICENTRE_abdomen_TAD_seed42_512fixed/fixed_channel_per_image.csv
/mnt/d/download/Project coding/EOMT/checkpoint_backups/hrnet-512-fixed-50runs.tar	hrnet_512_fixed_5seed/output/FETAL/fetal_landmark_hrnet_w18_MULTICENTRE_abdomen_TAD_seed42_512fixed/fixed_channel_summary.json
/mnt/d/download/Project coding/EOMT/checkpoint_backups/hrnet-512-fixed-50runs.tar	hrnet_512_fixed_5seed/output/FETAL/fetal_landmark_hrnet_w18_MULTICENTRE_abdomen_TAD_seed0_512fixed/
/mnt/d/download/Project coding/EOMT/checkpoint_backups/hrnet-512-fixed-50runs.tar	hrnet_512_fixed_5seed/output/FETAL/fetal_landmark_hrnet_w18_MULTICENTRE_abdomen_TAD_seed0_512fixed/fetal_landmark_hrnet_w18_MULTICENTRE_abdomen_TAD_seed0_512fixed_2026-08-02-07-15_train.log
/mnt/d/download/Project coding/EOMT/checkpoint_backups/hrnet-512-fixed-50runs.tar	hrnet_512_fixed_5seed/output/FETAL/fetal_landmark_hrnet_w18_MULTICENTRE_abdomen_TAD_seed0_512fixed/latest.pth
/mnt/d/download/Project coding/EOMT/checkpoint_backups/hrnet-512-fixed-50runs.tar	hrnet_512_fixed_5seed/output/FETAL/fetal_landmark_hrnet_w18_MULTICENTRE_abdomen_TAD_seed0_512fixed/final_state.pth
/mnt/d/download/Project coding/EOMT/checkpoint_backups/hrnet-512-fixed-50runs.tar	hrnet_512_fixed_5seed/output/FETAL/fetal_landmark_hrnet_w18_MULTICENTRE_abdomen_TAD_seed0_512fixed/fetal_landmark_hrnet_w18_MULTICENTRE_abdomen_TAD_seed0_512fixed_2026-08-02-07-59_test.log
/mnt/d/download/Project coding/EOMT/checkpoint_backups/hrnet-512-fixed-50runs.tar	hrnet_512_fixed_5seed/output/FETAL/fetal_landmark_hrnet_w18_MULTICENTRE_abdomen_TAD_seed0_512fixed/predictions.pth
/mnt/d/download/Project coding/EOMT/checkpoint_backups/hrnet-512-fixed-50runs.tar	hrnet_512_fixed_5seed/output/FETAL/fetal_landmark_hrnet_w18_MULTICENTRE_abdomen_TAD_seed0_512fixed/fixed_channel_per_image.csv
/mnt/d/download/Project coding/EOMT/checkpoint_backups/hrnet-512-fixed-50runs.tar	hrnet_512_fixed_5seed/output/FETAL/fetal_landmark_hrnet_w18_MULTICENTRE_abdomen_TAD_seed0_512fixed/fixed_channel_summary.json
/mnt/d/download/Project coding/EOMT/checkpoint_backups/hrnet-512-fixed-50runs.tar	hrnet_512_fixed_5seed/output/FETAL/fetal_landmark_hrnet_w18_MULTICENTRE_abdomen_TAD_seed123_512fixed/
/mnt/d/download/Project coding/EOMT/checkpoint_backups/hrnet-512-fixed-50runs.tar	hrnet_512_fixed_5seed/output/FETAL/fetal_landmark_hrnet_w18_MULTICENTRE_abdomen_TAD_seed123_512fixed/fetal_landmark_hrnet_w18_MULTICENTRE_abdomen_TAD_seed123_512fixed_2026-08-02-07-59_train.log
/mnt/d/download/Project coding/EOMT/checkpoint_backups/hrnet-512-fixed-50runs.tar	hrnet_512_fixed_5seed/output/FETAL/fetal_landmark_hrnet_w18_MULTICENTRE_abdomen_TAD_seed123_512fixed/latest.pth
/mnt/d/download/Project coding/EOMT/checkpoint_backups/hrnet-512-fixed-50runs.tar	hrnet_512_fixed_5seed/output/FETAL/fetal_landmark_hrnet_w18_MULTICENTRE_abdomen_TAD_seed123_512fixed/final_state.pth
/mnt/d/download/Project coding/EOMT/checkpoint_backups/hrnet-512-fixed-50runs.tar	hrnet_512_fixed_5seed/output/FETAL/fetal_landmark_hrnet_w18_MULTICENTRE_abdomen_TAD_seed123_512fixed/fetal_landmark_hrnet_w18_MULTICENTRE_abdomen_TAD_seed123_512fixed_2026-08-02-08-42_test.log
/mnt/d/download/Project coding/EOMT/checkpoint_backups/hrnet-512-fixed-50runs.tar	hrnet_512_fixed_5seed/output/FETAL/fetal_landmark_hrnet_w18_MULTICENTRE_abdomen_TAD_seed123_512fixed/predictions.pth
/mnt/d/download/Project coding/EOMT/checkpoint_backups/hrnet-512-fixed-50runs.tar	hrnet_512_fixed_5seed/output/FETAL/fetal_landmark_hrnet_w18_MULTICENTRE_abdomen_TAD_seed123_512fixed/fixed_channel_per_image.csv
/mnt/d/download/Project coding/EOMT/checkpoint_backups/hrnet-512-fixed-50runs.tar	hrnet_512_fixed_5seed/output/FETAL/fetal_landmark_hrnet_w18_MULTICENTRE_abdomen_TAD_seed123_512fixed/fixed_channel_summary.json
/mnt/d/download/Project coding/EOMT/checkpoint_backups/hrnet-512-fixed-50runs.tar	hrnet_512_fixed_5seed/output/FETAL/fetal_landmark_hrnet_w18_MULTICENTRE_abdomen_TAD_seed2024_512fixed/
/mnt/d/download/Project coding/EOMT/checkpoint_backups/hrnet-512-fixed-50runs.tar	hrnet_512_fixed_5seed/output/FETAL/fetal_landmark_hrnet_w18_MULTICENTRE_abdomen_TAD_seed2024_512fixed/fetal_landmark_hrnet_w18_MULTICENTRE_abdomen_TAD_seed2024_512fixed_2026-08-02-08-43_train.log
/mnt/d/download/Project coding/EOMT/checkpoint_backups/hrnet-512-fixed-50runs.tar	hrnet_512_fixed_5seed/output/FETAL/fetal_landmark_hrnet_w18_MULTICENTRE_abdomen_TAD_seed2024_512fixed/latest.pth
/mnt/d/download/Project coding/EOMT/checkpoint_backups/hrnet-512-fixed-50runs.tar	hrnet_512_fixed_5seed/output/FETAL/fetal_landmark_hrnet_w18_MULTICENTRE_abdomen_TAD_seed2024_512fixed/final_state.pth
/mnt/d/download/Project coding/EOMT/checkpoint_backups/hrnet-512-fixed-50runs.tar	hrnet_512_fixed_5seed/output/FETAL/fetal_landmark_hrnet_w18_MULTICENTRE_abdomen_TAD_seed2024_512fixed/fetal_landmark_hrnet_w18_MULTICENTRE_abdomen_TAD_seed2024_512fixed_2026-08-02-09-26_test.log
/mnt/d/download/Project coding/EOMT/checkpoint_backups/hrnet-512-fixed-50runs.tar	hrnet_512_fixed_5seed/output/FETAL/fetal_landmark_hrnet_w18_MULTICENTRE_abdomen_TAD_seed2024_512fixed/predictions.pth
/mnt/d/download/Project coding/EOMT/checkpoint_backups/hrnet-512-fixed-50runs.tar	hrnet_512_fixed_5seed/output/FETAL/fetal_landmark_hrnet_w18_MULTICENTRE_abdomen_TAD_seed2024_512fixed/fixed_channel_per_image.csv
/mnt/d/download/Project coding/EOMT/checkpoint_backups/hrnet-512-fixed-50runs.tar	hrnet_512_fixed_5seed/output/FETAL/fetal_landmark_hrnet_w18_MULTICENTRE_abdomen_TAD_seed2024_512fixed/fixed_channel_summary.json
/mnt/d/download/Project coding/EOMT/checkpoint_backups/hrnet-512-fixed-50runs.tar	hrnet_512_fixed_5seed/output/FETAL/fetal_landmark_hrnet_w18_MULTICENTRE_abdomen_TAD_seed3407_512fixed/
/mnt/d/download/Project coding/EOMT/checkpoint_backups/hrnet-512-fixed-50runs.tar	hrnet_512_fixed_5seed/output/FETAL/fetal_landmark_hrnet_w18_MULTICENTRE_abdomen_TAD_seed3407_512fixed/fetal_landmark_hrnet_w18_MULTICENTRE_abdomen_TAD_seed3407_512fixed_2026-08-02-09-26_train.log
/mnt/d/download/Project coding/EOMT/checkpoint_backups/hrnet-512-fixed-50runs.tar	hrnet_512_fixed_5seed/output/FETAL/fetal_landmark_hrnet_w18_MULTICENTRE_abdomen_TAD_seed3407_512fixed/latest.pth
/mnt/d/download/Project coding/EOMT/checkpoint_backups/hrnet-512-fixed-50runs.tar	hrnet_512_fixed_5seed/output/FETAL/fetal_landmark_hrnet_w18_MULTICENTRE_abdomen_TAD_seed3407_512fixed/final_state.pth
/mnt/d/download/Project coding/EOMT/checkpoint_backups/hrnet-512-fixed-50runs.tar	hrnet_512_fixed_5seed/output/FETAL/fetal_landmark_hrnet_w18_MULTICENTRE_abdomen_TAD_seed3407_512fixed/fetal_landmark_hrnet_w18_MULTICENTRE_abdomen_TAD_seed3407_512fixed_2026-08-02-10-09_test.log
/mnt/d/download/Project coding/EOMT/checkpoint_backups/hrnet-512-fixed-50runs.tar	hrnet_512_fixed_5seed/output/FETAL/fetal_landmark_hrnet_w18_MULTICENTRE_abdomen_TAD_seed3407_512fixed/predictions.pth
/mnt/d/download/Project coding/EOMT/checkpoint_backups/hrnet-512-fixed-50runs.tar	hrnet_512_fixed_5seed/output/FETAL/fetal_landmark_hrnet_w18_MULTICENTRE_abdomen_TAD_seed3407_512fixed/fixed_channel_per_image.csv
/mnt/d/download/Project coding/EOMT/checkpoint_backups/hrnet-512-fixed-50runs.tar	hrnet_512_fixed_5seed/output/FETAL/fetal_landmark_hrnet_w18_MULTICENTRE_abdomen_TAD_seed3407_512fixed/fixed_channel_summary.json
/mnt/d/download/Project coding/EOMT/checkpoint_backups/hrnet-512-fixed-50runs.tar	hrnet_512_fixed_5seed/output/FETAL/fetal_landmark_hrnet_w18_MULTICENTRE_femur_FL_seed42_512fixed/
/mnt/d/download/Project coding/EOMT/checkpoint_backups/hrnet-512-fixed-50runs.tar	hrnet_512_fixed_5seed/output/FETAL/fetal_landmark_hrnet_w18_MULTICENTRE_femur_FL_seed42_512fixed/fetal_landmark_hrnet_w18_MULTICENTRE_femur_FL_seed42_512fixed_2026-08-02-10-09_train.log
/mnt/d/download/Project coding/EOMT/checkpoint_backups/hrnet-512-fixed-50runs.tar	hrnet_512_fixed_5seed/output/FETAL/fetal_landmark_hrnet_w18_MULTICENTRE_femur_FL_seed42_512fixed/latest.pth
/mnt/d/download/Project coding/EOMT/checkpoint_backups/hrnet-512-fixed-50runs.tar	hrnet_512_fixed_5seed/output/FETAL/fetal_landmark_hrnet_w18_MULTICENTRE_femur_FL_seed42_512fixed/final_state.pth
/mnt/d/download/Project coding/EOMT/checkpoint_backups/hrnet-512-fixed-50runs.tar	hrnet_512_fixed_5seed/output/FETAL/fetal_landmark_hrnet_w18_MULTICENTRE_femur_FL_seed42_512fixed/fetal_landmark_hrnet_w18_MULTICENTRE_femur_FL_seed42_512fixed_2026-08-02-10-50_test.log
/mnt/d/download/Project coding/EOMT/checkpoint_backups/hrnet-512-fixed-50runs.tar	hrnet_512_fixed_5seed/output/FETAL/fetal_landmark_hrnet_w18_MULTICENTRE_femur_FL_seed42_512fixed/predictions.pth
/mnt/d/download/Project coding/EOMT/checkpoint_backups/hrnet-512-fixed-50runs.tar	hrnet_512_fixed_5seed/output/FETAL/fetal_landmark_hrnet_w18_MULTICENTRE_femur_FL_seed42_512fixed/fixed_channel_per_image.csv
/mnt/d/download/Project coding/EOMT/checkpoint_backups/hrnet-512-fixed-50runs.tar	hrnet_512_fixed_5seed/output/FETAL/fetal_landmark_hrnet_w18_MULTICENTRE_femur_FL_seed42_512fixed/fixed_channel_summary.json
/mnt/d/download/Project coding/EOMT/checkpoint_backups/hrnet-512-fixed-50runs.tar	hrnet_512_fixed_5seed/output/FETAL/fetal_landmark_hrnet_w18_MULTICENTRE_femur_FL_seed0_512fixed/
/mnt/d/download/Project coding/EOMT/checkpoint_backups/hrnet-512-fixed-50runs.tar	hrnet_512_fixed_5seed/output/FETAL/fetal_landmark_hrnet_w18_MULTICENTRE_femur_FL_seed0_512fixed/fetal_landmark_hrnet_w18_MULTICENTRE_femur_FL_seed0_512fixed_2026-08-02-10-50_train.log
/mnt/d/download/Project coding/EOMT/checkpoint_backups/hrnet-512-fixed-50runs.tar	hrnet_512_fixed_5seed/output/FETAL/fetal_landmark_hrnet_w18_MULTICENTRE_femur_FL_seed0_512fixed/latest.pth
/mnt/d/download/Project coding/EOMT/checkpoint_backups/hrnet-512-fixed-50runs.tar	hrnet_512_fixed_5seed/output/FETAL/fetal_landmark_hrnet_w18_MULTICENTRE_femur_FL_seed0_512fixed/final_state.pth
/mnt/d/download/Project coding/EOMT/checkpoint_backups/hrnet-512-fixed-50runs.tar	hrnet_512_fixed_5seed/output/FETAL/fetal_landmark_hrnet_w18_MULTICENTRE_femur_FL_seed0_512fixed/fetal_landmark_hrnet_w18_MULTICENTRE_femur_FL_seed0_512fixed_2026-08-02-11-31_test.log
/mnt/d/download/Project coding/EOMT/checkpoint_backups/hrnet-512-fixed-50runs.tar	hrnet_512_fixed_5seed/output/FETAL/fetal_landmark_hrnet_w18_MULTICENTRE_femur_FL_seed0_512fixed/predictions.pth
/mnt/d/download/Project coding/EOMT/checkpoint_backups/hrnet-512-fixed-50runs.tar	hrnet_512_fixed_5seed/output/FETAL/fetal_landmark_hrnet_w18_MULTICENTRE_femur_FL_seed0_512fixed/fixed_channel_per_image.csv
/mnt/d/download/Project coding/EOMT/checkpoint_backups/hrnet-512-fixed-50runs.tar	hrnet_512_fixed_5seed/output/FETAL/fetal_landmark_hrnet_w18_MULTICENTRE_femur_FL_seed0_512fixed/fixed_channel_summary.json
/mnt/d/download/Project coding/EOMT/checkpoint_backups/hrnet-512-fixed-50runs.tar	hrnet_512_fixed_5seed/output/FETAL/fetal_landmark_hrnet_w18_MULTICENTRE_femur_FL_seed123_512fixed/
/mnt/d/download/Project coding/EOMT/checkpoint_backups/hrnet-512-fixed-50runs.tar	hrnet_512_fixed_5seed/output/FETAL/fetal_landmark_hrnet_w18_MULTICENTRE_femur_FL_seed123_512fixed/fetal_landmark_hrnet_w18_MULTICENTRE_femur_FL_seed123_512fixed_2026-08-02-11-32_train.log
/mnt/d/download/Project coding/EOMT/checkpoint_backups/hrnet-512-fixed-50runs.tar	hrnet_512_fixed_5seed/output/FETAL/fetal_landmark_hrnet_w18_MULTICENTRE_femur_FL_seed123_512fixed/latest.pth
/mnt/d/download/Project coding/EOMT/checkpoint_backups/hrnet-512-fixed-50runs.tar	hrnet_512_fixed_5seed/output/FETAL/fetal_landmark_hrnet_w18_MULTICENTRE_femur_FL_seed123_512fixed/final_state.pth
/mnt/d/download/Project coding/EOMT/checkpoint_backups/hrnet-512-fixed-50runs.tar	hrnet_512_fixed_5seed/output/FETAL/fetal_landmark_hrnet_w18_MULTICENTRE_femur_FL_seed123_512fixed/fetal_landmark_hrnet_w18_MULTICENTRE_femur_FL_seed123_512fixed_2026-08-02-12-13_test.log
/mnt/d/download/Project coding/EOMT/checkpoint_backups/hrnet-512-fixed-50runs.tar	hrnet_512_fixed_5seed/output/FETAL/fetal_landmark_hrnet_w18_MULTICENTRE_femur_FL_seed123_512fixed/predictions.pth
/mnt/d/download/Project coding/EOMT/checkpoint_backups/hrnet-512-fixed-50runs.tar	hrnet_512_fixed_5seed/output/FETAL/fetal_landmark_hrnet_w18_MULTICENTRE_femur_FL_seed123_512fixed/fixed_channel_per_image.csv
/mnt/d/download/Project coding/EOMT/checkpoint_backups/hrnet-512-fixed-50runs.tar	hrnet_512_fixed_5seed/output/FETAL/fetal_landmark_hrnet_w18_MULTICENTRE_femur_FL_seed123_512fixed/fixed_channel_summary.json
/mnt/d/download/Project coding/EOMT/checkpoint_backups/hrnet-512-fixed-50runs.tar	hrnet_512_fixed_5seed/output/FETAL/fetal_landmark_hrnet_w18_MULTICENTRE_femur_FL_seed2024_512fixed/
/mnt/d/download/Project coding/EOMT/checkpoint_backups/hrnet-512-fixed-50runs.tar	hrnet_512_fixed_5seed/output/FETAL/fetal_landmark_hrnet_w18_MULTICENTRE_femur_FL_seed2024_512fixed/fetal_landmark_hrnet_w18_MULTICENTRE_femur_FL_seed2024_512fixed_2026-08-02-12-14_train.log
/mnt/d/download/Project coding/EOMT/checkpoint_backups/hrnet-512-fixed-50runs.tar	hrnet_512_fixed_5seed/output/FETAL/fetal_landmark_hrnet_w18_MULTICENTRE_femur_FL_seed2024_512fixed/latest.pth
/mnt/d/download/Project coding/EOMT/checkpoint_backups/hrnet-512-fixed-50runs.tar	hrnet_512_fixed_5seed/output/FETAL/fetal_landmark_hrnet_w18_MULTICENTRE_femur_FL_seed2024_512fixed/final_state.pth
/mnt/d/download/Project coding/EOMT/checkpoint_backups/hrnet-512-fixed-50runs.tar	hrnet_512_fixed_5seed/output/FETAL/fetal_landmark_hrnet_w18_MULTICENTRE_femur_FL_seed2024_512fixed/fetal_landmark_hrnet_w18_MULTICENTRE_femur_FL_seed2024_512fixed_2026-08-02-12-56_test.log
/mnt/d/download/Project coding/EOMT/checkpoint_backups/hrnet-512-fixed-50runs.tar	hrnet_512_fixed_5seed/output/FETAL/fetal_landmark_hrnet_w18_MULTICENTRE_femur_FL_seed2024_512fixed/predictions.pth
/mnt/d/download/Project coding/EOMT/checkpoint_backups/hrnet-512-fixed-50runs.tar	hrnet_512_fixed_5seed/output/FETAL/fetal_landmark_hrnet_w18_MULTICENTRE_femur_FL_seed2024_512fixed/fixed_channel_per_image.csv
/mnt/d/download/Project coding/EOMT/checkpoint_backups/hrnet-512-fixed-50runs.tar	hrnet_512_fixed_5seed/output/FETAL/fetal_landmark_hrnet_w18_MULTICENTRE_femur_FL_seed2024_512fixed/fixed_channel_summary.json
/mnt/d/download/Project coding/EOMT/checkpoint_backups/hrnet-512-fixed-50runs.tar	hrnet_512_fixed_5seed/output/FETAL/fetal_landmark_hrnet_w18_MULTICENTRE_femur_FL_seed3407_512fixed/
/mnt/d/download/Project coding/EOMT/checkpoint_backups/hrnet-512-fixed-50runs.tar	hrnet_512_fixed_5seed/output/FETAL/fetal_landmark_hrnet_w18_MULTICENTRE_femur_FL_seed3407_512fixed/fetal_landmark_hrnet_w18_MULTICENTRE_femur_FL_seed3407_512fixed_2026-08-02-12-56_train.log
/mnt/d/download/Project coding/EOMT/checkpoint_backups/hrnet-512-fixed-50runs.tar	hrnet_512_fixed_5seed/output/FETAL/fetal_landmark_hrnet_w18_MULTICENTRE_femur_FL_seed3407_512fixed/latest.pth
/mnt/d/download/Project coding/EOMT/checkpoint_backups/hrnet-512-fixed-50runs.tar	hrnet_512_fixed_5seed/output/FETAL/fetal_landmark_hrnet_w18_MULTICENTRE_femur_FL_seed3407_512fixed/final_state.pth
/mnt/d/download/Project coding/EOMT/checkpoint_backups/hrnet-512-fixed-50runs.tar	hrnet_512_fixed_5seed/output/FETAL/fetal_landmark_hrnet_w18_MULTICENTRE_femur_FL_seed3407_512fixed/fetal_landmark_hrnet_w18_MULTICENTRE_femur_FL_seed3407_512fixed_2026-08-02-13-38_test.log
/mnt/d/download/Project coding/EOMT/checkpoint_backups/hrnet-512-fixed-50runs.tar	hrnet_512_fixed_5seed/output/FETAL/fetal_landmark_hrnet_w18_MULTICENTRE_femur_FL_seed3407_512fixed/predictions.pth
/mnt/d/download/Project coding/EOMT/checkpoint_backups/hrnet-512-fixed-50runs.tar	hrnet_512_fixed_5seed/output/FETAL/fetal_landmark_hrnet_w18_MULTICENTRE_femur_FL_seed3407_512fixed/fixed_channel_per_image.csv
/mnt/d/download/Project coding/EOMT/checkpoint_backups/hrnet-512-fixed-50runs.tar	hrnet_512_fixed_5seed/output/FETAL/fetal_landmark_hrnet_w18_MULTICENTRE_femur_FL_seed3407_512fixed/fixed_channel_summary.json
/mnt/d/download/Project coding/EOMT/checkpoint_backups/hrnet-512-fixed-50runs.tar	hrnet_512_fixed_5seed/tensorboard/
/mnt/d/download/Project coding/EOMT/checkpoint_backups/hrnet-512-fixed-50runs.tar	hrnet_512_fixed_5seed/tensorboard/FETAL/
/mnt/d/download/Project coding/EOMT/checkpoint_backups/hrnet-512-fixed-50runs.tar	hrnet_512_fixed_5seed/tensorboard/FETAL/hrnet/
/mnt/d/download/Project coding/EOMT/checkpoint_backups/hrnet-512-fixed-50runs.tar	hrnet_512_fixed_5seed/tensorboard/FETAL/hrnet/fetal_landmark_hrnet_w18_UCL_brain_BPD_seed42_512fixed_2026-08-01-02-21/
/mnt/d/download/Project coding/EOMT/checkpoint_backups/hrnet-512-fixed-50runs.tar	hrnet_512_fixed_5seed/tensorboard/FETAL/hrnet/fetal_landmark_hrnet_w18_UCL_brain_BPD_seed42_512fixed_2026-08-01-02-21/events.out.tfevents.1785522069.autodl-container-ff6c479d90-fd038452
/mnt/d/download/Project coding/EOMT/checkpoint_backups/hrnet-512-fixed-50runs.tar	hrnet_512_fixed_5seed/tensorboard/FETAL/hrnet/fetal_landmark_hrnet_w18_UCL_brain_BPD_seed42_512fixed_2026-08-01-02-39/
/mnt/d/download/Project coding/EOMT/checkpoint_backups/hrnet-512-fixed-50runs.tar	hrnet_512_fixed_5seed/tensorboard/FETAL/hrnet/fetal_landmark_hrnet_w18_UCL_brain_BPD_seed0_512fixed_2026-08-01-02-40/
/mnt/d/download/Project coding/EOMT/checkpoint_backups/hrnet-512-fixed-50runs.tar	hrnet_512_fixed_5seed/tensorboard/FETAL/hrnet/fetal_landmark_hrnet_w18_UCL_brain_BPD_seed0_512fixed_2026-08-01-02-40/events.out.tfevents.1785523212.autodl-container-ff6c479d90-fd038452
/mnt/d/download/Project coding/EOMT/checkpoint_backups/hrnet-512-fixed-50runs.tar	hrnet_512_fixed_5seed/tensorboard/FETAL/hrnet/fetal_landmark_hrnet_w18_UCL_brain_BPD_seed0_512fixed_2026-08-01-02-59/
/mnt/d/download/Project coding/EOMT/checkpoint_backups/hrnet-512-fixed-50runs.tar	hrnet_512_fixed_5seed/tensorboard/FETAL/hrnet/fetal_landmark_hrnet_w18_UCL_brain_BPD_seed123_512fixed_2026-08-01-02-59/
/mnt/d/download/Project coding/EOMT/checkpoint_backups/hrnet-512-fixed-50runs.tar	hrnet_512_fixed_5seed/tensorboard/FETAL/hrnet/fetal_landmark_hrnet_w18_UCL_brain_BPD_seed123_512fixed_2026-08-01-02-59/events.out.tfevents.1785524360.autodl-container-ff6c479d90-fd038452
/mnt/d/download/Project coding/EOMT/checkpoint_backups/hrnet-512-fixed-50runs.tar	hrnet_512_fixed_5seed/tensorboard/FETAL/hrnet/fetal_landmark_hrnet_w18_UCL_brain_BPD_seed123_512fixed_2026-08-01-03-18/
/mnt/d/download/Project coding/EOMT/checkpoint_backups/hrnet-512-fixed-50runs.tar	hrnet_512_fixed_5seed/tensorboard/FETAL/hrnet/fetal_landmark_hrnet_w18_UCL_brain_BPD_seed2024_512fixed_2026-08-01-03-18/
/mnt/d/download/Project coding/EOMT/checkpoint_backups/hrnet-512-fixed-50runs.tar	hrnet_512_fixed_5seed/tensorboard/FETAL/hrnet/fetal_landmark_hrnet_w18_UCL_brain_BPD_seed2024_512fixed_2026-08-01-03-18/events.out.tfevents.1785525522.autodl-container-ff6c479d90-fd038452
/mnt/d/download/Project coding/EOMT/checkpoint_backups/hrnet-512-fixed-50runs.tar	hrnet_512_fixed_5seed/tensorboard/FETAL/hrnet/fetal_landmark_hrnet_w18_UCL_brain_BPD_seed2024_512fixed_2026-08-01-03-38/
/mnt/d/download/Project coding/EOMT/checkpoint_backups/hrnet-512-fixed-50runs.tar	hrnet_512_fixed_5seed/tensorboard/FETAL/hrnet/fetal_landmark_hrnet_w18_UCL_brain_BPD_seed3407_512fixed_2026-08-01-03-38/
/mnt/d/download/Project coding/EOMT/checkpoint_backups/hrnet-512-fixed-50runs.tar	hrnet_512_fixed_5seed/tensorboard/FETAL/hrnet/fetal_landmark_hrnet_w18_UCL_brain_BPD_seed3407_512fixed_2026-08-01-03-38/events.out.tfevents.1785526701.autodl-container-ff6c479d90-fd038452
/mnt/d/download/Project coding/EOMT/checkpoint_backups/hrnet-512-fixed-50runs.tar	hrnet_512_fixed_5seed/tensorboard/FETAL/hrnet/fetal_landmark_hrnet_w18_UCL_brain_BPD_seed3407_512fixed_2026-08-01-03-57/
/mnt/d/download/Project coding/EOMT/checkpoint_backups/hrnet-512-fixed-50runs.tar	hrnet_512_fixed_5seed/tensorboard/FETAL/hrnet/fetal_landmark_hrnet_w18_UCL_brain_OFD_seed42_512fixed_2026-08-01-03-57/
/mnt/d/download/Project coding/EOMT/checkpoint_backups/hrnet-512-fixed-50runs.tar	hrnet_512_fixed_5seed/tensorboard/FETAL/hrnet/fetal_landmark_hrnet_w18_UCL_brain_OFD_seed42_512fixed_2026-08-01-03-57/events.out.tfevents.1785527874.autodl-container-ff6c479d90-fd038452
/mnt/d/download/Project coding/EOMT/checkpoint_backups/hrnet-512-fixed-50runs.tar	hrnet_512_fixed_5seed/tensorboard/FETAL/hrnet/fetal_landmark_hrnet_w18_UCL_brain_OFD_seed42_512fixed_2026-08-01-04-16/
/mnt/d/download/Project coding/EOMT/checkpoint_backups/hrnet-512-fixed-50runs.tar	hrnet_512_fixed_5seed/tensorboard/FETAL/hrnet/fetal_landmark_hrnet_w18_UCL_brain_OFD_seed0_512fixed_2026-08-01-04-17/
/mnt/d/download/Project coding/EOMT/checkpoint_backups/hrnet-512-fixed-50runs.tar	hrnet_512_fixed_5seed/tensorboard/FETAL/hrnet/fetal_landmark_hrnet_w18_UCL_brain_OFD_seed0_512fixed_2026-08-01-04-17/events.out.tfevents.1785529022.autodl-container-ff6c479d90-fd038452
/mnt/d/download/Project coding/EOMT/checkpoint_backups/hrnet-512-fixed-50runs.tar	hrnet_512_fixed_5seed/tensorboard/FETAL/hrnet/fetal_landmark_hrnet_w18_UCL_brain_OFD_seed0_512fixed_2026-08-01-04-36/
/mnt/d/download/Project coding/EOMT/checkpoint_backups/hrnet-512-fixed-50runs.tar	hrnet_512_fixed_5seed/tensorboard/FETAL/hrnet/fetal_landmark_hrnet_w18_UCL_brain_OFD_seed123_512fixed_2026-08-01-04-36/
/mnt/d/download/Project coding/EOMT/checkpoint_backups/hrnet-512-fixed-50runs.tar	hrnet_512_fixed_5seed/tensorboard/FETAL/hrnet/fetal_landmark_hrnet_w18_UCL_brain_OFD_seed123_512fixed_2026-08-01-04-36/events.out.tfevents.1785530178.autodl-container-ff6c479d90-fd038452
/mnt/d/download/Project coding/EOMT/checkpoint_backups/hrnet-512-fixed-50runs.tar	hrnet_512_fixed_5seed/tensorboard/FETAL/hrnet/fetal_landmark_hrnet_w18_UCL_brain_OFD_seed123_512fixed_2026-08-01-04-55/
/mnt/d/download/Project coding/EOMT/checkpoint_backups/hrnet-512-fixed-50runs.tar	hrnet_512_fixed_5seed/tensorboard/FETAL/hrnet/fetal_landmark_hrnet_w18_UCL_brain_OFD_seed2024_512fixed_2026-08-01-04-55/
/mnt/d/download/Project coding/EOMT/checkpoint_backups/hrnet-512-fixed-50runs.tar	hrnet_512_fixed_5seed/tensorboard/FETAL/hrnet/fetal_landmark_hrnet_w18_UCL_brain_OFD_seed2024_512fixed_2026-08-01-04-55/events.out.tfevents.1785531349.autodl-container-ff6c479d90-fd038452
/mnt/d/download/Project coding/EOMT/checkpoint_backups/hrnet-512-fixed-50runs.tar	hrnet_512_fixed_5seed/tensorboard/FETAL/hrnet/fetal_landmark_hrnet_w18_UCL_brain_OFD_seed2024_512fixed_2026-08-01-05-15/
/mnt/d/download/Project coding/EOMT/checkpoint_backups/hrnet-512-fixed-50runs.tar	hrnet_512_fixed_5seed/tensorboard/FETAL/hrnet/fetal_landmark_hrnet_w18_UCL_brain_OFD_seed3407_512fixed_2026-08-01-05-15/
/mnt/d/download/Project coding/EOMT/checkpoint_backups/hrnet-512-fixed-50runs.tar	hrnet_512_fixed_5seed/tensorboard/FETAL/hrnet/fetal_landmark_hrnet_w18_UCL_brain_OFD_seed3407_512fixed_2026-08-01-05-15/events.out.tfevents.1785532532.autodl-container-ff6c479d90-fd038452
/mnt/d/download/Project coding/EOMT/checkpoint_backups/hrnet-512-fixed-50runs.tar	hrnet_512_fixed_5seed/tensorboard/FETAL/hrnet/fetal_landmark_hrnet_w18_UCL_brain_OFD_seed3407_512fixed_2026-08-01-05-34/
/mnt/d/download/Project coding/EOMT/checkpoint_backups/hrnet-512-fixed-50runs.tar	hrnet_512_fixed_5seed/tensorboard/FETAL/hrnet/fetal_landmark_hrnet_w18_UCL_abdomen_APAD_seed42_512fixed_2026-08-01-05-34/
/mnt/d/download/Project coding/EOMT/checkpoint_backups/hrnet-512-fixed-50runs.tar	hrnet_512_fixed_5seed/tensorboard/FETAL/hrnet/fetal_landmark_hrnet_w18_UCL_abdomen_APAD_seed42_512fixed_2026-08-01-05-34/events.out.tfevents.1785533677.autodl-container-ff6c479d90-fd038452
/mnt/d/download/Project coding/EOMT/checkpoint_backups/hrnet-512-fixed-50runs.tar	hrnet_512_fixed_5seed/tensorboard/FETAL/hrnet/fetal_landmark_hrnet_w18_UCL_abdomen_APAD_seed42_512fixed_2026-08-01-05-52/
/mnt/d/download/Project coding/EOMT/checkpoint_backups/hrnet-512-fixed-50runs.tar	hrnet_512_fixed_5seed/tensorboard/FETAL/hrnet/fetal_landmark_hrnet_w18_UCL_abdomen_APAD_seed0_512fixed_2026-08-01-05-52/
/mnt/d/download/Project coding/EOMT/checkpoint_backups/hrnet-512-fixed-50runs.tar	hrnet_512_fixed_5seed/tensorboard/FETAL/hrnet/fetal_landmark_hrnet_w18_UCL_abdomen_APAD_seed0_512fixed_2026-08-01-05-52/events.out.tfevents.1785534735.autodl-container-ff6c479d90-fd038452
/mnt/d/download/Project coding/EOMT/checkpoint_backups/hrnet-512-fixed-50runs.tar	hrnet_512_fixed_5seed/tensorboard/FETAL/hrnet/fetal_landmark_hrnet_w18_UCL_abdomen_APAD_seed0_512fixed_2026-08-01-06-09/
/mnt/d/download/Project coding/EOMT/checkpoint_backups/hrnet-512-fixed-50runs.tar	hrnet_512_fixed_5seed/tensorboard/FETAL/hrnet/fetal_landmark_hrnet_w18_UCL_abdomen_APAD_seed123_512fixed_2026-08-01-06-09/
/mnt/d/download/Project coding/EOMT/checkpoint_backups/hrnet-512-fixed-50runs.tar	hrnet_512_fixed_5seed/tensorboard/FETAL/hrnet/fetal_landmark_hrnet_w18_UCL_abdomen_APAD_seed123_512fixed_2026-08-01-06-09/events.out.tfevents.1785535791.autodl-container-ff6c479d90-fd038452
/mnt/d/download/Project coding/EOMT/checkpoint_backups/hrnet-512-fixed-50runs.tar	hrnet_512_fixed_5seed/tensorboard/FETAL/hrnet/fetal_landmark_hrnet_w18_UCL_abdomen_APAD_seed123_512fixed_2026-08-01-06-26/
/mnt/d/download/Project coding/EOMT/checkpoint_backups/hrnet-512-fixed-50runs.tar	hrnet_512_fixed_5seed/tensorboard/FETAL/hrnet/fetal_landmark_hrnet_w18_UCL_abdomen_APAD_seed2024_512fixed_2026-08-01-06-27/
/mnt/d/download/Project coding/EOMT/checkpoint_backups/hrnet-512-fixed-50runs.tar	hrnet_512_fixed_5seed/tensorboard/FETAL/hrnet/fetal_landmark_hrnet_w18_UCL_abdomen_APAD_seed2024_512fixed_2026-08-01-06-27/events.out.tfevents.1785536828.autodl-container-ff6c479d90-fd038452
/mnt/d/download/Project coding/EOMT/checkpoint_backups/hrnet-512-fixed-50runs.tar	hrnet_512_fixed_5seed/tensorboard/FETAL/hrnet/fetal_landmark_hrnet_w18_UCL_abdomen_APAD_seed2024_512fixed_2026-08-01-06-44/
/mnt/d/download/Project coding/EOMT/checkpoint_backups/hrnet-512-fixed-50runs.tar	hrnet_512_fixed_5seed/tensorboard/FETAL/hrnet/fetal_landmark_hrnet_w18_UCL_abdomen_APAD_seed3407_512fixed_2026-08-01-06-44/
/mnt/d/download/Project coding/EOMT/checkpoint_backups/hrnet-512-fixed-50runs.tar	hrnet_512_fixed_5seed/tensorboard/FETAL/hrnet/fetal_landmark_hrnet_w18_UCL_abdomen_APAD_seed3407_512fixed_2026-08-01-06-44/events.out.tfevents.1785537867.autodl-container-ff6c479d90-fd038452
/mnt/d/download/Project coding/EOMT/checkpoint_backups/hrnet-512-fixed-50runs.tar	hrnet_512_fixed_5seed/tensorboard/FETAL/hrnet/fetal_landmark_hrnet_w18_UCL_abdomen_APAD_seed3407_512fixed_2026-08-01-07-02/
/mnt/d/download/Project coding/EOMT/checkpoint_backups/hrnet-512-fixed-50runs.tar	hrnet_512_fixed_5seed/tensorboard/FETAL/hrnet/fetal_landmark_hrnet_w18_UCL_abdomen_TAD_seed42_512fixed_2026-08-01-07-02/
/mnt/d/download/Project coding/EOMT/checkpoint_backups/hrnet-512-fixed-50runs.tar	hrnet_512_fixed_5seed/tensorboard/FETAL/hrnet/fetal_landmark_hrnet_w18_UCL_abdomen_TAD_seed42_512fixed_2026-08-01-07-02/events.out.tfevents.1785538944.autodl-container-ff6c479d90-fd038452
/mnt/d/download/Project coding/EOMT/checkpoint_backups/hrnet-512-fixed-50runs.tar	hrnet_512_fixed_5seed/tensorboard/FETAL/hrnet/fetal_landmark_hrnet_w18_UCL_abdomen_TAD_seed42_512fixed_2026-08-01-07-19/
/mnt/d/download/Project coding/EOMT/checkpoint_backups/hrnet-512-fixed-50runs.tar	hrnet_512_fixed_5seed/tensorboard/FETAL/hrnet/fetal_landmark_hrnet_w18_UCL_abdomen_TAD_seed0_512fixed_2026-08-01-07-20/
/mnt/d/download/Project coding/EOMT/checkpoint_backups/hrnet-512-fixed-50runs.tar	hrnet_512_fixed_5seed/tensorboard/FETAL/hrnet/fetal_landmark_hrnet_w18_UCL_abdomen_TAD_seed0_512fixed_2026-08-01-07-20/events.out.tfevents.1785540005.autodl-container-ff6c479d90-fd038452
/mnt/d/download/Project coding/EOMT/checkpoint_backups/hrnet-512-fixed-50runs.tar	hrnet_512_fixed_5seed/tensorboard/FETAL/hrnet/fetal_landmark_hrnet_w18_UCL_abdomen_TAD_seed0_512fixed_2026-08-01-07-36/
/mnt/d/download/Project coding/EOMT/checkpoint_backups/hrnet-512-fixed-50runs.tar	hrnet_512_fixed_5seed/tensorboard/FETAL/hrnet/fetal_landmark_hrnet_w18_UCL_abdomen_TAD_seed123_512fixed_2026-08-01-07-36/
/mnt/d/download/Project coding/EOMT/checkpoint_backups/hrnet-512-fixed-50runs.tar	hrnet_512_fixed_5seed/tensorboard/FETAL/hrnet/fetal_landmark_hrnet_w18_UCL_abdomen_TAD_seed123_512fixed_2026-08-01-07-36/events.out.tfevents.1785541013.autodl-container-ff6c479d90-fd038452
/mnt/d/download/Project coding/EOMT/checkpoint_backups/hrnet-512-fixed-50runs.tar	hrnet_512_fixed_5seed/tensorboard/FETAL/hrnet/fetal_landmark_hrnet_w18_UCL_abdomen_TAD_seed123_512fixed_2026-08-01-07-55/
/mnt/d/download/Project coding/EOMT/checkpoint_backups/hrnet-512-fixed-50runs.tar	hrnet_512_fixed_5seed/tensorboard/FETAL/hrnet/fetal_landmark_hrnet_w18_UCL_abdomen_TAD_seed2024_512fixed_2026-08-01-07-55/
/mnt/d/download/Project coding/EOMT/checkpoint_backups/hrnet-512-fixed-50runs.tar	hrnet_512_fixed_5seed/tensorboard/FETAL/hrnet/fetal_landmark_hrnet_w18_UCL_abdomen_TAD_seed2024_512fixed_2026-08-01-07-55/events.out.tfevents.1785542116.autodl-container-ff6c479d90-fd038452
/mnt/d/download/Project coding/EOMT/checkpoint_backups/hrnet-512-fixed-50runs.tar	hrnet_512_fixed_5seed/tensorboard/FETAL/hrnet/fetal_landmark_hrnet_w18_UCL_abdomen_TAD_seed2024_512fixed_2026-08-01-08-13/
/mnt/d/download/Project coding/EOMT/checkpoint_backups/hrnet-512-fixed-50runs.tar	hrnet_512_fixed_5seed/tensorboard/FETAL/hrnet/fetal_landmark_hrnet_w18_UCL_abdomen_TAD_seed3407_512fixed_2026-08-01-08-13/
/mnt/d/download/Project coding/EOMT/checkpoint_backups/hrnet-512-fixed-50runs.tar	hrnet_512_fixed_5seed/tensorboard/FETAL/hrnet/fetal_landmark_hrnet_w18_UCL_abdomen_TAD_seed3407_512fixed_2026-08-01-08-13/events.out.tfevents.1785543196.autodl-container-ff6c479d90-fd038452
/mnt/d/download/Project coding/EOMT/checkpoint_backups/hrnet-512-fixed-50runs.tar	hrnet_512_fixed_5seed/tensorboard/FETAL/hrnet/fetal_landmark_hrnet_w18_UCL_abdomen_TAD_seed3407_512fixed_2026-08-01-08-30/
/mnt/d/download/Project coding/EOMT/checkpoint_backups/hrnet-512-fixed-50runs.tar	hrnet_512_fixed_5seed/tensorboard/FETAL/hrnet/fetal_landmark_hrnet_w18_UCL_femur_FL_seed42_512fixed_2026-08-01-08-30/
/mnt/d/download/Project coding/EOMT/checkpoint_backups/hrnet-512-fixed-50runs.tar	hrnet_512_fixed_5seed/tensorboard/FETAL/hrnet/fetal_landmark_hrnet_w18_UCL_femur_FL_seed42_512fixed_2026-08-01-08-30/events.out.tfevents.1785544227.autodl-container-ff6c479d90-fd038452
/mnt/d/download/Project coding/EOMT/checkpoint_backups/hrnet-512-fixed-50runs.tar	hrnet_512_fixed_5seed/tensorboard/FETAL/hrnet/fetal_landmark_hrnet_w18_UCL_femur_FL_seed42_512fixed_2026-08-01-08-49/
/mnt/d/download/Project coding/EOMT/checkpoint_backups/hrnet-512-fixed-50runs.tar	hrnet_512_fixed_5seed/tensorboard/FETAL/hrnet/fetal_landmark_hrnet_w18_UCL_femur_FL_seed0_512fixed_2026-08-01-08-49/
/mnt/d/download/Project coding/EOMT/checkpoint_backups/hrnet-512-fixed-50runs.tar	hrnet_512_fixed_5seed/tensorboard/FETAL/hrnet/fetal_landmark_hrnet_w18_UCL_femur_FL_seed0_512fixed_2026-08-01-08-49/events.out.tfevents.1785545371.autodl-container-ff6c479d90-fd038452
/mnt/d/download/Project coding/EOMT/checkpoint_backups/hrnet-512-fixed-50runs.tar	hrnet_512_fixed_5seed/tensorboard/FETAL/hrnet/fetal_landmark_hrnet_w18_UCL_femur_FL_seed0_512fixed_2026-08-01-09-08/
/mnt/d/download/Project coding/EOMT/checkpoint_backups/hrnet-512-fixed-50runs.tar	hrnet_512_fixed_5seed/tensorboard/FETAL/hrnet/fetal_landmark_hrnet_w18_UCL_femur_FL_seed123_512fixed_2026-08-01-09-08/
/mnt/d/download/Project coding/EOMT/checkpoint_backups/hrnet-512-fixed-50runs.tar	hrnet_512_fixed_5seed/tensorboard/FETAL/hrnet/fetal_landmark_hrnet_w18_UCL_femur_FL_seed123_512fixed_2026-08-01-09-08/events.out.tfevents.1785546520.autodl-container-ff6c479d90-fd038452
/mnt/d/download/Project coding/EOMT/checkpoint_backups/hrnet-512-fixed-50runs.tar	hrnet_512_fixed_5seed/tensorboard/FETAL/hrnet/fetal_landmark_hrnet_w18_UCL_femur_FL_seed123_512fixed_2026-08-01-09-26/
/mnt/d/download/Project coding/EOMT/checkpoint_backups/hrnet-512-fixed-50runs.tar	hrnet_512_fixed_5seed/tensorboard/FETAL/hrnet/fetal_landmark_hrnet_w18_UCL_femur_FL_seed2024_512fixed_2026-08-01-09-27/
/mnt/d/download/Project coding/EOMT/checkpoint_backups/hrnet-512-fixed-50runs.tar	hrnet_512_fixed_5seed/tensorboard/FETAL/hrnet/fetal_landmark_hrnet_w18_UCL_femur_FL_seed2024_512fixed_2026-08-01-09-27/events.out.tfevents.1785547633.autodl-container-ff6c479d90-fd038452
/mnt/d/download/Project coding/EOMT/checkpoint_backups/hrnet-512-fixed-50runs.tar	hrnet_512_fixed_5seed/tensorboard/FETAL/hrnet/fetal_landmark_hrnet_w18_UCL_femur_FL_seed2024_512fixed_2026-08-01-09-44/
/mnt/d/download/Project coding/EOMT/checkpoint_backups/hrnet-512-fixed-50runs.tar	hrnet_512_fixed_5seed/tensorboard/FETAL/hrnet/fetal_landmark_hrnet_w18_UCL_femur_FL_seed3407_512fixed_2026-08-01-09-45/
/mnt/d/download/Project coding/EOMT/checkpoint_backups/hrnet-512-fixed-50runs.tar	hrnet_512_fixed_5seed/tensorboard/FETAL/hrnet/fetal_landmark_hrnet_w18_UCL_femur_FL_seed3407_512fixed_2026-08-01-09-45/events.out.tfevents.1785548703.autodl-container-ff6c479d90-fd038452
/mnt/d/download/Project coding/EOMT/checkpoint_backups/hrnet-512-fixed-50runs.tar	hrnet_512_fixed_5seed/tensorboard/FETAL/hrnet/fetal_landmark_hrnet_w18_UCL_femur_FL_seed3407_512fixed_2026-08-01-10-04/
/mnt/d/download/Project coding/EOMT/checkpoint_backups/hrnet-512-fixed-50runs.tar	hrnet_512_fixed_5seed/tensorboard/FETAL/hrnet/fetal_landmark_hrnet_w18_MULTICENTRE_brain_BPD_seed42_512fixed_2026-08-01-10-04/
/mnt/d/download/Project coding/EOMT/checkpoint_backups/hrnet-512-fixed-50runs.tar	hrnet_512_fixed_5seed/tensorboard/FETAL/hrnet/fetal_landmark_hrnet_w18_MULTICENTRE_brain_BPD_seed42_512fixed_2026-08-01-10-04/events.out.tfevents.1785549859.autodl-container-ff6c479d90-fd038452
/mnt/d/download/Project coding/EOMT/checkpoint_backups/hrnet-512-fixed-50runs.tar	hrnet_512_fixed_5seed/tensorboard/FETAL/hrnet/fetal_landmark_hrnet_w18_MULTICENTRE_brain_BPD_seed42_512fixed_2026-08-01-11-45/
/mnt/d/download/Project coding/EOMT/checkpoint_backups/hrnet-512-fixed-50runs.tar	hrnet_512_fixed_5seed/tensorboard/FETAL/hrnet/fetal_landmark_hrnet_w18_MULTICENTRE_brain_BPD_seed0_512fixed_2026-08-01-11-46/
/mnt/d/download/Project coding/EOMT/checkpoint_backups/hrnet-512-fixed-50runs.tar	hrnet_512_fixed_5seed/tensorboard/FETAL/hrnet/fetal_landmark_hrnet_w18_MULTICENTRE_brain_BPD_seed0_512fixed_2026-08-01-11-46/events.out.tfevents.1785555965.autodl-container-ff6c479d90-fd038452
/mnt/d/download/Project coding/EOMT/checkpoint_backups/hrnet-512-fixed-50runs.tar	hrnet_512_fixed_5seed/tensorboard/FETAL/hrnet/fetal_landmark_hrnet_w18_MULTICENTRE_brain_BPD_seed0_512fixed_2026-08-01-13-27/
/mnt/d/download/Project coding/EOMT/checkpoint_backups/hrnet-512-fixed-50runs.tar	hrnet_512_fixed_5seed/tensorboard/FETAL/hrnet/fetal_landmark_hrnet_w18_MULTICENTRE_brain_BPD_seed123_512fixed_2026-08-01-13-27/
/mnt/d/download/Project coding/EOMT/checkpoint_backups/hrnet-512-fixed-50runs.tar	hrnet_512_fixed_5seed/tensorboard/FETAL/hrnet/fetal_landmark_hrnet_w18_MULTICENTRE_brain_BPD_seed123_512fixed_2026-08-01-13-27/events.out.tfevents.1785562064.autodl-container-ff6c479d90-fd038452
/mnt/d/download/Project coding/EOMT/checkpoint_backups/hrnet-512-fixed-50runs.tar	hrnet_512_fixed_5seed/tensorboard/FETAL/hrnet/fetal_landmark_hrnet_w18_MULTICENTRE_brain_BPD_seed123_512fixed_2026-08-01-15-07/
/mnt/d/download/Project coding/EOMT/checkpoint_backups/hrnet-512-fixed-50runs.tar	hrnet_512_fixed_5seed/tensorboard/FETAL/hrnet/fetal_landmark_hrnet_w18_MULTICENTRE_brain_BPD_seed2024_512fixed_2026-08-01-15-07/
/mnt/d/download/Project coding/EOMT/checkpoint_backups/hrnet-512-fixed-50runs.tar	hrnet_512_fixed_5seed/tensorboard/FETAL/hrnet/fetal_landmark_hrnet_w18_MULTICENTRE_brain_BPD_seed2024_512fixed_2026-08-01-15-07/events.out.tfevents.1785568066.autodl-container-ff6c479d90-fd038452
/mnt/d/download/Project coding/EOMT/checkpoint_backups/hrnet-512-fixed-50runs.tar	hrnet_512_fixed_5seed/tensorboard/FETAL/hrnet/fetal_landmark_hrnet_w18_MULTICENTRE_brain_BPD_seed2024_512fixed_2026-08-01-16-46/
/mnt/d/download/Project coding/EOMT/checkpoint_backups/hrnet-512-fixed-50runs.tar	hrnet_512_fixed_5seed/tensorboard/FETAL/hrnet/fetal_landmark_hrnet_w18_MULTICENTRE_brain_BPD_seed3407_512fixed_2026-08-01-16-47/
/mnt/d/download/Project coding/EOMT/checkpoint_backups/hrnet-512-fixed-50runs.tar	hrnet_512_fixed_5seed/tensorboard/FETAL/hrnet/fetal_landmark_hrnet_w18_MULTICENTRE_brain_BPD_seed3407_512fixed_2026-08-01-16-47/events.out.tfevents.1785574040.autodl-container-ff6c479d90-fd038452
/mnt/d/download/Project coding/EOMT/checkpoint_backups/hrnet-512-fixed-50runs.tar	hrnet_512_fixed_5seed/tensorboard/FETAL/hrnet/fetal_landmark_hrnet_w18_MULTICENTRE_brain_BPD_seed3407_512fixed_2026-08-01-18-26/
/mnt/d/download/Project coding/EOMT/checkpoint_backups/hrnet-512-fixed-50runs.tar	hrnet_512_fixed_5seed/tensorboard/FETAL/hrnet/fetal_landmark_hrnet_w18_MULTICENTRE_brain_OFD_seed42_512fixed_2026-08-01-18-27/
/mnt/d/download/Project coding/EOMT/checkpoint_backups/hrnet-512-fixed-50runs.tar	hrnet_512_fixed_5seed/tensorboard/FETAL/hrnet/fetal_landmark_hrnet_w18_MULTICENTRE_brain_OFD_seed42_512fixed_2026-08-01-18-27/events.out.tfevents.1785580055.autodl-container-ff6c479d90-fd038452
/mnt/d/download/Project coding/EOMT/checkpoint_backups/hrnet-512-fixed-50runs.tar	hrnet_512_fixed_5seed/tensorboard/FETAL/hrnet/fetal_landmark_hrnet_w18_MULTICENTRE_brain_OFD_seed42_512fixed_2026-08-01-20-07/
/mnt/d/download/Project coding/EOMT/checkpoint_backups/hrnet-512-fixed-50runs.tar	hrnet_512_fixed_5seed/tensorboard/FETAL/hrnet/fetal_landmark_hrnet_w18_MULTICENTRE_brain_OFD_seed0_512fixed_2026-08-01-20-08/
/mnt/d/download/Project coding/EOMT/checkpoint_backups/hrnet-512-fixed-50runs.tar	hrnet_512_fixed_5seed/tensorboard/FETAL/hrnet/fetal_landmark_hrnet_w18_MULTICENTRE_brain_OFD_seed0_512fixed_2026-08-01-20-08/events.out.tfevents.1785586084.autodl-container-ff6c479d90-fd038452
/mnt/d/download/Project coding/EOMT/checkpoint_backups/hrnet-512-fixed-50runs.tar	hrnet_512_fixed_5seed/tensorboard/FETAL/hrnet/fetal_landmark_hrnet_w18_MULTICENTRE_brain_OFD_seed0_512fixed_2026-08-01-21-48/
/mnt/d/download/Project coding/EOMT/checkpoint_backups/hrnet-512-fixed-50runs.tar	hrnet_512_fixed_5seed/tensorboard/FETAL/hrnet/fetal_landmark_hrnet_w18_MULTICENTRE_brain_OFD_seed123_512fixed_2026-08-01-21-49/
/mnt/d/download/Project coding/EOMT/checkpoint_backups/hrnet-512-fixed-50runs.tar	hrnet_512_fixed_5seed/tensorboard/FETAL/hrnet/fetal_landmark_hrnet_w18_MULTICENTRE_brain_OFD_seed123_512fixed_2026-08-01-21-49/events.out.tfevents.1785592165.autodl-container-ff6c479d90-fd038452
/mnt/d/download/Project coding/EOMT/checkpoint_backups/hrnet-512-fixed-50runs.tar	hrnet_512_fixed_5seed/tensorboard/FETAL/hrnet/fetal_landmark_hrnet_w18_MULTICENTRE_brain_OFD_seed123_512fixed_2026-08-01-23-29/
/mnt/d/download/Project coding/EOMT/checkpoint_backups/hrnet-512-fixed-50runs.tar	hrnet_512_fixed_5seed/tensorboard/FETAL/hrnet/fetal_landmark_hrnet_w18_MULTICENTRE_brain_OFD_seed2024_512fixed_2026-08-01-23-30/
/mnt/d/download/Project coding/EOMT/checkpoint_backups/hrnet-512-fixed-50runs.tar	hrnet_512_fixed_5seed/tensorboard/FETAL/hrnet/fetal_landmark_hrnet_w18_MULTICENTRE_brain_OFD_seed2024_512fixed_2026-08-01-23-30/events.out.tfevents.1785598220.autodl-container-ff6c479d90-fd038452
/mnt/d/download/Project coding/EOMT/checkpoint_backups/hrnet-512-fixed-50runs.tar	hrnet_512_fixed_5seed/tensorboard/FETAL/hrnet/fetal_landmark_hrnet_w18_MULTICENTRE_brain_OFD_seed2024_512fixed_2026-08-02-01-10/
/mnt/d/download/Project coding/EOMT/checkpoint_backups/hrnet-512-fixed-50runs.tar	hrnet_512_fixed_5seed/tensorboard/FETAL/hrnet/fetal_landmark_hrnet_w18_MULTICENTRE_brain_OFD_seed3407_512fixed_2026-08-02-01-11/
/mnt/d/download/Project coding/EOMT/checkpoint_backups/hrnet-512-fixed-50runs.tar	hrnet_512_fixed_5seed/tensorboard/FETAL/hrnet/fetal_landmark_hrnet_w18_MULTICENTRE_brain_OFD_seed3407_512fixed_2026-08-02-01-11/events.out.tfevents.1785604260.autodl-container-ff6c479d90-fd038452
/mnt/d/download/Project coding/EOMT/checkpoint_backups/hrnet-512-fixed-50runs.tar	hrnet_512_fixed_5seed/tensorboard/FETAL/hrnet/fetal_landmark_hrnet_w18_MULTICENTRE_brain_OFD_seed3407_512fixed_2026-08-02-02-51/
/mnt/d/download/Project coding/EOMT/checkpoint_backups/hrnet-512-fixed-50runs.tar	hrnet_512_fixed_5seed/tensorboard/FETAL/hrnet/fetal_landmark_hrnet_w18_MULTICENTRE_abdomen_APAD_seed42_512fixed_2026-08-02-02-51/
/mnt/d/download/Project coding/EOMT/checkpoint_backups/hrnet-512-fixed-50runs.tar	hrnet_512_fixed_5seed/tensorboard/FETAL/hrnet/fetal_landmark_hrnet_w18_MULTICENTRE_abdomen_APAD_seed42_512fixed_2026-08-02-02-51/events.out.tfevents.1785610304.autodl-container-ff6c479d90-fd038452
/mnt/d/download/Project coding/EOMT/checkpoint_backups/hrnet-512-fixed-50runs.tar	hrnet_512_fixed_5seed/tensorboard/FETAL/hrnet/fetal_landmark_hrnet_w18_MULTICENTRE_abdomen_APAD_seed42_512fixed_2026-08-02-03-36/
/mnt/d/download/Project coding/EOMT/checkpoint_backups/hrnet-512-fixed-50runs.tar	hrnet_512_fixed_5seed/tensorboard/FETAL/hrnet/fetal_landmark_hrnet_w18_MULTICENTRE_abdomen_APAD_seed0_512fixed_2026-08-02-03-36/
/mnt/d/download/Project coding/EOMT/checkpoint_backups/hrnet-512-fixed-50runs.tar	hrnet_512_fixed_5seed/tensorboard/FETAL/hrnet/fetal_landmark_hrnet_w18_MULTICENTRE_abdomen_APAD_seed0_512fixed_2026-08-02-03-36/events.out.tfevents.1785612979.autodl-container-ff6c479d90-fd038452
/mnt/d/download/Project coding/EOMT/checkpoint_backups/hrnet-512-fixed-50runs.tar	hrnet_512_fixed_5seed/tensorboard/FETAL/hrnet/fetal_landmark_hrnet_w18_MULTICENTRE_abdomen_APAD_seed0_512fixed_2026-08-02-04-19/
/mnt/d/download/Project coding/EOMT/checkpoint_backups/hrnet-512-fixed-50runs.tar	hrnet_512_fixed_5seed/tensorboard/FETAL/hrnet/fetal_landmark_hrnet_w18_MULTICENTRE_abdomen_APAD_seed123_512fixed_2026-08-02-04-20/
/mnt/d/download/Project coding/EOMT/checkpoint_backups/hrnet-512-fixed-50runs.tar	hrnet_512_fixed_5seed/tensorboard/FETAL/hrnet/fetal_landmark_hrnet_w18_MULTICENTRE_abdomen_APAD_seed123_512fixed_2026-08-02-04-20/events.out.tfevents.1785615607.autodl-container-ff6c479d90-fd038452
/mnt/d/download/Project coding/EOMT/checkpoint_backups/hrnet-512-fixed-50runs.tar	hrnet_512_fixed_5seed/tensorboard/FETAL/hrnet/fetal_landmark_hrnet_w18_MULTICENTRE_abdomen_APAD_seed123_512fixed_2026-08-02-05-04/
/mnt/d/download/Project coding/EOMT/checkpoint_backups/hrnet-512-fixed-50runs.tar	hrnet_512_fixed_5seed/tensorboard/FETAL/hrnet/fetal_landmark_hrnet_w18_MULTICENTRE_abdomen_APAD_seed2024_512fixed_2026-08-02-05-04/
/mnt/d/download/Project coding/EOMT/checkpoint_backups/hrnet-512-fixed-50runs.tar	hrnet_512_fixed_5seed/tensorboard/FETAL/hrnet/fetal_landmark_hrnet_w18_MULTICENTRE_abdomen_APAD_seed2024_512fixed_2026-08-02-05-04/events.out.tfevents.1785618256.autodl-container-ff6c479d90-fd038452
/mnt/d/download/Project coding/EOMT/checkpoint_backups/hrnet-512-fixed-50runs.tar	hrnet_512_fixed_5seed/tensorboard/FETAL/hrnet/fetal_landmark_hrnet_w18_MULTICENTRE_abdomen_APAD_seed2024_512fixed_2026-08-02-05-47/
/mnt/d/download/Project coding/EOMT/checkpoint_backups/hrnet-512-fixed-50runs.tar	hrnet_512_fixed_5seed/tensorboard/FETAL/hrnet/fetal_landmark_hrnet_w18_MULTICENTRE_abdomen_APAD_seed3407_512fixed_2026-08-02-05-47/
/mnt/d/download/Project coding/EOMT/checkpoint_backups/hrnet-512-fixed-50runs.tar	hrnet_512_fixed_5seed/tensorboard/FETAL/hrnet/fetal_landmark_hrnet_w18_MULTICENTRE_abdomen_APAD_seed3407_512fixed_2026-08-02-05-47/events.out.tfevents.1785620867.autodl-container-ff6c479d90-fd038452
/mnt/d/download/Project coding/EOMT/checkpoint_backups/hrnet-512-fixed-50runs.tar	hrnet_512_fixed_5seed/tensorboard/FETAL/hrnet/fetal_landmark_hrnet_w18_MULTICENTRE_abdomen_APAD_seed3407_512fixed_2026-08-02-06-31/
/mnt/d/download/Project coding/EOMT/checkpoint_backups/hrnet-512-fixed-50runs.tar	hrnet_512_fixed_5seed/tensorboard/FETAL/hrnet/fetal_landmark_hrnet_w18_MULTICENTRE_abdomen_TAD_seed42_512fixed_2026-08-02-06-31/
/mnt/d/download/Project coding/EOMT/checkpoint_backups/hrnet-512-fixed-50runs.tar	hrnet_512_fixed_5seed/tensorboard/FETAL/hrnet/fetal_landmark_hrnet_w18_MULTICENTRE_abdomen_TAD_seed42_512fixed_2026-08-02-06-31/events.out.tfevents.1785623496.autodl-container-ff6c479d90-fd038452
/mnt/d/download/Project coding/EOMT/checkpoint_backups/hrnet-512-fixed-50runs.tar	hrnet_512_fixed_5seed/tensorboard/FETAL/hrnet/fetal_landmark_hrnet_w18_MULTICENTRE_abdomen_TAD_seed42_512fixed_2026-08-02-07-15/
/mnt/d/download/Project coding/EOMT/checkpoint_backups/hrnet-512-fixed-50runs.tar	hrnet_512_fixed_5seed/tensorboard/FETAL/hrnet/fetal_landmark_hrnet_w18_MULTICENTRE_abdomen_TAD_seed0_512fixed_2026-08-02-07-15/
/mnt/d/download/Project coding/EOMT/checkpoint_backups/hrnet-512-fixed-50runs.tar	hrnet_512_fixed_5seed/tensorboard/FETAL/hrnet/fetal_landmark_hrnet_w18_MULTICENTRE_abdomen_TAD_seed0_512fixed_2026-08-02-07-15/events.out.tfevents.1785626134.autodl-container-ff6c479d90-fd038452
/mnt/d/download/Project coding/EOMT/checkpoint_backups/hrnet-512-fixed-50runs.tar	hrnet_512_fixed_5seed/tensorboard/FETAL/hrnet/fetal_landmark_hrnet_w18_MULTICENTRE_abdomen_TAD_seed0_512fixed_2026-08-02-07-59/
/mnt/d/download/Project coding/EOMT/checkpoint_backups/hrnet-512-fixed-50runs.tar	hrnet_512_fixed_5seed/tensorboard/FETAL/hrnet/fetal_landmark_hrnet_w18_MULTICENTRE_abdomen_TAD_seed123_512fixed_2026-08-02-07-59/
/mnt/d/download/Project coding/EOMT/checkpoint_backups/hrnet-512-fixed-50runs.tar	hrnet_512_fixed_5seed/tensorboard/FETAL/hrnet/fetal_landmark_hrnet_w18_MULTICENTRE_abdomen_TAD_seed123_512fixed_2026-08-02-07-59/events.out.tfevents.1785628793.autodl-container-ff6c479d90-fd038452
/mnt/d/download/Project coding/EOMT/checkpoint_backups/hrnet-512-fixed-50runs.tar	hrnet_512_fixed_5seed/tensorboard/FETAL/hrnet/fetal_landmark_hrnet_w18_MULTICENTRE_abdomen_TAD_seed123_512fixed_2026-08-02-08-42/
/mnt/d/download/Project coding/EOMT/checkpoint_backups/hrnet-512-fixed-50runs.tar	hrnet_512_fixed_5seed/tensorboard/FETAL/hrnet/fetal_landmark_hrnet_w18_MULTICENTRE_abdomen_TAD_seed2024_512fixed_2026-08-02-08-43/
/mnt/d/download/Project coding/EOMT/checkpoint_backups/hrnet-512-fixed-50runs.tar	hrnet_512_fixed_5seed/tensorboard/FETAL/hrnet/fetal_landmark_hrnet_w18_MULTICENTRE_abdomen_TAD_seed2024_512fixed_2026-08-02-08-43/events.out.tfevents.1785631396.autodl-container-ff6c479d90-fd038452
/mnt/d/download/Project coding/EOMT/checkpoint_backups/hrnet-512-fixed-50runs.tar	hrnet_512_fixed_5seed/tensorboard/FETAL/hrnet/fetal_landmark_hrnet_w18_MULTICENTRE_abdomen_TAD_seed2024_512fixed_2026-08-02-09-26/
/mnt/d/download/Project coding/EOMT/checkpoint_backups/hrnet-512-fixed-50runs.tar	hrnet_512_fixed_5seed/tensorboard/FETAL/hrnet/fetal_landmark_hrnet_w18_MULTICENTRE_abdomen_TAD_seed3407_512fixed_2026-08-02-09-26/
/mnt/d/download/Project coding/EOMT/checkpoint_backups/hrnet-512-fixed-50runs.tar	hrnet_512_fixed_5seed/tensorboard/FETAL/hrnet/fetal_landmark_hrnet_w18_MULTICENTRE_abdomen_TAD_seed3407_512fixed_2026-08-02-09-26/events.out.tfevents.1785633989.autodl-container-ff6c479d90-fd038452
/mnt/d/download/Project coding/EOMT/checkpoint_backups/hrnet-512-fixed-50runs.tar	hrnet_512_fixed_5seed/tensorboard/FETAL/hrnet/fetal_landmark_hrnet_w18_MULTICENTRE_abdomen_TAD_seed3407_512fixed_2026-08-02-10-09/
/mnt/d/download/Project coding/EOMT/checkpoint_backups/hrnet-512-fixed-50runs.tar	hrnet_512_fixed_5seed/tensorboard/FETAL/hrnet/fetal_landmark_hrnet_w18_MULTICENTRE_femur_FL_seed42_512fixed_2026-08-02-10-09/
/mnt/d/download/Project coding/EOMT/checkpoint_backups/hrnet-512-fixed-50runs.tar	hrnet_512_fixed_5seed/tensorboard/FETAL/hrnet/fetal_landmark_hrnet_w18_MULTICENTRE_femur_FL_seed42_512fixed_2026-08-02-10-09/events.out.tfevents.1785636567.autodl-container-ff6c479d90-fd038452
/mnt/d/download/Project coding/EOMT/checkpoint_backups/hrnet-512-fixed-50runs.tar	hrnet_512_fixed_5seed/tensorboard/FETAL/hrnet/fetal_landmark_hrnet_w18_MULTICENTRE_femur_FL_seed42_512fixed_2026-08-02-10-50/
/mnt/d/download/Project coding/EOMT/checkpoint_backups/hrnet-512-fixed-50runs.tar	hrnet_512_fixed_5seed/tensorboard/FETAL/hrnet/fetal_landmark_hrnet_w18_MULTICENTRE_femur_FL_seed0_512fixed_2026-08-02-10-50/
/mnt/d/download/Project coding/EOMT/checkpoint_backups/hrnet-512-fixed-50runs.tar	hrnet_512_fixed_5seed/tensorboard/FETAL/hrnet/fetal_landmark_hrnet_w18_MULTICENTRE_femur_FL_seed0_512fixed_2026-08-02-10-50/events.out.tfevents.1785639050.autodl-container-ff6c479d90-fd038452
/mnt/d/download/Project coding/EOMT/checkpoint_backups/hrnet-512-fixed-50runs.tar	hrnet_512_fixed_5seed/tensorboard/FETAL/hrnet/fetal_landmark_hrnet_w18_MULTICENTRE_femur_FL_seed0_512fixed_2026-08-02-11-31/
/mnt/d/download/Project coding/EOMT/checkpoint_backups/hrnet-512-fixed-50runs.tar	hrnet_512_fixed_5seed/tensorboard/FETAL/hrnet/fetal_landmark_hrnet_w18_MULTICENTRE_femur_FL_seed123_512fixed_2026-08-02-11-32/
/mnt/d/download/Project coding/EOMT/checkpoint_backups/hrnet-512-fixed-50runs.tar	hrnet_512_fixed_5seed/tensorboard/FETAL/hrnet/fetal_landmark_hrnet_w18_MULTICENTRE_femur_FL_seed123_512fixed_2026-08-02-11-32/events.out.tfevents.1785641525.autodl-container-ff6c479d90-fd038452
/mnt/d/download/Project coding/EOMT/checkpoint_backups/hrnet-512-fixed-50runs.tar	hrnet_512_fixed_5seed/tensorboard/FETAL/hrnet/fetal_landmark_hrnet_w18_MULTICENTRE_femur_FL_seed123_512fixed_2026-08-02-12-13/
/mnt/d/download/Project coding/EOMT/checkpoint_backups/hrnet-512-fixed-50runs.tar	hrnet_512_fixed_5seed/tensorboard/FETAL/hrnet/fetal_landmark_hrnet_w18_MULTICENTRE_femur_FL_seed2024_512fixed_2026-08-02-12-14/
/mnt/d/download/Project coding/EOMT/checkpoint_backups/hrnet-512-fixed-50runs.tar	hrnet_512_fixed_5seed/tensorboard/FETAL/hrnet/fetal_landmark_hrnet_w18_MULTICENTRE_femur_FL_seed2024_512fixed_2026-08-02-12-14/events.out.tfevents.1785644047.autodl-container-ff6c479d90-fd038452
/mnt/d/download/Project coding/EOMT/checkpoint_backups/hrnet-512-fixed-50runs.tar	hrnet_512_fixed_5seed/tensorboard/FETAL/hrnet/fetal_landmark_hrnet_w18_MULTICENTRE_femur_FL_seed2024_512fixed_2026-08-02-12-56/
/mnt/d/download/Project coding/EOMT/checkpoint_backups/hrnet-512-fixed-50runs.tar	hrnet_512_fixed_5seed/tensorboard/FETAL/hrnet/fetal_landmark_hrnet_w18_MULTICENTRE_femur_FL_seed3407_512fixed_2026-08-02-12-56/
/mnt/d/download/Project coding/EOMT/checkpoint_backups/hrnet-512-fixed-50runs.tar	hrnet_512_fixed_5seed/tensorboard/FETAL/hrnet/fetal_landmark_hrnet_w18_MULTICENTRE_femur_FL_seed3407_512fixed_2026-08-02-12-56/events.out.tfevents.1785646614.autodl-container-ff6c479d90-fd038452
/mnt/d/download/Project coding/EOMT/checkpoint_backups/hrnet-512-fixed-50runs.tar	hrnet_512_fixed_5seed/tensorboard/FETAL/hrnet/fetal_landmark_hrnet_w18_MULTICENTRE_femur_FL_seed3407_512fixed_2026-08-02-13-38/
/mnt/d/download/Project coding/EOMT/checkpoint_backups/hrnet-512-fixed-50runs.tar	hrnet_512_fixed_5seed/driver_logs/
/mnt/d/download/Project coding/EOMT/checkpoint_backups/hrnet-512-fixed-50runs.tar	hrnet_512_fixed_5seed/driver_logs/fetal_landmark_hrnet_w18_UCL_abdomen_TAD_seed2024_512fixed_train.log
/mnt/d/download/Project coding/EOMT/checkpoint_backups/hrnet-512-fixed-50runs.tar	hrnet_512_fixed_5seed/driver_logs/fetal_landmark_hrnet_w18_UCL_abdomen_TAD_seed3407_512fixed_train.log
/mnt/d/download/Project coding/EOMT/checkpoint_backups/hrnet-512-fixed-50runs.tar	hrnet_512_fixed_5seed/driver_logs/fetal_landmark_hrnet_w18_UCL_femur_FL_seed42_512fixed_train.log
/mnt/d/download/Project coding/EOMT/checkpoint_backups/hrnet-512-fixed-50runs.tar	hrnet_512_fixed_5seed/driver_logs/fetal_landmark_hrnet_w18_UCL_brain_BPD_seed42_512fixed_train_INVALID_PRE_DECODE_FIX.log
/mnt/d/download/Project coding/EOMT/checkpoint_backups/hrnet-512-fixed-50runs.tar	hrnet_512_fixed_5seed/driver_logs/fetal_landmark_hrnet_w18_UCL_brain_BPD_seed42_512fixed_test_INVALID_PRE_DECODE_FIX.log
/mnt/d/download/Project coding/EOMT/checkpoint_backups/hrnet-512-fixed-50runs.tar	hrnet_512_fixed_5seed/driver_logs/fetal_landmark_hrnet_w18_UCL_brain_BPD_seed0_512fixed_train_INVALID_PRE_DECODE_FIX.log
/mnt/d/download/Project coding/EOMT/checkpoint_backups/hrnet-512-fixed-50runs.tar	hrnet_512_fixed_5seed/driver_logs/fetal_landmark_hrnet_w18_UCL_brain_BPD_seed42_512fixed_train.log
/mnt/d/download/Project coding/EOMT/checkpoint_backups/hrnet-512-fixed-50runs.tar	hrnet_512_fixed_5seed/driver_logs/fetal_landmark_hrnet_w18_UCL_brain_BPD_seed42_512fixed_test.log
/mnt/d/download/Project coding/EOMT/checkpoint_backups/hrnet-512-fixed-50runs.tar	hrnet_512_fixed_5seed/driver_logs/fetal_landmark_hrnet_w18_UCL_brain_BPD_seed0_512fixed_train.log
/mnt/d/download/Project coding/EOMT/checkpoint_backups/hrnet-512-fixed-50runs.tar	hrnet_512_fixed_5seed/driver_logs/fetal_landmark_hrnet_w18_UCL_brain_BPD_seed0_512fixed_test.log
/mnt/d/download/Project coding/EOMT/checkpoint_backups/hrnet-512-fixed-50runs.tar	hrnet_512_fixed_5seed/driver_logs/fetal_landmark_hrnet_w18_UCL_brain_BPD_seed123_512fixed_train.log
/mnt/d/download/Project coding/EOMT/checkpoint_backups/hrnet-512-fixed-50runs.tar	hrnet_512_fixed_5seed/driver_logs/fetal_landmark_hrnet_w18_UCL_brain_BPD_seed123_512fixed_test.log
/mnt/d/download/Project coding/EOMT/checkpoint_backups/hrnet-512-fixed-50runs.tar	hrnet_512_fixed_5seed/driver_logs/fetal_landmark_hrnet_w18_UCL_brain_BPD_seed2024_512fixed_train.log
/mnt/d/download/Project coding/EOMT/checkpoint_backups/hrnet-512-fixed-50runs.tar	hrnet_512_fixed_5seed/driver_logs/fetal_landmark_hrnet_w18_UCL_brain_BPD_seed2024_512fixed_test.log
/mnt/d/download/Project coding/EOMT/checkpoint_backups/hrnet-512-fixed-50runs.tar	hrnet_512_fixed_5seed/driver_logs/fetal_landmark_hrnet_w18_UCL_brain_BPD_seed3407_512fixed_train.log
/mnt/d/download/Project coding/EOMT/checkpoint_backups/hrnet-512-fixed-50runs.tar	hrnet_512_fixed_5seed/driver_logs/fetal_landmark_hrnet_w18_UCL_brain_BPD_seed3407_512fixed_test.log
/mnt/d/download/Project coding/EOMT/checkpoint_backups/hrnet-512-fixed-50runs.tar	hrnet_512_fixed_5seed/driver_logs/fetal_landmark_hrnet_w18_UCL_brain_OFD_seed42_512fixed_train.log
/mnt/d/download/Project coding/EOMT/checkpoint_backups/hrnet-512-fixed-50runs.tar	hrnet_512_fixed_5seed/driver_logs/fetal_landmark_hrnet_w18_UCL_brain_OFD_seed42_512fixed_test.log
/mnt/d/download/Project coding/EOMT/checkpoint_backups/hrnet-512-fixed-50runs.tar	hrnet_512_fixed_5seed/driver_logs/fetal_landmark_hrnet_w18_UCL_brain_OFD_seed0_512fixed_train.log
/mnt/d/download/Project coding/EOMT/checkpoint_backups/hrnet-512-fixed-50runs.tar	hrnet_512_fixed_5seed/driver_logs/fetal_landmark_hrnet_w18_UCL_brain_OFD_seed0_512fixed_test.log
/mnt/d/download/Project coding/EOMT/checkpoint_backups/hrnet-512-fixed-50runs.tar	hrnet_512_fixed_5seed/driver_logs/fetal_landmark_hrnet_w18_UCL_brain_OFD_seed123_512fixed_train.log
/mnt/d/download/Project coding/EOMT/checkpoint_backups/hrnet-512-fixed-50runs.tar	hrnet_512_fixed_5seed/driver_logs/fetal_landmark_hrnet_w18_UCL_brain_OFD_seed123_512fixed_test.log
/mnt/d/download/Project coding/EOMT/checkpoint_backups/hrnet-512-fixed-50runs.tar	hrnet_512_fixed_5seed/driver_logs/fetal_landmark_hrnet_w18_UCL_brain_OFD_seed2024_512fixed_train.log
/mnt/d/download/Project coding/EOMT/checkpoint_backups/hrnet-512-fixed-50runs.tar	hrnet_512_fixed_5seed/driver_logs/fetal_landmark_hrnet_w18_UCL_brain_OFD_seed2024_512fixed_test.log
/mnt/d/download/Project coding/EOMT/checkpoint_backups/hrnet-512-fixed-50runs.tar	hrnet_512_fixed_5seed/driver_logs/fetal_landmark_hrnet_w18_UCL_brain_OFD_seed3407_512fixed_train.log
/mnt/d/download/Project coding/EOMT/checkpoint_backups/hrnet-512-fixed-50runs.tar	hrnet_512_fixed_5seed/driver_logs/fetal_landmark_hrnet_w18_UCL_brain_OFD_seed3407_512fixed_test.log
/mnt/d/download/Project coding/EOMT/checkpoint_backups/hrnet-512-fixed-50runs.tar	hrnet_512_fixed_5seed/driver_logs/fetal_landmark_hrnet_w18_UCL_abdomen_APAD_seed42_512fixed_train.log
/mnt/d/download/Project coding/EOMT/checkpoint_backups/hrnet-512-fixed-50runs.tar	hrnet_512_fixed_5seed/driver_logs/fetal_landmark_hrnet_w18_UCL_abdomen_APAD_seed42_512fixed_test.log
/mnt/d/download/Project coding/EOMT/checkpoint_backups/hrnet-512-fixed-50runs.tar	hrnet_512_fixed_5seed/driver_logs/fetal_landmark_hrnet_w18_UCL_abdomen_APAD_seed0_512fixed_train.log
/mnt/d/download/Project coding/EOMT/checkpoint_backups/hrnet-512-fixed-50runs.tar	hrnet_512_fixed_5seed/driver_logs/fetal_landmark_hrnet_w18_UCL_abdomen_APAD_seed0_512fixed_test.log
/mnt/d/download/Project coding/EOMT/checkpoint_backups/hrnet-512-fixed-50runs.tar	hrnet_512_fixed_5seed/driver_logs/fetal_landmark_hrnet_w18_UCL_abdomen_APAD_seed123_512fixed_train.log
/mnt/d/download/Project coding/EOMT/checkpoint_backups/hrnet-512-fixed-50runs.tar	hrnet_512_fixed_5seed/driver_logs/fetal_landmark_hrnet_w18_UCL_abdomen_APAD_seed123_512fixed_test.log
/mnt/d/download/Project coding/EOMT/checkpoint_backups/hrnet-512-fixed-50runs.tar	hrnet_512_fixed_5seed/driver_logs/fetal_landmark_hrnet_w18_UCL_abdomen_APAD_seed2024_512fixed_train.log
/mnt/d/download/Project coding/EOMT/checkpoint_backups/hrnet-512-fixed-50runs.tar	hrnet_512_fixed_5seed/driver_logs/fetal_landmark_hrnet_w18_UCL_abdomen_APAD_seed2024_512fixed_test.log
/mnt/d/download/Project coding/EOMT/checkpoint_backups/hrnet-512-fixed-50runs.tar	hrnet_512_fixed_5seed/driver_logs/fetal_landmark_hrnet_w18_UCL_abdomen_APAD_seed3407_512fixed_train.log
/mnt/d/download/Project coding/EOMT/checkpoint_backups/hrnet-512-fixed-50runs.tar	hrnet_512_fixed_5seed/driver_logs/fetal_landmark_hrnet_w18_UCL_abdomen_APAD_seed3407_512fixed_test.log
/mnt/d/download/Project coding/EOMT/checkpoint_backups/hrnet-512-fixed-50runs.tar	hrnet_512_fixed_5seed/driver_logs/fetal_landmark_hrnet_w18_UCL_abdomen_TAD_seed42_512fixed_train.log
/mnt/d/download/Project coding/EOMT/checkpoint_backups/hrnet-512-fixed-50runs.tar	hrnet_512_fixed_5seed/driver_logs/fetal_landmark_hrnet_w18_UCL_abdomen_TAD_seed42_512fixed_test.log
/mnt/d/download/Project coding/EOMT/checkpoint_backups/hrnet-512-fixed-50runs.tar	hrnet_512_fixed_5seed/driver_logs/fetal_landmark_hrnet_w18_UCL_abdomen_TAD_seed0_512fixed_train.log
/mnt/d/download/Project coding/EOMT/checkpoint_backups/hrnet-512-fixed-50runs.tar	hrnet_512_fixed_5seed/driver_logs/fetal_landmark_hrnet_w18_UCL_abdomen_TAD_seed0_512fixed_test.log
/mnt/d/download/Project coding/EOMT/checkpoint_backups/hrnet-512-fixed-50runs.tar	hrnet_512_fixed_5seed/driver_logs/fetal_landmark_hrnet_w18_UCL_abdomen_TAD_seed123_512fixed_train.log
/mnt/d/download/Project coding/EOMT/checkpoint_backups/hrnet-512-fixed-50runs.tar	hrnet_512_fixed_5seed/driver_logs/fetal_landmark_hrnet_w18_UCL_abdomen_TAD_seed123_512fixed_test.log
/mnt/d/download/Project coding/EOMT/checkpoint_backups/hrnet-512-fixed-50runs.tar	hrnet_512_fixed_5seed/driver_logs/fetal_landmark_hrnet_w18_UCL_abdomen_TAD_seed2024_512fixed_test.log
/mnt/d/download/Project coding/EOMT/checkpoint_backups/hrnet-512-fixed-50runs.tar	hrnet_512_fixed_5seed/driver_logs/fetal_landmark_hrnet_w18_UCL_abdomen_TAD_seed3407_512fixed_test.log
/mnt/d/download/Project coding/EOMT/checkpoint_backups/hrnet-512-fixed-50runs.tar	hrnet_512_fixed_5seed/driver_logs/fetal_landmark_hrnet_w18_UCL_femur_FL_seed42_512fixed_test.log
/mnt/d/download/Project coding/EOMT/checkpoint_backups/hrnet-512-fixed-50runs.tar	hrnet_512_fixed_5seed/driver_logs/fetal_landmark_hrnet_w18_UCL_femur_FL_seed0_512fixed_train.log
/mnt/d/download/Project coding/EOMT/checkpoint_backups/hrnet-512-fixed-50runs.tar	hrnet_512_fixed_5seed/driver_logs/fetal_landmark_hrnet_w18_UCL_femur_FL_seed0_512fixed_test.log
/mnt/d/download/Project coding/EOMT/checkpoint_backups/hrnet-512-fixed-50runs.tar	hrnet_512_fixed_5seed/driver_logs/fetal_landmark_hrnet_w18_UCL_femur_FL_seed123_512fixed_train.log
/mnt/d/download/Project coding/EOMT/checkpoint_backups/hrnet-512-fixed-50runs.tar	hrnet_512_fixed_5seed/driver_logs/fetal_landmark_hrnet_w18_UCL_femur_FL_seed123_512fixed_test.log
/mnt/d/download/Project coding/EOMT/checkpoint_backups/hrnet-512-fixed-50runs.tar	hrnet_512_fixed_5seed/driver_logs/fetal_landmark_hrnet_w18_UCL_femur_FL_seed2024_512fixed_train.log
/mnt/d/download/Project coding/EOMT/checkpoint_backups/hrnet-512-fixed-50runs.tar	hrnet_512_fixed_5seed/driver_logs/fetal_landmark_hrnet_w18_UCL_femur_FL_seed2024_512fixed_test.log
/mnt/d/download/Project coding/EOMT/checkpoint_backups/hrnet-512-fixed-50runs.tar	hrnet_512_fixed_5seed/driver_logs/fetal_landmark_hrnet_w18_UCL_femur_FL_seed3407_512fixed_train.log
/mnt/d/download/Project coding/EOMT/checkpoint_backups/hrnet-512-fixed-50runs.tar	hrnet_512_fixed_5seed/driver_logs/fetal_landmark_hrnet_w18_UCL_femur_FL_seed3407_512fixed_test.log
/mnt/d/download/Project coding/EOMT/checkpoint_backups/hrnet-512-fixed-50runs.tar	hrnet_512_fixed_5seed/driver_logs/fetal_landmark_hrnet_w18_MULTICENTRE_brain_BPD_seed42_512fixed_train.log
/mnt/d/download/Project coding/EOMT/checkpoint_backups/hrnet-512-fixed-50runs.tar	hrnet_512_fixed_5seed/driver_logs/fetal_landmark_hrnet_w18_MULTICENTRE_brain_BPD_seed42_512fixed_test.log
/mnt/d/download/Project coding/EOMT/checkpoint_backups/hrnet-512-fixed-50runs.tar	hrnet_512_fixed_5seed/driver_logs/fetal_landmark_hrnet_w18_MULTICENTRE_brain_BPD_seed0_512fixed_train.log
/mnt/d/download/Project coding/EOMT/checkpoint_backups/hrnet-512-fixed-50runs.tar	hrnet_512_fixed_5seed/driver_logs/fetal_landmark_hrnet_w18_MULTICENTRE_brain_BPD_seed0_512fixed_test.log
/mnt/d/download/Project coding/EOMT/checkpoint_backups/hrnet-512-fixed-50runs.tar	hrnet_512_fixed_5seed/driver_logs/fetal_landmark_hrnet_w18_MULTICENTRE_brain_BPD_seed123_512fixed_train.log
/mnt/d/download/Project coding/EOMT/checkpoint_backups/hrnet-512-fixed-50runs.tar	hrnet_512_fixed_5seed/driver_logs/fetal_landmark_hrnet_w18_MULTICENTRE_brain_BPD_seed123_512fixed_test.log
/mnt/d/download/Project coding/EOMT/checkpoint_backups/hrnet-512-fixed-50runs.tar	hrnet_512_fixed_5seed/driver_logs/fetal_landmark_hrnet_w18_MULTICENTRE_brain_BPD_seed2024_512fixed_train.log
/mnt/d/download/Project coding/EOMT/checkpoint_backups/hrnet-512-fixed-50runs.tar	hrnet_512_fixed_5seed/driver_logs/fetal_landmark_hrnet_w18_MULTICENTRE_brain_BPD_seed2024_512fixed_test.log
/mnt/d/download/Project coding/EOMT/checkpoint_backups/hrnet-512-fixed-50runs.tar	hrnet_512_fixed_5seed/driver_logs/fetal_landmark_hrnet_w18_MULTICENTRE_brain_BPD_seed3407_512fixed_train.log
/mnt/d/download/Project coding/EOMT/checkpoint_backups/hrnet-512-fixed-50runs.tar	hrnet_512_fixed_5seed/driver_logs/fetal_landmark_hrnet_w18_MULTICENTRE_brain_BPD_seed3407_512fixed_test.log
/mnt/d/download/Project coding/EOMT/checkpoint_backups/hrnet-512-fixed-50runs.tar	hrnet_512_fixed_5seed/driver_logs/fetal_landmark_hrnet_w18_MULTICENTRE_brain_OFD_seed42_512fixed_train.log
/mnt/d/download/Project coding/EOMT/checkpoint_backups/hrnet-512-fixed-50runs.tar	hrnet_512_fixed_5seed/driver_logs/fetal_landmark_hrnet_w18_MULTICENTRE_brain_OFD_seed42_512fixed_test.log
/mnt/d/download/Project coding/EOMT/checkpoint_backups/hrnet-512-fixed-50runs.tar	hrnet_512_fixed_5seed/driver_logs/fetal_landmark_hrnet_w18_MULTICENTRE_brain_OFD_seed0_512fixed_train.log
/mnt/d/download/Project coding/EOMT/checkpoint_backups/hrnet-512-fixed-50runs.tar	hrnet_512_fixed_5seed/driver_logs/fetal_landmark_hrnet_w18_MULTICENTRE_brain_OFD_seed0_512fixed_test.log
/mnt/d/download/Project coding/EOMT/checkpoint_backups/hrnet-512-fixed-50runs.tar	hrnet_512_fixed_5seed/driver_logs/fetal_landmark_hrnet_w18_MULTICENTRE_brain_OFD_seed123_512fixed_train.log
/mnt/d/download/Project coding/EOMT/checkpoint_backups/hrnet-512-fixed-50runs.tar	hrnet_512_fixed_5seed/driver_logs/fetal_landmark_hrnet_w18_MULTICENTRE_brain_OFD_seed123_512fixed_test.log
/mnt/d/download/Project coding/EOMT/checkpoint_backups/hrnet-512-fixed-50runs.tar	hrnet_512_fixed_5seed/driver_logs/fetal_landmark_hrnet_w18_MULTICENTRE_brain_OFD_seed2024_512fixed_train.log
/mnt/d/download/Project coding/EOMT/checkpoint_backups/hrnet-512-fixed-50runs.tar	hrnet_512_fixed_5seed/driver_logs/fetal_landmark_hrnet_w18_MULTICENTRE_brain_OFD_seed2024_512fixed_test.log
/mnt/d/download/Project coding/EOMT/checkpoint_backups/hrnet-512-fixed-50runs.tar	hrnet_512_fixed_5seed/driver_logs/fetal_landmark_hrnet_w18_MULTICENTRE_brain_OFD_seed3407_512fixed_train.log
/mnt/d/download/Project coding/EOMT/checkpoint_backups/hrnet-512-fixed-50runs.tar	hrnet_512_fixed_5seed/driver_logs/fetal_landmark_hrnet_w18_MULTICENTRE_brain_OFD_seed3407_512fixed_test.log
/mnt/d/download/Project coding/EOMT/checkpoint_backups/hrnet-512-fixed-50runs.tar	hrnet_512_fixed_5seed/driver_logs/fetal_landmark_hrnet_w18_MULTICENTRE_abdomen_APAD_seed42_512fixed_train.log
/mnt/d/download/Project coding/EOMT/checkpoint_backups/hrnet-512-fixed-50runs.tar	hrnet_512_fixed_5seed/driver_logs/fetal_landmark_hrnet_w18_MULTICENTRE_abdomen_APAD_seed42_512fixed_test.log
/mnt/d/download/Project coding/EOMT/checkpoint_backups/hrnet-512-fixed-50runs.tar	hrnet_512_fixed_5seed/driver_logs/fetal_landmark_hrnet_w18_MULTICENTRE_abdomen_APAD_seed0_512fixed_train.log
/mnt/d/download/Project coding/EOMT/checkpoint_backups/hrnet-512-fixed-50runs.tar	hrnet_512_fixed_5seed/driver_logs/fetal_landmark_hrnet_w18_MULTICENTRE_abdomen_APAD_seed0_512fixed_test.log
/mnt/d/download/Project coding/EOMT/checkpoint_backups/hrnet-512-fixed-50runs.tar	hrnet_512_fixed_5seed/driver_logs/fetal_landmark_hrnet_w18_MULTICENTRE_abdomen_APAD_seed123_512fixed_train.log
/mnt/d/download/Project coding/EOMT/checkpoint_backups/hrnet-512-fixed-50runs.tar	hrnet_512_fixed_5seed/driver_logs/fetal_landmark_hrnet_w18_MULTICENTRE_abdomen_APAD_seed123_512fixed_test.log
/mnt/d/download/Project coding/EOMT/checkpoint_backups/hrnet-512-fixed-50runs.tar	hrnet_512_fixed_5seed/driver_logs/fetal_landmark_hrnet_w18_MULTICENTRE_abdomen_APAD_seed2024_512fixed_train.log
/mnt/d/download/Project coding/EOMT/checkpoint_backups/hrnet-512-fixed-50runs.tar	hrnet_512_fixed_5seed/driver_logs/fetal_landmark_hrnet_w18_MULTICENTRE_abdomen_APAD_seed2024_512fixed_test.log
/mnt/d/download/Project coding/EOMT/checkpoint_backups/hrnet-512-fixed-50runs.tar	hrnet_512_fixed_5seed/driver_logs/fetal_landmark_hrnet_w18_MULTICENTRE_abdomen_APAD_seed3407_512fixed_train.log
/mnt/d/download/Project coding/EOMT/checkpoint_backups/hrnet-512-fixed-50runs.tar	hrnet_512_fixed_5seed/driver_logs/fetal_landmark_hrnet_w18_MULTICENTRE_abdomen_APAD_seed3407_512fixed_test.log
/mnt/d/download/Project coding/EOMT/checkpoint_backups/hrnet-512-fixed-50runs.tar	hrnet_512_fixed_5seed/driver_logs/fetal_landmark_hrnet_w18_MULTICENTRE_abdomen_TAD_seed42_512fixed_train.log
/mnt/d/download/Project coding/EOMT/checkpoint_backups/hrnet-512-fixed-50runs.tar	hrnet_512_fixed_5seed/driver_logs/fetal_landmark_hrnet_w18_MULTICENTRE_abdomen_TAD_seed42_512fixed_test.log
/mnt/d/download/Project coding/EOMT/checkpoint_backups/hrnet-512-fixed-50runs.tar	hrnet_512_fixed_5seed/driver_logs/fetal_landmark_hrnet_w18_MULTICENTRE_abdomen_TAD_seed0_512fixed_train.log
/mnt/d/download/Project coding/EOMT/checkpoint_backups/hrnet-512-fixed-50runs.tar	hrnet_512_fixed_5seed/driver_logs/fetal_landmark_hrnet_w18_MULTICENTRE_abdomen_TAD_seed0_512fixed_test.log
/mnt/d/download/Project coding/EOMT/checkpoint_backups/hrnet-512-fixed-50runs.tar	hrnet_512_fixed_5seed/driver_logs/fetal_landmark_hrnet_w18_MULTICENTRE_abdomen_TAD_seed123_512fixed_train.log
/mnt/d/download/Project coding/EOMT/checkpoint_backups/hrnet-512-fixed-50runs.tar	hrnet_512_fixed_5seed/driver_logs/fetal_landmark_hrnet_w18_MULTICENTRE_abdomen_TAD_seed123_512fixed_test.log
/mnt/d/download/Project coding/EOMT/checkpoint_backups/hrnet-512-fixed-50runs.tar	hrnet_512_fixed_5seed/driver_logs/fetal_landmark_hrnet_w18_MULTICENTRE_abdomen_TAD_seed2024_512fixed_train.log
/mnt/d/download/Project coding/EOMT/checkpoint_backups/hrnet-512-fixed-50runs.tar	hrnet_512_fixed_5seed/driver_logs/fetal_landmark_hrnet_w18_MULTICENTRE_abdomen_TAD_seed2024_512fixed_test.log
/mnt/d/download/Project coding/EOMT/checkpoint_backups/hrnet-512-fixed-50runs.tar	hrnet_512_fixed_5seed/driver_logs/fetal_landmark_hrnet_w18_MULTICENTRE_abdomen_TAD_seed3407_512fixed_train.log
/mnt/d/download/Project coding/EOMT/checkpoint_backups/hrnet-512-fixed-50runs.tar	hrnet_512_fixed_5seed/driver_logs/fetal_landmark_hrnet_w18_MULTICENTRE_abdomen_TAD_seed3407_512fixed_test.log
/mnt/d/download/Project coding/EOMT/checkpoint_backups/hrnet-512-fixed-50runs.tar	hrnet_512_fixed_5seed/driver_logs/fetal_landmark_hrnet_w18_MULTICENTRE_femur_FL_seed42_512fixed_train.log
/mnt/d/download/Project coding/EOMT/checkpoint_backups/hrnet-512-fixed-50runs.tar	hrnet_512_fixed_5seed/driver_logs/fetal_landmark_hrnet_w18_MULTICENTRE_femur_FL_seed42_512fixed_test.log
/mnt/d/download/Project coding/EOMT/checkpoint_backups/hrnet-512-fixed-50runs.tar	hrnet_512_fixed_5seed/driver_logs/fetal_landmark_hrnet_w18_MULTICENTRE_femur_FL_seed0_512fixed_train.log
/mnt/d/download/Project coding/EOMT/checkpoint_backups/hrnet-512-fixed-50runs.tar	hrnet_512_fixed_5seed/driver_logs/fetal_landmark_hrnet_w18_MULTICENTRE_femur_FL_seed0_512fixed_test.log
/mnt/d/download/Project coding/EOMT/checkpoint_backups/hrnet-512-fixed-50runs.tar	hrnet_512_fixed_5seed/driver_logs/fetal_landmark_hrnet_w18_MULTICENTRE_femur_FL_seed123_512fixed_train.log
/mnt/d/download/Project coding/EOMT/checkpoint_backups/hrnet-512-fixed-50runs.tar	hrnet_512_fixed_5seed/driver_logs/fetal_landmark_hrnet_w18_MULTICENTRE_femur_FL_seed123_512fixed_test.log
/mnt/d/download/Project coding/EOMT/checkpoint_backups/hrnet-512-fixed-50runs.tar	hrnet_512_fixed_5seed/driver_logs/fetal_landmark_hrnet_w18_MULTICENTRE_femur_FL_seed2024_512fixed_train.log
/mnt/d/download/Project coding/EOMT/checkpoint_backups/hrnet-512-fixed-50runs.tar	hrnet_512_fixed_5seed/driver_logs/fetal_landmark_hrnet_w18_MULTICENTRE_femur_FL_seed2024_512fixed_test.log
/mnt/d/download/Project coding/EOMT/checkpoint_backups/hrnet-512-fixed-50runs.tar	hrnet_512_fixed_5seed/driver_logs/fetal_landmark_hrnet_w18_MULTICENTRE_femur_FL_seed3407_512fixed_train.log
/mnt/d/download/Project coding/EOMT/checkpoint_backups/hrnet-512-fixed-50runs.tar	hrnet_512_fixed_5seed/driver_logs/fetal_landmark_hrnet_w18_MULTICENTRE_femur_FL_seed3407_512fixed_test.log
/mnt/d/download/Project coding/EOMT/checkpoint_backups/hrnet-512-fixed-50runs.tar	hrnet_512_fixed_5seed/generated_configs/
/mnt/d/download/Project coding/EOMT/checkpoint_backups/hrnet-512-fixed-50runs.tar	hrnet_512_fixed_5seed/generated_configs/fetal_landmark_hrnet_w18_UCL_brain_BPD_preflight_512fixed.yaml
/mnt/d/download/Project coding/EOMT/checkpoint_backups/hrnet-512-fixed-50runs.tar	hrnet_512_fixed_5seed/generated_configs/fetal_landmark_hrnet_w18_UCL_brain_OFD_preflight_512fixed.yaml
/mnt/d/download/Project coding/EOMT/checkpoint_backups/hrnet-512-fixed-50runs.tar	hrnet_512_fixed_5seed/generated_configs/fetal_landmark_hrnet_w18_UCL_abdomen_APAD_preflight_512fixed.yaml
/mnt/d/download/Project coding/EOMT/checkpoint_backups/hrnet-512-fixed-50runs.tar	hrnet_512_fixed_5seed/generated_configs/fetal_landmark_hrnet_w18_UCL_abdomen_TAD_preflight_512fixed.yaml
/mnt/d/download/Project coding/EOMT/checkpoint_backups/hrnet-512-fixed-50runs.tar	hrnet_512_fixed_5seed/generated_configs/fetal_landmark_hrnet_w18_UCL_femur_FL_preflight_512fixed.yaml
/mnt/d/download/Project coding/EOMT/checkpoint_backups/hrnet-512-fixed-50runs.tar	hrnet_512_fixed_5seed/generated_configs/fetal_landmark_hrnet_w18_MULTICENTRE_brain_BPD_preflight_512fixed.yaml
/mnt/d/download/Project coding/EOMT/checkpoint_backups/hrnet-512-fixed-50runs.tar	hrnet_512_fixed_5seed/generated_configs/fetal_landmark_hrnet_w18_MULTICENTRE_brain_OFD_preflight_512fixed.yaml
/mnt/d/download/Project coding/EOMT/checkpoint_backups/hrnet-512-fixed-50runs.tar	hrnet_512_fixed_5seed/generated_configs/fetal_landmark_hrnet_w18_MULTICENTRE_abdomen_APAD_preflight_512fixed.yaml
/mnt/d/download/Project coding/EOMT/checkpoint_backups/hrnet-512-fixed-50runs.tar	hrnet_512_fixed_5seed/generated_configs/fetal_landmark_hrnet_w18_MULTICENTRE_abdomen_TAD_preflight_512fixed.yaml
/mnt/d/download/Project coding/EOMT/checkpoint_backups/hrnet-512-fixed-50runs.tar	hrnet_512_fixed_5seed/generated_configs/fetal_landmark_hrnet_w18_MULTICENTRE_femur_FL_preflight_512fixed.yaml
/mnt/d/download/Project coding/EOMT/checkpoint_backups/hrnet-512-fixed-50runs.tar	hrnet_512_fixed_5seed/generated_configs/fetal_landmark_hrnet_w18_UCL_brain_BPD_seed42_512fixed.yaml
/mnt/d/download/Project coding/EOMT/checkpoint_backups/hrnet-512-fixed-50runs.tar	hrnet_512_fixed_5seed/generated_configs/fetal_landmark_hrnet_w18_UCL_brain_BPD_seed0_512fixed.yaml
/mnt/d/download/Project coding/EOMT/checkpoint_backups/hrnet-512-fixed-50runs.tar	hrnet_512_fixed_5seed/generated_configs/fetal_landmark_hrnet_w18_UCL_brain_BPD_seed123_512fixed.yaml
/mnt/d/download/Project coding/EOMT/checkpoint_backups/hrnet-512-fixed-50runs.tar	hrnet_512_fixed_5seed/generated_configs/fetal_landmark_hrnet_w18_UCL_brain_BPD_seed2024_512fixed.yaml
/mnt/d/download/Project coding/EOMT/checkpoint_backups/hrnet-512-fixed-50runs.tar	hrnet_512_fixed_5seed/generated_configs/fetal_landmark_hrnet_w18_UCL_brain_BPD_seed3407_512fixed.yaml
/mnt/d/download/Project coding/EOMT/checkpoint_backups/hrnet-512-fixed-50runs.tar	hrnet_512_fixed_5seed/generated_configs/fetal_landmark_hrnet_w18_UCL_brain_OFD_seed42_512fixed.yaml
/mnt/d/download/Project coding/EOMT/checkpoint_backups/hrnet-512-fixed-50runs.tar	hrnet_512_fixed_5seed/generated_configs/fetal_landmark_hrnet_w18_UCL_brain_OFD_seed0_512fixed.yaml
/mnt/d/download/Project coding/EOMT/checkpoint_backups/hrnet-512-fixed-50runs.tar	hrnet_512_fixed_5seed/generated_configs/fetal_landmark_hrnet_w18_UCL_brain_OFD_seed123_512fixed.yaml
/mnt/d/download/Project coding/EOMT/checkpoint_backups/hrnet-512-fixed-50runs.tar	hrnet_512_fixed_5seed/generated_configs/fetal_landmark_hrnet_w18_UCL_brain_OFD_seed2024_512fixed.yaml
/mnt/d/download/Project coding/EOMT/checkpoint_backups/hrnet-512-fixed-50runs.tar	hrnet_512_fixed_5seed/generated_configs/fetal_landmark_hrnet_w18_UCL_brain_OFD_seed3407_512fixed.yaml
/mnt/d/download/Project coding/EOMT/checkpoint_backups/hrnet-512-fixed-50runs.tar	hrnet_512_fixed_5seed/generated_configs/fetal_landmark_hrnet_w18_UCL_abdomen_APAD_seed42_512fixed.yaml
/mnt/d/download/Project coding/EOMT/checkpoint_backups/hrnet-512-fixed-50runs.tar	hrnet_512_fixed_5seed/generated_configs/fetal_landmark_hrnet_w18_UCL_abdomen_APAD_seed0_512fixed.yaml
/mnt/d/download/Project coding/EOMT/checkpoint_backups/hrnet-512-fixed-50runs.tar	hrnet_512_fixed_5seed/generated_configs/fetal_landmark_hrnet_w18_UCL_abdomen_APAD_seed123_512fixed.yaml
/mnt/d/download/Project coding/EOMT/checkpoint_backups/hrnet-512-fixed-50runs.tar	hrnet_512_fixed_5seed/generated_configs/fetal_landmark_hrnet_w18_UCL_abdomen_APAD_seed2024_512fixed.yaml
/mnt/d/download/Project coding/EOMT/checkpoint_backups/hrnet-512-fixed-50runs.tar	hrnet_512_fixed_5seed/generated_configs/fetal_landmark_hrnet_w18_UCL_abdomen_APAD_seed3407_512fixed.yaml
/mnt/d/download/Project coding/EOMT/checkpoint_backups/hrnet-512-fixed-50runs.tar	hrnet_512_fixed_5seed/generated_configs/fetal_landmark_hrnet_w18_UCL_abdomen_TAD_seed42_512fixed.yaml
/mnt/d/download/Project coding/EOMT/checkpoint_backups/hrnet-512-fixed-50runs.tar	hrnet_512_fixed_5seed/generated_configs/fetal_landmark_hrnet_w18_UCL_abdomen_TAD_seed0_512fixed.yaml
/mnt/d/download/Project coding/EOMT/checkpoint_backups/hrnet-512-fixed-50runs.tar	hrnet_512_fixed_5seed/generated_configs/fetal_landmark_hrnet_w18_UCL_abdomen_TAD_seed123_512fixed.yaml
/mnt/d/download/Project coding/EOMT/checkpoint_backups/hrnet-512-fixed-50runs.tar	hrnet_512_fixed_5seed/generated_configs/fetal_landmark_hrnet_w18_UCL_abdomen_TAD_seed2024_512fixed.yaml
/mnt/d/download/Project coding/EOMT/checkpoint_backups/hrnet-512-fixed-50runs.tar	hrnet_512_fixed_5seed/generated_configs/fetal_landmark_hrnet_w18_UCL_abdomen_TAD_seed3407_512fixed.yaml
/mnt/d/download/Project coding/EOMT/checkpoint_backups/hrnet-512-fixed-50runs.tar	hrnet_512_fixed_5seed/generated_configs/fetal_landmark_hrnet_w18_UCL_femur_FL_seed42_512fixed.yaml
/mnt/d/download/Project coding/EOMT/checkpoint_backups/hrnet-512-fixed-50runs.tar	hrnet_512_fixed_5seed/generated_configs/fetal_landmark_hrnet_w18_UCL_femur_FL_seed0_512fixed.yaml
/mnt/d/download/Project coding/EOMT/checkpoint_backups/hrnet-512-fixed-50runs.tar	hrnet_512_fixed_5seed/generated_configs/fetal_landmark_hrnet_w18_UCL_femur_FL_seed123_512fixed.yaml
/mnt/d/download/Project coding/EOMT/checkpoint_backups/hrnet-512-fixed-50runs.tar	hrnet_512_fixed_5seed/generated_configs/fetal_landmark_hrnet_w18_UCL_femur_FL_seed2024_512fixed.yaml
/mnt/d/download/Project coding/EOMT/checkpoint_backups/hrnet-512-fixed-50runs.tar	hrnet_512_fixed_5seed/generated_configs/fetal_landmark_hrnet_w18_UCL_femur_FL_seed3407_512fixed.yaml
/mnt/d/download/Project coding/EOMT/checkpoint_backups/hrnet-512-fixed-50runs.tar	hrnet_512_fixed_5seed/generated_configs/fetal_landmark_hrnet_w18_MULTICENTRE_brain_BPD_seed42_512fixed.yaml
/mnt/d/download/Project coding/EOMT/checkpoint_backups/hrnet-512-fixed-50runs.tar	hrnet_512_fixed_5seed/generated_configs/fetal_landmark_hrnet_w18_MULTICENTRE_brain_BPD_seed0_512fixed.yaml
/mnt/d/download/Project coding/EOMT/checkpoint_backups/hrnet-512-fixed-50runs.tar	hrnet_512_fixed_5seed/generated_configs/fetal_landmark_hrnet_w18_MULTICENTRE_brain_BPD_seed123_512fixed.yaml
/mnt/d/download/Project coding/EOMT/checkpoint_backups/hrnet-512-fixed-50runs.tar	hrnet_512_fixed_5seed/generated_configs/fetal_landmark_hrnet_w18_MULTICENTRE_brain_BPD_seed2024_512fixed.yaml
/mnt/d/download/Project coding/EOMT/checkpoint_backups/hrnet-512-fixed-50runs.tar	hrnet_512_fixed_5seed/generated_configs/fetal_landmark_hrnet_w18_MULTICENTRE_brain_BPD_seed3407_512fixed.yaml
/mnt/d/download/Project coding/EOMT/checkpoint_backups/hrnet-512-fixed-50runs.tar	hrnet_512_fixed_5seed/generated_configs/fetal_landmark_hrnet_w18_MULTICENTRE_brain_OFD_seed42_512fixed.yaml
/mnt/d/download/Project coding/EOMT/checkpoint_backups/hrnet-512-fixed-50runs.tar	hrnet_512_fixed_5seed/generated_configs/fetal_landmark_hrnet_w18_MULTICENTRE_brain_OFD_seed0_512fixed.yaml
/mnt/d/download/Project coding/EOMT/checkpoint_backups/hrnet-512-fixed-50runs.tar	hrnet_512_fixed_5seed/generated_configs/fetal_landmark_hrnet_w18_MULTICENTRE_brain_OFD_seed123_512fixed.yaml
/mnt/d/download/Project coding/EOMT/checkpoint_backups/hrnet-512-fixed-50runs.tar	hrnet_512_fixed_5seed/generated_configs/fetal_landmark_hrnet_w18_MULTICENTRE_brain_OFD_seed2024_512fixed.yaml
/mnt/d/download/Project coding/EOMT/checkpoint_backups/hrnet-512-fixed-50runs.tar	hrnet_512_fixed_5seed/generated_configs/fetal_landmark_hrnet_w18_MULTICENTRE_brain_OFD_seed3407_512fixed.yaml
/mnt/d/download/Project coding/EOMT/checkpoint_backups/hrnet-512-fixed-50runs.tar	hrnet_512_fixed_5seed/generated_configs/fetal_landmark_hrnet_w18_MULTICENTRE_abdomen_APAD_seed42_512fixed.yaml
/mnt/d/download/Project coding/EOMT/checkpoint_backups/hrnet-512-fixed-50runs.tar	hrnet_512_fixed_5seed/generated_configs/fetal_landmark_hrnet_w18_MULTICENTRE_abdomen_APAD_seed0_512fixed.yaml
/mnt/d/download/Project coding/EOMT/checkpoint_backups/hrnet-512-fixed-50runs.tar	hrnet_512_fixed_5seed/generated_configs/fetal_landmark_hrnet_w18_MULTICENTRE_abdomen_APAD_seed123_512fixed.yaml
/mnt/d/download/Project coding/EOMT/checkpoint_backups/hrnet-512-fixed-50runs.tar	hrnet_512_fixed_5seed/generated_configs/fetal_landmark_hrnet_w18_MULTICENTRE_abdomen_APAD_seed2024_512fixed.yaml
/mnt/d/download/Project coding/EOMT/checkpoint_backups/hrnet-512-fixed-50runs.tar	hrnet_512_fixed_5seed/generated_configs/fetal_landmark_hrnet_w18_MULTICENTRE_abdomen_APAD_seed3407_512fixed.yaml
/mnt/d/download/Project coding/EOMT/checkpoint_backups/hrnet-512-fixed-50runs.tar	hrnet_512_fixed_5seed/generated_configs/fetal_landmark_hrnet_w18_MULTICENTRE_abdomen_TAD_seed42_512fixed.yaml
/mnt/d/download/Project coding/EOMT/checkpoint_backups/hrnet-512-fixed-50runs.tar	hrnet_512_fixed_5seed/generated_configs/fetal_landmark_hrnet_w18_MULTICENTRE_abdomen_TAD_seed0_512fixed.yaml
/mnt/d/download/Project coding/EOMT/checkpoint_backups/hrnet-512-fixed-50runs.tar	hrnet_512_fixed_5seed/generated_configs/fetal_landmark_hrnet_w18_MULTICENTRE_abdomen_TAD_seed123_512fixed.yaml
/mnt/d/download/Project coding/EOMT/checkpoint_backups/hrnet-512-fixed-50runs.tar	hrnet_512_fixed_5seed/generated_configs/fetal_landmark_hrnet_w18_MULTICENTRE_abdomen_TAD_seed2024_512fixed.yaml
/mnt/d/download/Project coding/EOMT/checkpoint_backups/hrnet-512-fixed-50runs.tar	hrnet_512_fixed_5seed/generated_configs/fetal_landmark_hrnet_w18_MULTICENTRE_abdomen_TAD_seed3407_512fixed.yaml
/mnt/d/download/Project coding/EOMT/checkpoint_backups/hrnet-512-fixed-50runs.tar	hrnet_512_fixed_5seed/generated_configs/fetal_landmark_hrnet_w18_MULTICENTRE_femur_FL_seed42_512fixed.yaml
/mnt/d/download/Project coding/EOMT/checkpoint_backups/hrnet-512-fixed-50runs.tar	hrnet_512_fixed_5seed/generated_configs/fetal_landmark_hrnet_w18_MULTICENTRE_femur_FL_seed0_512fixed.yaml
/mnt/d/download/Project coding/EOMT/checkpoint_backups/hrnet-512-fixed-50runs.tar	hrnet_512_fixed_5seed/generated_configs/fetal_landmark_hrnet_w18_MULTICENTRE_femur_FL_seed123_512fixed.yaml
/mnt/d/download/Project coding/EOMT/checkpoint_backups/hrnet-512-fixed-50runs.tar	hrnet_512_fixed_5seed/generated_configs/fetal_landmark_hrnet_w18_MULTICENTRE_femur_FL_seed2024_512fixed.yaml
/mnt/d/download/Project coding/EOMT/checkpoint_backups/hrnet-512-fixed-50runs.tar	hrnet_512_fixed_5seed/generated_configs/fetal_landmark_hrnet_w18_MULTICENTRE_femur_FL_seed3407_512fixed.yaml
/mnt/d/download/Project coding/EOMT/checkpoint_backups/hrnet-512-fixed-50runs.tar	hrnet_512_fixed_5seed/runtime_cache/
/mnt/d/download/Project coding/EOMT/checkpoint_backups/hrnet-512-fixed-50runs.tar	hrnet_512_fixed_5seed/runtime_cache/tmp/
/mnt/d/download/Project coding/EOMT/checkpoint_backups/hrnet-512-fixed-50runs.tar	hrnet_512_fixed_5seed/runtime_cache/tmp/tmp1d8gaadf/
/mnt/d/download/Project coding/EOMT/checkpoint_backups/hrnet-512-fixed-50runs.tar	hrnet_512_fixed_5seed/runtime_cache/tmp/tmp1d8gaadf/_remote_module_non_scriptable.py
/mnt/d/download/Project coding/EOMT/checkpoint_backups/hrnet-512-fixed-50runs.tar	hrnet_512_fixed_5seed/runtime_cache/tmp/tmp1d8gaadf/__pycache__/
/mnt/d/download/Project coding/EOMT/checkpoint_backups/hrnet-512-fixed-50runs.tar	hrnet_512_fixed_5seed/runtime_cache/tmp/tmp1d8gaadf/__pycache__/_remote_module_non_scriptable.cpython-312.pyc
/mnt/d/download/Project coding/EOMT/checkpoint_backups/hrnet-512-fixed-50runs.tar	hrnet_512_fixed_5seed/runtime_cache/tmp/pymp-5tt5j5kx/
/mnt/d/download/Project coding/EOMT/checkpoint_backups/hrnet-512-fixed-50runs.tar	hrnet_512_fixed_5seed/runtime_cache/tmp/pymp-vijmit2h/
/mnt/d/download/Project coding/EOMT/checkpoint_backups/hrnet-512-fixed-50runs.tar	hrnet_512_fixed_5seed/runtime_cache/tmp/pymp-58zotnqw/
/mnt/d/download/Project coding/EOMT/checkpoint_backups/hrnet-512-fixed-50runs.tar	hrnet_512_fixed_5seed/runtime_cache/tmp/pymp-obipszt8/
/mnt/d/download/Project coding/EOMT/checkpoint_backups/hrnet-512-fixed-50runs.tar	hrnet_512_fixed_5seed/runtime_cache/tmp/pymp-6107wzhb/
/mnt/d/download/Project coding/EOMT/checkpoint_backups/hrnet-512-fixed-50runs.tar	hrnet_512_fixed_5seed/runtime_cache/tmp/pymp-zkvkra1v/
/mnt/d/download/Project coding/EOMT/checkpoint_backups/hrnet-512-fixed-50runs.tar	hrnet_512_fixed_5seed/runtime_cache/tmp/pymp-3yzqsvy9/
/mnt/d/download/Project coding/EOMT/checkpoint_backups/hrnet-512-fixed-50runs.tar	hrnet_512_fixed_5seed/runtime_cache/xdg/
/mnt/d/download/Project coding/EOMT/checkpoint_backups/hrnet-512-fixed-50runs.tar	hrnet_512_fixed_5seed/runtime_cache/torch/
/mnt/d/download/Project coding/EOMT/checkpoint_backups/hrnet-512-fixed-50runs.tar	hrnet_512_fixed_5seed/runtime_cache/cuda/
/mnt/d/download/Project coding/EOMT/checkpoint_backups/hrnet-512-fixed-50runs.tar	hrnet_512_fixed_5seed/runtime_cache/matplotlib/
/mnt/d/download/Project coding/EOMT/checkpoint_backups/hrnet-512-fixed-50runs.tar	hrnet_512_fixed_5seed/hrnet_512_fixed_5seed_results.tsv
/mnt/d/download/Project coding/EOMT/checkpoint_backups/hrnet-512-fixed-50runs.tar	hrnet_512_fixed_5seed/common_eval_manifests/
/mnt/d/download/Project coding/EOMT/checkpoint_backups/hrnet-512-fixed-50runs.tar	hrnet_512_fixed_5seed/common_eval_manifests/multicentre_bpd_valid_filenames.txt
/mnt/d/download/Project coding/EOMT/checkpoint_backups/hrnet-512-fixed-50runs.tar	hrnet_512_fixed_5seed/common_eval_manifests/multicentre_ofd_valid_filenames.txt
/mnt/d/download/Project coding/EOMT/checkpoint_backups/hrnet-512-fixed-50runs.tar	hrnet_512_fixed_5seed/eomt_common_subset/
/mnt/d/download/Project coding/EOMT/checkpoint_backups/hrnet-512-fixed-50runs.tar	hrnet_512_fixed_5seed/eomt_common_subset/multicentre-bpd-dinov2-seed42_final_fixedchannel_common_subset.csv
/mnt/d/download/Project coding/EOMT/checkpoint_backups/hrnet-512-fixed-50runs.tar	hrnet_512_fixed_5seed/eomt_common_subset/multicentre-bpd-dinov2-seed0_final_fixedchannel_common_subset.csv
/mnt/d/download/Project coding/EOMT/checkpoint_backups/hrnet-512-fixed-50runs.tar	hrnet_512_fixed_5seed/eomt_common_subset/multicentre-bpd-dinov2-seed123_final_fixedchannel_common_subset.csv
/mnt/d/download/Project coding/EOMT/checkpoint_backups/hrnet-512-fixed-50runs.tar	hrnet_512_fixed_5seed/eomt_common_subset/multicentre-bpd-dinov2-seed2024_final_fixedchannel_common_subset.csv
/mnt/d/download/Project coding/EOMT/checkpoint_backups/hrnet-512-fixed-50runs.tar	hrnet_512_fixed_5seed/eomt_common_subset/multicentre-bpd-dinov2-seed3407_final_fixedchannel_common_subset.csv
/mnt/d/download/Project coding/EOMT/checkpoint_backups/hrnet-512-fixed-50runs.tar	hrnet_512_fixed_5seed/eomt_common_subset/multicentre-bpd-dinov3-seed42_final_fixedchannel_common_subset.csv
/mnt/d/download/Project coding/EOMT/checkpoint_backups/hrnet-512-fixed-50runs.tar	hrnet_512_fixed_5seed/eomt_common_subset/multicentre-bpd-dinov3-seed0_final_fixedchannel_common_subset.csv
/mnt/d/download/Project coding/EOMT/checkpoint_backups/hrnet-512-fixed-50runs.tar	hrnet_512_fixed_5seed/eomt_common_subset/multicentre-bpd-dinov3-seed123_final_fixedchannel_common_subset.csv
/mnt/d/download/Project coding/EOMT/checkpoint_backups/hrnet-512-fixed-50runs.tar	hrnet_512_fixed_5seed/eomt_common_subset/multicentre-bpd-dinov3-seed2024_final_fixedchannel_common_subset.csv
/mnt/d/download/Project coding/EOMT/checkpoint_backups/hrnet-512-fixed-50runs.tar	hrnet_512_fixed_5seed/eomt_common_subset/multicentre-bpd-dinov3-seed3407_final_fixedchannel_common_subset.csv
/mnt/d/download/Project coding/EOMT/checkpoint_backups/hrnet-512-fixed-50runs.tar	hrnet_512_fixed_5seed/eomt_common_subset/multicentre-ofd-dinov2-seed42_final_fixedchannel_common_subset.csv
/mnt/d/download/Project coding/EOMT/checkpoint_backups/hrnet-512-fixed-50runs.tar	hrnet_512_fixed_5seed/eomt_common_subset/multicentre-ofd-dinov2-seed0_final_fixedchannel_common_subset.csv
/mnt/d/download/Project coding/EOMT/checkpoint_backups/hrnet-512-fixed-50runs.tar	hrnet_512_fixed_5seed/eomt_common_subset/multicentre-ofd-dinov2-seed123_final_fixedchannel_common_subset.csv
/mnt/d/download/Project coding/EOMT/checkpoint_backups/hrnet-512-fixed-50runs.tar	hrnet_512_fixed_5seed/eomt_common_subset/multicentre-ofd-dinov2-seed2024_final_fixedchannel_common_subset.csv
/mnt/d/download/Project coding/EOMT/checkpoint_backups/hrnet-512-fixed-50runs.tar	hrnet_512_fixed_5seed/eomt_common_subset/multicentre-ofd-dinov2-seed3407_final_fixedchannel_common_subset.csv
/mnt/d/download/Project coding/EOMT/checkpoint_backups/hrnet-512-fixed-50runs.tar	hrnet_512_fixed_5seed/eomt_common_subset/multicentre-ofd-dinov3-seed42_final_fixedchannel_common_subset.csv
/mnt/d/download/Project coding/EOMT/checkpoint_backups/hrnet-512-fixed-50runs.tar	hrnet_512_fixed_5seed/eomt_common_subset/multicentre-ofd-dinov3-seed0_final_fixedchannel_common_subset.csv
/mnt/d/download/Project coding/EOMT/checkpoint_backups/hrnet-512-fixed-50runs.tar	hrnet_512_fixed_5seed/eomt_common_subset/multicentre-ofd-dinov3-seed123_final_fixedchannel_common_subset.csv
/mnt/d/download/Project coding/EOMT/checkpoint_backups/hrnet-512-fixed-50runs.tar	hrnet_512_fixed_5seed/eomt_common_subset/multicentre-ofd-dinov3-seed2024_final_fixedchannel_common_subset.csv
/mnt/d/download/Project coding/EOMT/checkpoint_backups/hrnet-512-fixed-50runs.tar	hrnet_512_fixed_5seed/eomt_common_subset/multicentre-ofd-dinov3-seed3407_final_fixedchannel_common_subset.csv
/mnt/d/download/Project coding/EOMT/checkpoint_backups/hrnet-512-fixed-50runs.tar	hrnet_512_fixed_5seed/eomt_common_subset/eomt_common_subset_per_seed.tsv
/mnt/d/download/Project coding/EOMT/checkpoint_backups/hrnet-512-fixed-50runs.tar	hrnet_512_fixed_5seed/eomt_common_subset/eomt_common_subset_summary.tsv
/mnt/d/download/Project coding/EOMT/checkpoint_backups/hrnet-multicentre-apad-5repeats.tar	fetal_landmark_hrnet_w18_MULTICENTRE_abdomen_APAD_repeat1/
/mnt/d/download/Project coding/EOMT/checkpoint_backups/hrnet-multicentre-apad-5repeats.tar	fetal_landmark_hrnet_w18_MULTICENTRE_abdomen_APAD_repeat1/fetal_landmark_hrnet_w18_MULTICENTRE_abdomen_APAD_repeat1_2026-07-28-00-07_train.log
/mnt/d/download/Project coding/EOMT/checkpoint_backups/hrnet-multicentre-apad-5repeats.tar	fetal_landmark_hrnet_w18_MULTICENTRE_abdomen_APAD_repeat1/current_pred.pth
/mnt/d/download/Project coding/EOMT/checkpoint_backups/hrnet-multicentre-apad-5repeats.tar	fetal_landmark_hrnet_w18_MULTICENTRE_abdomen_APAD_repeat1/checkpoint_best.pth
/mnt/d/download/Project coding/EOMT/checkpoint_backups/hrnet-multicentre-apad-5repeats.tar	fetal_landmark_hrnet_w18_MULTICENTRE_abdomen_APAD_repeat1/model_best.pth
/mnt/d/download/Project coding/EOMT/checkpoint_backups/hrnet-multicentre-apad-5repeats.tar	fetal_landmark_hrnet_w18_MULTICENTRE_abdomen_APAD_repeat1/latest.pth
/mnt/d/download/Project coding/EOMT/checkpoint_backups/hrnet-multicentre-apad-5repeats.tar	fetal_landmark_hrnet_w18_MULTICENTRE_abdomen_APAD_repeat1/final_state.pth
/mnt/d/download/Project coding/EOMT/checkpoint_backups/hrnet-multicentre-apad-5repeats.tar	fetal_landmark_hrnet_w18_MULTICENTRE_abdomen_APAD_repeat1/predictions.pth
/mnt/d/download/Project coding/EOMT/checkpoint_backups/hrnet-multicentre-apad-5repeats.tar	fetal_landmark_hrnet_w18_MULTICENTRE_abdomen_APAD_repeat1/checkpoint_199.pth
/mnt/d/download/Project coding/EOMT/checkpoint_backups/hrnet-multicentre-apad-5repeats.tar	fetal_landmark_hrnet_w18_MULTICENTRE_abdomen_APAD_repeat1/fetal_landmark_hrnet_w18_MULTICENTRE_abdomen_APAD_repeat1_2026-07-28-00-36_test.log
/mnt/d/download/Project coding/EOMT/checkpoint_backups/hrnet-multicentre-apad-5repeats.tar	fetal_landmark_hrnet_w18_MULTICENTRE_abdomen_APAD_repeat2/
/mnt/d/download/Project coding/EOMT/checkpoint_backups/hrnet-multicentre-apad-5repeats.tar	fetal_landmark_hrnet_w18_MULTICENTRE_abdomen_APAD_repeat2/fetal_landmark_hrnet_w18_MULTICENTRE_abdomen_APAD_repeat2_2026-07-28-00-36_train.log
/mnt/d/download/Project coding/EOMT/checkpoint_backups/hrnet-multicentre-apad-5repeats.tar	fetal_landmark_hrnet_w18_MULTICENTRE_abdomen_APAD_repeat2/current_pred.pth
/mnt/d/download/Project coding/EOMT/checkpoint_backups/hrnet-multicentre-apad-5repeats.tar	fetal_landmark_hrnet_w18_MULTICENTRE_abdomen_APAD_repeat2/checkpoint_best.pth
/mnt/d/download/Project coding/EOMT/checkpoint_backups/hrnet-multicentre-apad-5repeats.tar	fetal_landmark_hrnet_w18_MULTICENTRE_abdomen_APAD_repeat2/model_best.pth
/mnt/d/download/Project coding/EOMT/checkpoint_backups/hrnet-multicentre-apad-5repeats.tar	fetal_landmark_hrnet_w18_MULTICENTRE_abdomen_APAD_repeat2/checkpoint_199.pth
/mnt/d/download/Project coding/EOMT/checkpoint_backups/hrnet-multicentre-apad-5repeats.tar	fetal_landmark_hrnet_w18_MULTICENTRE_abdomen_APAD_repeat2/latest.pth
/mnt/d/download/Project coding/EOMT/checkpoint_backups/hrnet-multicentre-apad-5repeats.tar	fetal_landmark_hrnet_w18_MULTICENTRE_abdomen_APAD_repeat2/final_state.pth
/mnt/d/download/Project coding/EOMT/checkpoint_backups/hrnet-multicentre-apad-5repeats.tar	fetal_landmark_hrnet_w18_MULTICENTRE_abdomen_APAD_repeat2/fetal_landmark_hrnet_w18_MULTICENTRE_abdomen_APAD_repeat2_2026-07-28-01-09_test.log
/mnt/d/download/Project coding/EOMT/checkpoint_backups/hrnet-multicentre-apad-5repeats.tar	fetal_landmark_hrnet_w18_MULTICENTRE_abdomen_APAD_repeat2/predictions.pth
/mnt/d/download/Project coding/EOMT/checkpoint_backups/hrnet-multicentre-apad-5repeats.tar	fetal_landmark_hrnet_w18_MULTICENTRE_abdomen_APAD_repeat3/
/mnt/d/download/Project coding/EOMT/checkpoint_backups/hrnet-multicentre-apad-5repeats.tar	fetal_landmark_hrnet_w18_MULTICENTRE_abdomen_APAD_repeat3/fetal_landmark_hrnet_w18_MULTICENTRE_abdomen_APAD_repeat3_2026-07-28-01-09_train.log
/mnt/d/download/Project coding/EOMT/checkpoint_backups/hrnet-multicentre-apad-5repeats.tar	fetal_landmark_hrnet_w18_MULTICENTRE_abdomen_APAD_repeat3/current_pred.pth
/mnt/d/download/Project coding/EOMT/checkpoint_backups/hrnet-multicentre-apad-5repeats.tar	fetal_landmark_hrnet_w18_MULTICENTRE_abdomen_APAD_repeat3/checkpoint_best.pth
/mnt/d/download/Project coding/EOMT/checkpoint_backups/hrnet-multicentre-apad-5repeats.tar	fetal_landmark_hrnet_w18_MULTICENTRE_abdomen_APAD_repeat3/model_best.pth
/mnt/d/download/Project coding/EOMT/checkpoint_backups/hrnet-multicentre-apad-5repeats.tar	fetal_landmark_hrnet_w18_MULTICENTRE_abdomen_APAD_repeat3/checkpoint_199.pth
/mnt/d/download/Project coding/EOMT/checkpoint_backups/hrnet-multicentre-apad-5repeats.tar	fetal_landmark_hrnet_w18_MULTICENTRE_abdomen_APAD_repeat3/latest.pth
/mnt/d/download/Project coding/EOMT/checkpoint_backups/hrnet-multicentre-apad-5repeats.tar	fetal_landmark_hrnet_w18_MULTICENTRE_abdomen_APAD_repeat3/final_state.pth
/mnt/d/download/Project coding/EOMT/checkpoint_backups/hrnet-multicentre-apad-5repeats.tar	fetal_landmark_hrnet_w18_MULTICENTRE_abdomen_APAD_repeat3/fetal_landmark_hrnet_w18_MULTICENTRE_abdomen_APAD_repeat3_2026-07-28-01-38_test.log
/mnt/d/download/Project coding/EOMT/checkpoint_backups/hrnet-multicentre-apad-5repeats.tar	fetal_landmark_hrnet_w18_MULTICENTRE_abdomen_APAD_repeat3/predictions.pth
/mnt/d/download/Project coding/EOMT/checkpoint_backups/hrnet-multicentre-apad-5repeats.tar	fetal_landmark_hrnet_w18_MULTICENTRE_abdomen_APAD_repeat4/
/mnt/d/download/Project coding/EOMT/checkpoint_backups/hrnet-multicentre-apad-5repeats.tar	fetal_landmark_hrnet_w18_MULTICENTRE_abdomen_APAD_repeat4/fetal_landmark_hrnet_w18_MULTICENTRE_abdomen_APAD_repeat4_2026-07-28-01-38_train.log
/mnt/d/download/Project coding/EOMT/checkpoint_backups/hrnet-multicentre-apad-5repeats.tar	fetal_landmark_hrnet_w18_MULTICENTRE_abdomen_APAD_repeat4/current_pred.pth
/mnt/d/download/Project coding/EOMT/checkpoint_backups/hrnet-multicentre-apad-5repeats.tar	fetal_landmark_hrnet_w18_MULTICENTRE_abdomen_APAD_repeat4/checkpoint_best.pth
/mnt/d/download/Project coding/EOMT/checkpoint_backups/hrnet-multicentre-apad-5repeats.tar	fetal_landmark_hrnet_w18_MULTICENTRE_abdomen_APAD_repeat4/model_best.pth
/mnt/d/download/Project coding/EOMT/checkpoint_backups/hrnet-multicentre-apad-5repeats.tar	fetal_landmark_hrnet_w18_MULTICENTRE_abdomen_APAD_repeat4/checkpoint_199.pth
/mnt/d/download/Project coding/EOMT/checkpoint_backups/hrnet-multicentre-apad-5repeats.tar	fetal_landmark_hrnet_w18_MULTICENTRE_abdomen_APAD_repeat4/final_state.pth
/mnt/d/download/Project coding/EOMT/checkpoint_backups/hrnet-multicentre-apad-5repeats.tar	fetal_landmark_hrnet_w18_MULTICENTRE_abdomen_APAD_repeat4/predictions.pth
/mnt/d/download/Project coding/EOMT/checkpoint_backups/hrnet-multicentre-apad-5repeats.tar	fetal_landmark_hrnet_w18_MULTICENTRE_abdomen_APAD_repeat4/latest.pth
/mnt/d/download/Project coding/EOMT/checkpoint_backups/hrnet-multicentre-apad-5repeats.tar	fetal_landmark_hrnet_w18_MULTICENTRE_abdomen_APAD_repeat4/fetal_landmark_hrnet_w18_MULTICENTRE_abdomen_APAD_repeat4_2026-07-28-02-09_test.log
/mnt/d/download/Project coding/EOMT/checkpoint_backups/hrnet-multicentre-apad-5repeats.tar	fetal_landmark_hrnet_w18_MULTICENTRE_abdomen_APAD_repeat5/
/mnt/d/download/Project coding/EOMT/checkpoint_backups/hrnet-multicentre-apad-5repeats.tar	fetal_landmark_hrnet_w18_MULTICENTRE_abdomen_APAD_repeat5/fetal_landmark_hrnet_w18_MULTICENTRE_abdomen_APAD_repeat5_2026-07-28-02-09_train.log
/mnt/d/download/Project coding/EOMT/checkpoint_backups/hrnet-multicentre-apad-5repeats.tar	fetal_landmark_hrnet_w18_MULTICENTRE_abdomen_APAD_repeat5/current_pred.pth
/mnt/d/download/Project coding/EOMT/checkpoint_backups/hrnet-multicentre-apad-5repeats.tar	fetal_landmark_hrnet_w18_MULTICENTRE_abdomen_APAD_repeat5/checkpoint_best.pth
/mnt/d/download/Project coding/EOMT/checkpoint_backups/hrnet-multicentre-apad-5repeats.tar	fetal_landmark_hrnet_w18_MULTICENTRE_abdomen_APAD_repeat5/model_best.pth
/mnt/d/download/Project coding/EOMT/checkpoint_backups/hrnet-multicentre-apad-5repeats.tar	fetal_landmark_hrnet_w18_MULTICENTRE_abdomen_APAD_repeat5/checkpoint_199.pth
/mnt/d/download/Project coding/EOMT/checkpoint_backups/hrnet-multicentre-apad-5repeats.tar	fetal_landmark_hrnet_w18_MULTICENTRE_abdomen_APAD_repeat5/latest.pth
/mnt/d/download/Project coding/EOMT/checkpoint_backups/hrnet-multicentre-apad-5repeats.tar	fetal_landmark_hrnet_w18_MULTICENTRE_abdomen_APAD_repeat5/final_state.pth
/mnt/d/download/Project coding/EOMT/checkpoint_backups/hrnet-multicentre-apad-5repeats.tar	fetal_landmark_hrnet_w18_MULTICENTRE_abdomen_APAD_repeat5/fetal_landmark_hrnet_w18_MULTICENTRE_abdomen_APAD_repeat5_2026-07-28-02-40_test.log
/mnt/d/download/Project coding/EOMT/checkpoint_backups/hrnet-multicentre-apad-5repeats.tar	fetal_landmark_hrnet_w18_MULTICENTRE_abdomen_APAD_repeat5/predictions.pth
/mnt/d/download/Project coding/EOMT/checkpoint_backups/hrnet-multicentre-bpd-5repeats.tar	fetal_landmark_hrnet_w18_MULTICENTRE_brain_BPD_repeat1/
/mnt/d/download/Project coding/EOMT/checkpoint_backups/hrnet-multicentre-bpd-5repeats.tar	fetal_landmark_hrnet_w18_MULTICENTRE_brain_BPD_repeat1/fetal_landmark_hrnet_w18_MULTICENTRE_brain_BPD_repeat1_2026-07-27-12-47_train.log
/mnt/d/download/Project coding/EOMT/checkpoint_backups/hrnet-multicentre-bpd-5repeats.tar	fetal_landmark_hrnet_w18_MULTICENTRE_brain_BPD_repeat1/current_pred.pth
/mnt/d/download/Project coding/EOMT/checkpoint_backups/hrnet-multicentre-bpd-5repeats.tar	fetal_landmark_hrnet_w18_MULTICENTRE_brain_BPD_repeat1/checkpoint_best.pth
/mnt/d/download/Project coding/EOMT/checkpoint_backups/hrnet-multicentre-bpd-5repeats.tar	fetal_landmark_hrnet_w18_MULTICENTRE_brain_BPD_repeat1/model_best.pth
/mnt/d/download/Project coding/EOMT/checkpoint_backups/hrnet-multicentre-bpd-5repeats.tar	fetal_landmark_hrnet_w18_MULTICENTRE_brain_BPD_repeat1/checkpoint_199.pth
/mnt/d/download/Project coding/EOMT/checkpoint_backups/hrnet-multicentre-bpd-5repeats.tar	fetal_landmark_hrnet_w18_MULTICENTRE_brain_BPD_repeat1/latest.pth
/mnt/d/download/Project coding/EOMT/checkpoint_backups/hrnet-multicentre-bpd-5repeats.tar	fetal_landmark_hrnet_w18_MULTICENTRE_brain_BPD_repeat1/final_state.pth
/mnt/d/download/Project coding/EOMT/checkpoint_backups/hrnet-multicentre-bpd-5repeats.tar	fetal_landmark_hrnet_w18_MULTICENTRE_brain_BPD_repeat1/fetal_landmark_hrnet_w18_MULTICENTRE_brain_BPD_repeat1_2026-07-27-13-41_test.log
/mnt/d/download/Project coding/EOMT/checkpoint_backups/hrnet-multicentre-bpd-5repeats.tar	fetal_landmark_hrnet_w18_MULTICENTRE_brain_BPD_repeat1/predictions.pth
/mnt/d/download/Project coding/EOMT/checkpoint_backups/hrnet-multicentre-bpd-5repeats.tar	fetal_landmark_hrnet_w18_MULTICENTRE_brain_BPD_repeat2/
/mnt/d/download/Project coding/EOMT/checkpoint_backups/hrnet-multicentre-bpd-5repeats.tar	fetal_landmark_hrnet_w18_MULTICENTRE_brain_BPD_repeat2/fetal_landmark_hrnet_w18_MULTICENTRE_brain_BPD_repeat2_2026-07-27-13-42_train.log
/mnt/d/download/Project coding/EOMT/checkpoint_backups/hrnet-multicentre-bpd-5repeats.tar	fetal_landmark_hrnet_w18_MULTICENTRE_brain_BPD_repeat2/current_pred.pth
/mnt/d/download/Project coding/EOMT/checkpoint_backups/hrnet-multicentre-bpd-5repeats.tar	fetal_landmark_hrnet_w18_MULTICENTRE_brain_BPD_repeat2/checkpoint_best.pth
/mnt/d/download/Project coding/EOMT/checkpoint_backups/hrnet-multicentre-bpd-5repeats.tar	fetal_landmark_hrnet_w18_MULTICENTRE_brain_BPD_repeat2/model_best.pth
/mnt/d/download/Project coding/EOMT/checkpoint_backups/hrnet-multicentre-bpd-5repeats.tar	fetal_landmark_hrnet_w18_MULTICENTRE_brain_BPD_repeat2/checkpoint_199.pth
/mnt/d/download/Project coding/EOMT/checkpoint_backups/hrnet-multicentre-bpd-5repeats.tar	fetal_landmark_hrnet_w18_MULTICENTRE_brain_BPD_repeat2/latest.pth
/mnt/d/download/Project coding/EOMT/checkpoint_backups/hrnet-multicentre-bpd-5repeats.tar	fetal_landmark_hrnet_w18_MULTICENTRE_brain_BPD_repeat2/final_state.pth
/mnt/d/download/Project coding/EOMT/checkpoint_backups/hrnet-multicentre-bpd-5repeats.tar	fetal_landmark_hrnet_w18_MULTICENTRE_brain_BPD_repeat2/fetal_landmark_hrnet_w18_MULTICENTRE_brain_BPD_repeat2_2026-07-27-14-35_test.log
/mnt/d/download/Project coding/EOMT/checkpoint_backups/hrnet-multicentre-bpd-5repeats.tar	fetal_landmark_hrnet_w18_MULTICENTRE_brain_BPD_repeat2/predictions.pth
/mnt/d/download/Project coding/EOMT/checkpoint_backups/hrnet-multicentre-bpd-5repeats.tar	fetal_landmark_hrnet_w18_MULTICENTRE_brain_BPD_repeat3/
/mnt/d/download/Project coding/EOMT/checkpoint_backups/hrnet-multicentre-bpd-5repeats.tar	fetal_landmark_hrnet_w18_MULTICENTRE_brain_BPD_repeat3/fetal_landmark_hrnet_w18_MULTICENTRE_brain_BPD_repeat3_2026-07-27-14-35_train.log
/mnt/d/download/Project coding/EOMT/checkpoint_backups/hrnet-multicentre-bpd-5repeats.tar	fetal_landmark_hrnet_w18_MULTICENTRE_brain_BPD_repeat3/current_pred.pth
/mnt/d/download/Project coding/EOMT/checkpoint_backups/hrnet-multicentre-bpd-5repeats.tar	fetal_landmark_hrnet_w18_MULTICENTRE_brain_BPD_repeat3/checkpoint_best.pth
/mnt/d/download/Project coding/EOMT/checkpoint_backups/hrnet-multicentre-bpd-5repeats.tar	fetal_landmark_hrnet_w18_MULTICENTRE_brain_BPD_repeat3/model_best.pth
/mnt/d/download/Project coding/EOMT/checkpoint_backups/hrnet-multicentre-bpd-5repeats.tar	fetal_landmark_hrnet_w18_MULTICENTRE_brain_BPD_repeat3/checkpoint_199.pth
/mnt/d/download/Project coding/EOMT/checkpoint_backups/hrnet-multicentre-bpd-5repeats.tar	fetal_landmark_hrnet_w18_MULTICENTRE_brain_BPD_repeat3/latest.pth
/mnt/d/download/Project coding/EOMT/checkpoint_backups/hrnet-multicentre-bpd-5repeats.tar	fetal_landmark_hrnet_w18_MULTICENTRE_brain_BPD_repeat3/final_state.pth
/mnt/d/download/Project coding/EOMT/checkpoint_backups/hrnet-multicentre-bpd-5repeats.tar	fetal_landmark_hrnet_w18_MULTICENTRE_brain_BPD_repeat3/fetal_landmark_hrnet_w18_MULTICENTRE_brain_BPD_repeat3_2026-07-27-15-30_test.log
/mnt/d/download/Project coding/EOMT/checkpoint_backups/hrnet-multicentre-bpd-5repeats.tar	fetal_landmark_hrnet_w18_MULTICENTRE_brain_BPD_repeat3/predictions.pth
/mnt/d/download/Project coding/EOMT/checkpoint_backups/hrnet-multicentre-bpd-5repeats.tar	fetal_landmark_hrnet_w18_MULTICENTRE_brain_BPD_repeat4/
/mnt/d/download/Project coding/EOMT/checkpoint_backups/hrnet-multicentre-bpd-5repeats.tar	fetal_landmark_hrnet_w18_MULTICENTRE_brain_BPD_repeat4/fetal_landmark_hrnet_w18_MULTICENTRE_brain_BPD_repeat4_2026-07-27-15-30_train.log
/mnt/d/download/Project coding/EOMT/checkpoint_backups/hrnet-multicentre-bpd-5repeats.tar	fetal_landmark_hrnet_w18_MULTICENTRE_brain_BPD_repeat4/current_pred.pth
/mnt/d/download/Project coding/EOMT/checkpoint_backups/hrnet-multicentre-bpd-5repeats.tar	fetal_landmark_hrnet_w18_MULTICENTRE_brain_BPD_repeat4/checkpoint_best.pth
/mnt/d/download/Project coding/EOMT/checkpoint_backups/hrnet-multicentre-bpd-5repeats.tar	fetal_landmark_hrnet_w18_MULTICENTRE_brain_BPD_repeat4/model_best.pth
/mnt/d/download/Project coding/EOMT/checkpoint_backups/hrnet-multicentre-bpd-5repeats.tar	fetal_landmark_hrnet_w18_MULTICENTRE_brain_BPD_repeat4/checkpoint_199.pth
/mnt/d/download/Project coding/EOMT/checkpoint_backups/hrnet-multicentre-bpd-5repeats.tar	fetal_landmark_hrnet_w18_MULTICENTRE_brain_BPD_repeat4/latest.pth
/mnt/d/download/Project coding/EOMT/checkpoint_backups/hrnet-multicentre-bpd-5repeats.tar	fetal_landmark_hrnet_w18_MULTICENTRE_brain_BPD_repeat4/final_state.pth
/mnt/d/download/Project coding/EOMT/checkpoint_backups/hrnet-multicentre-bpd-5repeats.tar	fetal_landmark_hrnet_w18_MULTICENTRE_brain_BPD_repeat4/fetal_landmark_hrnet_w18_MULTICENTRE_brain_BPD_repeat4_2026-07-27-16-28_test.log
/mnt/d/download/Project coding/EOMT/checkpoint_backups/hrnet-multicentre-bpd-5repeats.tar	fetal_landmark_hrnet_w18_MULTICENTRE_brain_BPD_repeat4/predictions.pth
/mnt/d/download/Project coding/EOMT/checkpoint_backups/hrnet-multicentre-bpd-5repeats.tar	fetal_landmark_hrnet_w18_MULTICENTRE_brain_BPD_repeat5/
/mnt/d/download/Project coding/EOMT/checkpoint_backups/hrnet-multicentre-bpd-5repeats.tar	fetal_landmark_hrnet_w18_MULTICENTRE_brain_BPD_repeat5/fetal_landmark_hrnet_w18_MULTICENTRE_brain_BPD_repeat5_2026-07-27-16-29_train.log
/mnt/d/download/Project coding/EOMT/checkpoint_backups/hrnet-multicentre-bpd-5repeats.tar	fetal_landmark_hrnet_w18_MULTICENTRE_brain_BPD_repeat5/current_pred.pth
/mnt/d/download/Project coding/EOMT/checkpoint_backups/hrnet-multicentre-bpd-5repeats.tar	fetal_landmark_hrnet_w18_MULTICENTRE_brain_BPD_repeat5/checkpoint_best.pth
/mnt/d/download/Project coding/EOMT/checkpoint_backups/hrnet-multicentre-bpd-5repeats.tar	fetal_landmark_hrnet_w18_MULTICENTRE_brain_BPD_repeat5/model_best.pth
/mnt/d/download/Project coding/EOMT/checkpoint_backups/hrnet-multicentre-bpd-5repeats.tar	fetal_landmark_hrnet_w18_MULTICENTRE_brain_BPD_repeat5/checkpoint_199.pth
/mnt/d/download/Project coding/EOMT/checkpoint_backups/hrnet-multicentre-bpd-5repeats.tar	fetal_landmark_hrnet_w18_MULTICENTRE_brain_BPD_repeat5/latest.pth
/mnt/d/download/Project coding/EOMT/checkpoint_backups/hrnet-multicentre-bpd-5repeats.tar	fetal_landmark_hrnet_w18_MULTICENTRE_brain_BPD_repeat5/final_state.pth
/mnt/d/download/Project coding/EOMT/checkpoint_backups/hrnet-multicentre-bpd-5repeats.tar	fetal_landmark_hrnet_w18_MULTICENTRE_brain_BPD_repeat5/fetal_landmark_hrnet_w18_MULTICENTRE_brain_BPD_repeat5_2026-07-27-17-32_test.log
/mnt/d/download/Project coding/EOMT/checkpoint_backups/hrnet-multicentre-bpd-5repeats.tar	fetal_landmark_hrnet_w18_MULTICENTRE_brain_BPD_repeat5/predictions.pth
/mnt/d/download/Project coding/EOMT/checkpoint_backups/hrnet-multicentre-fl-5repeats.tar	fetal_landmark_hrnet_w18_MULTICENTRE_femur_FL_repeat1/
/mnt/d/download/Project coding/EOMT/checkpoint_backups/hrnet-multicentre-fl-5repeats.tar	fetal_landmark_hrnet_w18_MULTICENTRE_femur_FL_repeat1/fetal_landmark_hrnet_w18_MULTICENTRE_femur_FL_repeat1_2026-07-28-06-58_train.log
/mnt/d/download/Project coding/EOMT/checkpoint_backups/hrnet-multicentre-fl-5repeats.tar	fetal_landmark_hrnet_w18_MULTICENTRE_femur_FL_repeat1/current_pred.pth
/mnt/d/download/Project coding/EOMT/checkpoint_backups/hrnet-multicentre-fl-5repeats.tar	fetal_landmark_hrnet_w18_MULTICENTRE_femur_FL_repeat1/checkpoint_best.pth
/mnt/d/download/Project coding/EOMT/checkpoint_backups/hrnet-multicentre-fl-5repeats.tar	fetal_landmark_hrnet_w18_MULTICENTRE_femur_FL_repeat1/model_best.pth
/mnt/d/download/Project coding/EOMT/checkpoint_backups/hrnet-multicentre-fl-5repeats.tar	fetal_landmark_hrnet_w18_MULTICENTRE_femur_FL_repeat1/checkpoint_199.pth
/mnt/d/download/Project coding/EOMT/checkpoint_backups/hrnet-multicentre-fl-5repeats.tar	fetal_landmark_hrnet_w18_MULTICENTRE_femur_FL_repeat1/latest.pth
/mnt/d/download/Project coding/EOMT/checkpoint_backups/hrnet-multicentre-fl-5repeats.tar	fetal_landmark_hrnet_w18_MULTICENTRE_femur_FL_repeat1/final_state.pth
/mnt/d/download/Project coding/EOMT/checkpoint_backups/hrnet-multicentre-fl-5repeats.tar	fetal_landmark_hrnet_w18_MULTICENTRE_femur_FL_repeat1/fetal_landmark_hrnet_w18_MULTICENTRE_femur_FL_repeat1_2026-07-28-07-23_test.log
/mnt/d/download/Project coding/EOMT/checkpoint_backups/hrnet-multicentre-fl-5repeats.tar	fetal_landmark_hrnet_w18_MULTICENTRE_femur_FL_repeat1/predictions.pth
/mnt/d/download/Project coding/EOMT/checkpoint_backups/hrnet-multicentre-fl-5repeats.tar	fetal_landmark_hrnet_w18_MULTICENTRE_femur_FL_repeat2/
/mnt/d/download/Project coding/EOMT/checkpoint_backups/hrnet-multicentre-fl-5repeats.tar	fetal_landmark_hrnet_w18_MULTICENTRE_femur_FL_repeat2/fetal_landmark_hrnet_w18_MULTICENTRE_femur_FL_repeat2_2026-07-28-07-23_train.log
/mnt/d/download/Project coding/EOMT/checkpoint_backups/hrnet-multicentre-fl-5repeats.tar	fetal_landmark_hrnet_w18_MULTICENTRE_femur_FL_repeat2/current_pred.pth
/mnt/d/download/Project coding/EOMT/checkpoint_backups/hrnet-multicentre-fl-5repeats.tar	fetal_landmark_hrnet_w18_MULTICENTRE_femur_FL_repeat2/checkpoint_best.pth
/mnt/d/download/Project coding/EOMT/checkpoint_backups/hrnet-multicentre-fl-5repeats.tar	fetal_landmark_hrnet_w18_MULTICENTRE_femur_FL_repeat2/model_best.pth
/mnt/d/download/Project coding/EOMT/checkpoint_backups/hrnet-multicentre-fl-5repeats.tar	fetal_landmark_hrnet_w18_MULTICENTRE_femur_FL_repeat2/checkpoint_199.pth
/mnt/d/download/Project coding/EOMT/checkpoint_backups/hrnet-multicentre-fl-5repeats.tar	fetal_landmark_hrnet_w18_MULTICENTRE_femur_FL_repeat2/latest.pth
/mnt/d/download/Project coding/EOMT/checkpoint_backups/hrnet-multicentre-fl-5repeats.tar	fetal_landmark_hrnet_w18_MULTICENTRE_femur_FL_repeat2/final_state.pth
/mnt/d/download/Project coding/EOMT/checkpoint_backups/hrnet-multicentre-fl-5repeats.tar	fetal_landmark_hrnet_w18_MULTICENTRE_femur_FL_repeat2/fetal_landmark_hrnet_w18_MULTICENTRE_femur_FL_repeat2_2026-07-28-07-46_test.log
/mnt/d/download/Project coding/EOMT/checkpoint_backups/hrnet-multicentre-fl-5repeats.tar	fetal_landmark_hrnet_w18_MULTICENTRE_femur_FL_repeat2/predictions.pth
/mnt/d/download/Project coding/EOMT/checkpoint_backups/hrnet-multicentre-fl-5repeats.tar	fetal_landmark_hrnet_w18_MULTICENTRE_femur_FL_repeat3/
/mnt/d/download/Project coding/EOMT/checkpoint_backups/hrnet-multicentre-fl-5repeats.tar	fetal_landmark_hrnet_w18_MULTICENTRE_femur_FL_repeat3/fetal_landmark_hrnet_w18_MULTICENTRE_femur_FL_repeat3_2026-07-28-07-46_train.log
/mnt/d/download/Project coding/EOMT/checkpoint_backups/hrnet-multicentre-fl-5repeats.tar	fetal_landmark_hrnet_w18_MULTICENTRE_femur_FL_repeat3/current_pred.pth
/mnt/d/download/Project coding/EOMT/checkpoint_backups/hrnet-multicentre-fl-5repeats.tar	fetal_landmark_hrnet_w18_MULTICENTRE_femur_FL_repeat3/checkpoint_best.pth
/mnt/d/download/Project coding/EOMT/checkpoint_backups/hrnet-multicentre-fl-5repeats.tar	fetal_landmark_hrnet_w18_MULTICENTRE_femur_FL_repeat3/model_best.pth
/mnt/d/download/Project coding/EOMT/checkpoint_backups/hrnet-multicentre-fl-5repeats.tar	fetal_landmark_hrnet_w18_MULTICENTRE_femur_FL_repeat3/checkpoint_199.pth
/mnt/d/download/Project coding/EOMT/checkpoint_backups/hrnet-multicentre-fl-5repeats.tar	fetal_landmark_hrnet_w18_MULTICENTRE_femur_FL_repeat3/latest.pth
/mnt/d/download/Project coding/EOMT/checkpoint_backups/hrnet-multicentre-fl-5repeats.tar	fetal_landmark_hrnet_w18_MULTICENTRE_femur_FL_repeat3/final_state.pth
/mnt/d/download/Project coding/EOMT/checkpoint_backups/hrnet-multicentre-fl-5repeats.tar	fetal_landmark_hrnet_w18_MULTICENTRE_femur_FL_repeat3/fetal_landmark_hrnet_w18_MULTICENTRE_femur_FL_repeat3_2026-07-28-08-11_test.log
/mnt/d/download/Project coding/EOMT/checkpoint_backups/hrnet-multicentre-fl-5repeats.tar	fetal_landmark_hrnet_w18_MULTICENTRE_femur_FL_repeat3/predictions.pth
/mnt/d/download/Project coding/EOMT/checkpoint_backups/hrnet-multicentre-fl-5repeats.tar	fetal_landmark_hrnet_w18_MULTICENTRE_femur_FL_repeat4/
/mnt/d/download/Project coding/EOMT/checkpoint_backups/hrnet-multicentre-fl-5repeats.tar	fetal_landmark_hrnet_w18_MULTICENTRE_femur_FL_repeat4/fetal_landmark_hrnet_w18_MULTICENTRE_femur_FL_repeat4_2026-07-28-08-11_train.log
/mnt/d/download/Project coding/EOMT/checkpoint_backups/hrnet-multicentre-fl-5repeats.tar	fetal_landmark_hrnet_w18_MULTICENTRE_femur_FL_repeat4/current_pred.pth
/mnt/d/download/Project coding/EOMT/checkpoint_backups/hrnet-multicentre-fl-5repeats.tar	fetal_landmark_hrnet_w18_MULTICENTRE_femur_FL_repeat4/checkpoint_best.pth
/mnt/d/download/Project coding/EOMT/checkpoint_backups/hrnet-multicentre-fl-5repeats.tar	fetal_landmark_hrnet_w18_MULTICENTRE_femur_FL_repeat4/model_best.pth
/mnt/d/download/Project coding/EOMT/checkpoint_backups/hrnet-multicentre-fl-5repeats.tar	fetal_landmark_hrnet_w18_MULTICENTRE_femur_FL_repeat4/fetal_landmark_hrnet_w18_MULTICENTRE_femur_FL_repeat4_2026-07-28-08-34_test.log
/mnt/d/download/Project coding/EOMT/checkpoint_backups/hrnet-multicentre-fl-5repeats.tar	fetal_landmark_hrnet_w18_MULTICENTRE_femur_FL_repeat4/checkpoint_199.pth
/mnt/d/download/Project coding/EOMT/checkpoint_backups/hrnet-multicentre-fl-5repeats.tar	fetal_landmark_hrnet_w18_MULTICENTRE_femur_FL_repeat4/latest.pth
/mnt/d/download/Project coding/EOMT/checkpoint_backups/hrnet-multicentre-fl-5repeats.tar	fetal_landmark_hrnet_w18_MULTICENTRE_femur_FL_repeat4/final_state.pth
/mnt/d/download/Project coding/EOMT/checkpoint_backups/hrnet-multicentre-fl-5repeats.tar	fetal_landmark_hrnet_w18_MULTICENTRE_femur_FL_repeat4/predictions.pth
/mnt/d/download/Project coding/EOMT/checkpoint_backups/hrnet-multicentre-fl-5repeats.tar	fetal_landmark_hrnet_w18_MULTICENTRE_femur_FL_repeat5/
/mnt/d/download/Project coding/EOMT/checkpoint_backups/hrnet-multicentre-fl-5repeats.tar	fetal_landmark_hrnet_w18_MULTICENTRE_femur_FL_repeat5/fetal_landmark_hrnet_w18_MULTICENTRE_femur_FL_repeat5_2026-07-28-08-34_train.log
/mnt/d/download/Project coding/EOMT/checkpoint_backups/hrnet-multicentre-fl-5repeats.tar	fetal_landmark_hrnet_w18_MULTICENTRE_femur_FL_repeat5/current_pred.pth
/mnt/d/download/Project coding/EOMT/checkpoint_backups/hrnet-multicentre-fl-5repeats.tar	fetal_landmark_hrnet_w18_MULTICENTRE_femur_FL_repeat5/checkpoint_best.pth
/mnt/d/download/Project coding/EOMT/checkpoint_backups/hrnet-multicentre-fl-5repeats.tar	fetal_landmark_hrnet_w18_MULTICENTRE_femur_FL_repeat5/model_best.pth
/mnt/d/download/Project coding/EOMT/checkpoint_backups/hrnet-multicentre-fl-5repeats.tar	fetal_landmark_hrnet_w18_MULTICENTRE_femur_FL_repeat5/checkpoint_199.pth
/mnt/d/download/Project coding/EOMT/checkpoint_backups/hrnet-multicentre-fl-5repeats.tar	fetal_landmark_hrnet_w18_MULTICENTRE_femur_FL_repeat5/latest.pth
/mnt/d/download/Project coding/EOMT/checkpoint_backups/hrnet-multicentre-fl-5repeats.tar	fetal_landmark_hrnet_w18_MULTICENTRE_femur_FL_repeat5/final_state.pth
/mnt/d/download/Project coding/EOMT/checkpoint_backups/hrnet-multicentre-fl-5repeats.tar	fetal_landmark_hrnet_w18_MULTICENTRE_femur_FL_repeat5/fetal_landmark_hrnet_w18_MULTICENTRE_femur_FL_repeat5_2026-07-28-08-57_test.log
/mnt/d/download/Project coding/EOMT/checkpoint_backups/hrnet-multicentre-fl-5repeats.tar	fetal_landmark_hrnet_w18_MULTICENTRE_femur_FL_repeat5/predictions.pth
/mnt/d/download/Project coding/EOMT/checkpoint_backups/hrnet-multicentre-ofd-5repeats.tar	fetal_landmark_hrnet_w18_MULTICENTRE_brain_OFD_repeat1/
/mnt/d/download/Project coding/EOMT/checkpoint_backups/hrnet-multicentre-ofd-5repeats.tar	fetal_landmark_hrnet_w18_MULTICENTRE_brain_OFD_repeat1/fetal_landmark_hrnet_w18_MULTICENTRE_brain_OFD_repeat1_2026-07-27-18-28_train.log
/mnt/d/download/Project coding/EOMT/checkpoint_backups/hrnet-multicentre-ofd-5repeats.tar	fetal_landmark_hrnet_w18_MULTICENTRE_brain_OFD_repeat1/current_pred.pth
/mnt/d/download/Project coding/EOMT/checkpoint_backups/hrnet-multicentre-ofd-5repeats.tar	fetal_landmark_hrnet_w18_MULTICENTRE_brain_OFD_repeat1/checkpoint_best.pth
/mnt/d/download/Project coding/EOMT/checkpoint_backups/hrnet-multicentre-ofd-5repeats.tar	fetal_landmark_hrnet_w18_MULTICENTRE_brain_OFD_repeat1/model_best.pth
/mnt/d/download/Project coding/EOMT/checkpoint_backups/hrnet-multicentre-ofd-5repeats.tar	fetal_landmark_hrnet_w18_MULTICENTRE_brain_OFD_repeat1/checkpoint_199.pth
/mnt/d/download/Project coding/EOMT/checkpoint_backups/hrnet-multicentre-ofd-5repeats.tar	fetal_landmark_hrnet_w18_MULTICENTRE_brain_OFD_repeat1/latest.pth
/mnt/d/download/Project coding/EOMT/checkpoint_backups/hrnet-multicentre-ofd-5repeats.tar	fetal_landmark_hrnet_w18_MULTICENTRE_brain_OFD_repeat1/final_state.pth
/mnt/d/download/Project coding/EOMT/checkpoint_backups/hrnet-multicentre-ofd-5repeats.tar	fetal_landmark_hrnet_w18_MULTICENTRE_brain_OFD_repeat1/fetal_landmark_hrnet_w18_MULTICENTRE_brain_OFD_repeat1_2026-07-27-19-34_test.log
/mnt/d/download/Project coding/EOMT/checkpoint_backups/hrnet-multicentre-ofd-5repeats.tar	fetal_landmark_hrnet_w18_MULTICENTRE_brain_OFD_repeat1/predictions.pth
/mnt/d/download/Project coding/EOMT/checkpoint_backups/hrnet-multicentre-ofd-5repeats.tar	fetal_landmark_hrnet_w18_MULTICENTRE_brain_OFD_repeat2/
/mnt/d/download/Project coding/EOMT/checkpoint_backups/hrnet-multicentre-ofd-5repeats.tar	fetal_landmark_hrnet_w18_MULTICENTRE_brain_OFD_repeat2/fetal_landmark_hrnet_w18_MULTICENTRE_brain_OFD_repeat2_2026-07-27-19-34_train.log
/mnt/d/download/Project coding/EOMT/checkpoint_backups/hrnet-multicentre-ofd-5repeats.tar	fetal_landmark_hrnet_w18_MULTICENTRE_brain_OFD_repeat2/current_pred.pth
/mnt/d/download/Project coding/EOMT/checkpoint_backups/hrnet-multicentre-ofd-5repeats.tar	fetal_landmark_hrnet_w18_MULTICENTRE_brain_OFD_repeat2/checkpoint_best.pth
/mnt/d/download/Project coding/EOMT/checkpoint_backups/hrnet-multicentre-ofd-5repeats.tar	fetal_landmark_hrnet_w18_MULTICENTRE_brain_OFD_repeat2/model_best.pth
/mnt/d/download/Project coding/EOMT/checkpoint_backups/hrnet-multicentre-ofd-5repeats.tar	fetal_landmark_hrnet_w18_MULTICENTRE_brain_OFD_repeat2/checkpoint_199.pth
/mnt/d/download/Project coding/EOMT/checkpoint_backups/hrnet-multicentre-ofd-5repeats.tar	fetal_landmark_hrnet_w18_MULTICENTRE_brain_OFD_repeat2/latest.pth
/mnt/d/download/Project coding/EOMT/checkpoint_backups/hrnet-multicentre-ofd-5repeats.tar	fetal_landmark_hrnet_w18_MULTICENTRE_brain_OFD_repeat2/final_state.pth
/mnt/d/download/Project coding/EOMT/checkpoint_backups/hrnet-multicentre-ofd-5repeats.tar	fetal_landmark_hrnet_w18_MULTICENTRE_brain_OFD_repeat2/fetal_landmark_hrnet_w18_MULTICENTRE_brain_OFD_repeat2_2026-07-27-20-40_test.log
/mnt/d/download/Project coding/EOMT/checkpoint_backups/hrnet-multicentre-ofd-5repeats.tar	fetal_landmark_hrnet_w18_MULTICENTRE_brain_OFD_repeat2/predictions.pth
/mnt/d/download/Project coding/EOMT/checkpoint_backups/hrnet-multicentre-ofd-5repeats.tar	fetal_landmark_hrnet_w18_MULTICENTRE_brain_OFD_repeat3/
/mnt/d/download/Project coding/EOMT/checkpoint_backups/hrnet-multicentre-ofd-5repeats.tar	fetal_landmark_hrnet_w18_MULTICENTRE_brain_OFD_repeat3/fetal_landmark_hrnet_w18_MULTICENTRE_brain_OFD_repeat3_2026-07-27-20-40_train.log
/mnt/d/download/Project coding/EOMT/checkpoint_backups/hrnet-multicentre-ofd-5repeats.tar	fetal_landmark_hrnet_w18_MULTICENTRE_brain_OFD_repeat3/current_pred.pth
/mnt/d/download/Project coding/EOMT/checkpoint_backups/hrnet-multicentre-ofd-5repeats.tar	fetal_landmark_hrnet_w18_MULTICENTRE_brain_OFD_repeat3/checkpoint_best.pth
/mnt/d/download/Project coding/EOMT/checkpoint_backups/hrnet-multicentre-ofd-5repeats.tar	fetal_landmark_hrnet_w18_MULTICENTRE_brain_OFD_repeat3/model_best.pth
/mnt/d/download/Project coding/EOMT/checkpoint_backups/hrnet-multicentre-ofd-5repeats.tar	fetal_landmark_hrnet_w18_MULTICENTRE_brain_OFD_repeat3/checkpoint_199.pth
/mnt/d/download/Project coding/EOMT/checkpoint_backups/hrnet-multicentre-ofd-5repeats.tar	fetal_landmark_hrnet_w18_MULTICENTRE_brain_OFD_repeat3/latest.pth
/mnt/d/download/Project coding/EOMT/checkpoint_backups/hrnet-multicentre-ofd-5repeats.tar	fetal_landmark_hrnet_w18_MULTICENTRE_brain_OFD_repeat3/final_state.pth
/mnt/d/download/Project coding/EOMT/checkpoint_backups/hrnet-multicentre-ofd-5repeats.tar	fetal_landmark_hrnet_w18_MULTICENTRE_brain_OFD_repeat3/fetal_landmark_hrnet_w18_MULTICENTRE_brain_OFD_repeat3_2026-07-27-21-47_test.log
/mnt/d/download/Project coding/EOMT/checkpoint_backups/hrnet-multicentre-ofd-5repeats.tar	fetal_landmark_hrnet_w18_MULTICENTRE_brain_OFD_repeat3/predictions.pth
/mnt/d/download/Project coding/EOMT/checkpoint_backups/hrnet-multicentre-ofd-5repeats.tar	fetal_landmark_hrnet_w18_MULTICENTRE_brain_OFD_repeat4/
/mnt/d/download/Project coding/EOMT/checkpoint_backups/hrnet-multicentre-ofd-5repeats.tar	fetal_landmark_hrnet_w18_MULTICENTRE_brain_OFD_repeat4/fetal_landmark_hrnet_w18_MULTICENTRE_brain_OFD_repeat4_2026-07-27-21-47_train.log
/mnt/d/download/Project coding/EOMT/checkpoint_backups/hrnet-multicentre-ofd-5repeats.tar	fetal_landmark_hrnet_w18_MULTICENTRE_brain_OFD_repeat4/current_pred.pth
/mnt/d/download/Project coding/EOMT/checkpoint_backups/hrnet-multicentre-ofd-5repeats.tar	fetal_landmark_hrnet_w18_MULTICENTRE_brain_OFD_repeat4/checkpoint_best.pth
/mnt/d/download/Project coding/EOMT/checkpoint_backups/hrnet-multicentre-ofd-5repeats.tar	fetal_landmark_hrnet_w18_MULTICENTRE_brain_OFD_repeat4/model_best.pth
/mnt/d/download/Project coding/EOMT/checkpoint_backups/hrnet-multicentre-ofd-5repeats.tar	fetal_landmark_hrnet_w18_MULTICENTRE_brain_OFD_repeat4/checkpoint_199.pth
/mnt/d/download/Project coding/EOMT/checkpoint_backups/hrnet-multicentre-ofd-5repeats.tar	fetal_landmark_hrnet_w18_MULTICENTRE_brain_OFD_repeat4/latest.pth
/mnt/d/download/Project coding/EOMT/checkpoint_backups/hrnet-multicentre-ofd-5repeats.tar	fetal_landmark_hrnet_w18_MULTICENTRE_brain_OFD_repeat4/final_state.pth
/mnt/d/download/Project coding/EOMT/checkpoint_backups/hrnet-multicentre-ofd-5repeats.tar	fetal_landmark_hrnet_w18_MULTICENTRE_brain_OFD_repeat4/fetal_landmark_hrnet_w18_MULTICENTRE_brain_OFD_repeat4_2026-07-27-22-51_test.log
/mnt/d/download/Project coding/EOMT/checkpoint_backups/hrnet-multicentre-ofd-5repeats.tar	fetal_landmark_hrnet_w18_MULTICENTRE_brain_OFD_repeat4/predictions.pth
/mnt/d/download/Project coding/EOMT/checkpoint_backups/hrnet-multicentre-ofd-5repeats.tar	fetal_landmark_hrnet_w18_MULTICENTRE_brain_OFD_repeat5/
/mnt/d/download/Project coding/EOMT/checkpoint_backups/hrnet-multicentre-ofd-5repeats.tar	fetal_landmark_hrnet_w18_MULTICENTRE_brain_OFD_repeat5/fetal_landmark_hrnet_w18_MULTICENTRE_brain_OFD_repeat5_2026-07-27-22-51_train.log
/mnt/d/download/Project coding/EOMT/checkpoint_backups/hrnet-multicentre-ofd-5repeats.tar	fetal_landmark_hrnet_w18_MULTICENTRE_brain_OFD_repeat5/current_pred.pth
/mnt/d/download/Project coding/EOMT/checkpoint_backups/hrnet-multicentre-ofd-5repeats.tar	fetal_landmark_hrnet_w18_MULTICENTRE_brain_OFD_repeat5/checkpoint_best.pth
/mnt/d/download/Project coding/EOMT/checkpoint_backups/hrnet-multicentre-ofd-5repeats.tar	fetal_landmark_hrnet_w18_MULTICENTRE_brain_OFD_repeat5/model_best.pth
/mnt/d/download/Project coding/EOMT/checkpoint_backups/hrnet-multicentre-ofd-5repeats.tar	fetal_landmark_hrnet_w18_MULTICENTRE_brain_OFD_repeat5/checkpoint_199.pth
/mnt/d/download/Project coding/EOMT/checkpoint_backups/hrnet-multicentre-ofd-5repeats.tar	fetal_landmark_hrnet_w18_MULTICENTRE_brain_OFD_repeat5/latest.pth
/mnt/d/download/Project coding/EOMT/checkpoint_backups/hrnet-multicentre-ofd-5repeats.tar	fetal_landmark_hrnet_w18_MULTICENTRE_brain_OFD_repeat5/final_state.pth
/mnt/d/download/Project coding/EOMT/checkpoint_backups/hrnet-multicentre-ofd-5repeats.tar	fetal_landmark_hrnet_w18_MULTICENTRE_brain_OFD_repeat5/fetal_landmark_hrnet_w18_MULTICENTRE_brain_OFD_repeat5_2026-07-27-23-56_test.log
/mnt/d/download/Project coding/EOMT/checkpoint_backups/hrnet-multicentre-ofd-5repeats.tar	fetal_landmark_hrnet_w18_MULTICENTRE_brain_OFD_repeat5/predictions.pth
/mnt/d/download/Project coding/EOMT/checkpoint_backups/hrnet-multicentre-tad-5repeats.tar	fetal_landmark_hrnet_w18_MULTICENTRE_abdomen_TAD_repeat1/
/mnt/d/download/Project coding/EOMT/checkpoint_backups/hrnet-multicentre-tad-5repeats.tar	fetal_landmark_hrnet_w18_MULTICENTRE_abdomen_TAD_repeat1/fetal_landmark_hrnet_w18_MULTICENTRE_abdomen_TAD_repeat1_2026-07-28-03-50_train.log
/mnt/d/download/Project coding/EOMT/checkpoint_backups/hrnet-multicentre-tad-5repeats.tar	fetal_landmark_hrnet_w18_MULTICENTRE_abdomen_TAD_repeat1/current_pred.pth
/mnt/d/download/Project coding/EOMT/checkpoint_backups/hrnet-multicentre-tad-5repeats.tar	fetal_landmark_hrnet_w18_MULTICENTRE_abdomen_TAD_repeat1/checkpoint_best.pth
/mnt/d/download/Project coding/EOMT/checkpoint_backups/hrnet-multicentre-tad-5repeats.tar	fetal_landmark_hrnet_w18_MULTICENTRE_abdomen_TAD_repeat1/model_best.pth
/mnt/d/download/Project coding/EOMT/checkpoint_backups/hrnet-multicentre-tad-5repeats.tar	fetal_landmark_hrnet_w18_MULTICENTRE_abdomen_TAD_repeat1/checkpoint_199.pth
/mnt/d/download/Project coding/EOMT/checkpoint_backups/hrnet-multicentre-tad-5repeats.tar	fetal_landmark_hrnet_w18_MULTICENTRE_abdomen_TAD_repeat1/latest.pth
/mnt/d/download/Project coding/EOMT/checkpoint_backups/hrnet-multicentre-tad-5repeats.tar	fetal_landmark_hrnet_w18_MULTICENTRE_abdomen_TAD_repeat1/final_state.pth
/mnt/d/download/Project coding/EOMT/checkpoint_backups/hrnet-multicentre-tad-5repeats.tar	fetal_landmark_hrnet_w18_MULTICENTRE_abdomen_TAD_repeat1/fetal_landmark_hrnet_w18_MULTICENTRE_abdomen_TAD_repeat1_2026-07-28-04-15_test.log
/mnt/d/download/Project coding/EOMT/checkpoint_backups/hrnet-multicentre-tad-5repeats.tar	fetal_landmark_hrnet_w18_MULTICENTRE_abdomen_TAD_repeat1/predictions.pth
/mnt/d/download/Project coding/EOMT/checkpoint_backups/hrnet-multicentre-tad-5repeats.tar	fetal_landmark_hrnet_w18_MULTICENTRE_abdomen_TAD_repeat2/
/mnt/d/download/Project coding/EOMT/checkpoint_backups/hrnet-multicentre-tad-5repeats.tar	fetal_landmark_hrnet_w18_MULTICENTRE_abdomen_TAD_repeat2/fetal_landmark_hrnet_w18_MULTICENTRE_abdomen_TAD_repeat2_2026-07-28-04-15_train.log
/mnt/d/download/Project coding/EOMT/checkpoint_backups/hrnet-multicentre-tad-5repeats.tar	fetal_landmark_hrnet_w18_MULTICENTRE_abdomen_TAD_repeat2/current_pred.pth
/mnt/d/download/Project coding/EOMT/checkpoint_backups/hrnet-multicentre-tad-5repeats.tar	fetal_landmark_hrnet_w18_MULTICENTRE_abdomen_TAD_repeat2/checkpoint_best.pth
/mnt/d/download/Project coding/EOMT/checkpoint_backups/hrnet-multicentre-tad-5repeats.tar	fetal_landmark_hrnet_w18_MULTICENTRE_abdomen_TAD_repeat2/model_best.pth
/mnt/d/download/Project coding/EOMT/checkpoint_backups/hrnet-multicentre-tad-5repeats.tar	fetal_landmark_hrnet_w18_MULTICENTRE_abdomen_TAD_repeat2/checkpoint_199.pth
/mnt/d/download/Project coding/EOMT/checkpoint_backups/hrnet-multicentre-tad-5repeats.tar	fetal_landmark_hrnet_w18_MULTICENTRE_abdomen_TAD_repeat2/fetal_landmark_hrnet_w18_MULTICENTRE_abdomen_TAD_repeat2_2026-07-28-04-41_test.log
/mnt/d/download/Project coding/EOMT/checkpoint_backups/hrnet-multicentre-tad-5repeats.tar	fetal_landmark_hrnet_w18_MULTICENTRE_abdomen_TAD_repeat2/latest.pth
/mnt/d/download/Project coding/EOMT/checkpoint_backups/hrnet-multicentre-tad-5repeats.tar	fetal_landmark_hrnet_w18_MULTICENTRE_abdomen_TAD_repeat2/final_state.pth
/mnt/d/download/Project coding/EOMT/checkpoint_backups/hrnet-multicentre-tad-5repeats.tar	fetal_landmark_hrnet_w18_MULTICENTRE_abdomen_TAD_repeat2/predictions.pth
/mnt/d/download/Project coding/EOMT/checkpoint_backups/hrnet-multicentre-tad-5repeats.tar	fetal_landmark_hrnet_w18_MULTICENTRE_abdomen_TAD_repeat3/
/mnt/d/download/Project coding/EOMT/checkpoint_backups/hrnet-multicentre-tad-5repeats.tar	fetal_landmark_hrnet_w18_MULTICENTRE_abdomen_TAD_repeat3/fetal_landmark_hrnet_w18_MULTICENTRE_abdomen_TAD_repeat3_2026-07-28-04-41_train.log
/mnt/d/download/Project coding/EOMT/checkpoint_backups/hrnet-multicentre-tad-5repeats.tar	fetal_landmark_hrnet_w18_MULTICENTRE_abdomen_TAD_repeat3/current_pred.pth
/mnt/d/download/Project coding/EOMT/checkpoint_backups/hrnet-multicentre-tad-5repeats.tar	fetal_landmark_hrnet_w18_MULTICENTRE_abdomen_TAD_repeat3/checkpoint_best.pth
/mnt/d/download/Project coding/EOMT/checkpoint_backups/hrnet-multicentre-tad-5repeats.tar	fetal_landmark_hrnet_w18_MULTICENTRE_abdomen_TAD_repeat3/model_best.pth
/mnt/d/download/Project coding/EOMT/checkpoint_backups/hrnet-multicentre-tad-5repeats.tar	fetal_landmark_hrnet_w18_MULTICENTRE_abdomen_TAD_repeat3/checkpoint_199.pth
/mnt/d/download/Project coding/EOMT/checkpoint_backups/hrnet-multicentre-tad-5repeats.tar	fetal_landmark_hrnet_w18_MULTICENTRE_abdomen_TAD_repeat3/latest.pth
/mnt/d/download/Project coding/EOMT/checkpoint_backups/hrnet-multicentre-tad-5repeats.tar	fetal_landmark_hrnet_w18_MULTICENTRE_abdomen_TAD_repeat3/final_state.pth
/mnt/d/download/Project coding/EOMT/checkpoint_backups/hrnet-multicentre-tad-5repeats.tar	fetal_landmark_hrnet_w18_MULTICENTRE_abdomen_TAD_repeat3/fetal_landmark_hrnet_w18_MULTICENTRE_abdomen_TAD_repeat3_2026-07-28-05-06_test.log
/mnt/d/download/Project coding/EOMT/checkpoint_backups/hrnet-multicentre-tad-5repeats.tar	fetal_landmark_hrnet_w18_MULTICENTRE_abdomen_TAD_repeat3/predictions.pth
/mnt/d/download/Project coding/EOMT/checkpoint_backups/hrnet-multicentre-tad-5repeats.tar	fetal_landmark_hrnet_w18_MULTICENTRE_abdomen_TAD_repeat4/
/mnt/d/download/Project coding/EOMT/checkpoint_backups/hrnet-multicentre-tad-5repeats.tar	fetal_landmark_hrnet_w18_MULTICENTRE_abdomen_TAD_repeat4/fetal_landmark_hrnet_w18_MULTICENTRE_abdomen_TAD_repeat4_2026-07-28-05-06_train.log
/mnt/d/download/Project coding/EOMT/checkpoint_backups/hrnet-multicentre-tad-5repeats.tar	fetal_landmark_hrnet_w18_MULTICENTRE_abdomen_TAD_repeat4/current_pred.pth
/mnt/d/download/Project coding/EOMT/checkpoint_backups/hrnet-multicentre-tad-5repeats.tar	fetal_landmark_hrnet_w18_MULTICENTRE_abdomen_TAD_repeat4/checkpoint_best.pth
/mnt/d/download/Project coding/EOMT/checkpoint_backups/hrnet-multicentre-tad-5repeats.tar	fetal_landmark_hrnet_w18_MULTICENTRE_abdomen_TAD_repeat4/model_best.pth
/mnt/d/download/Project coding/EOMT/checkpoint_backups/hrnet-multicentre-tad-5repeats.tar	fetal_landmark_hrnet_w18_MULTICENTRE_abdomen_TAD_repeat4/checkpoint_199.pth
/mnt/d/download/Project coding/EOMT/checkpoint_backups/hrnet-multicentre-tad-5repeats.tar	fetal_landmark_hrnet_w18_MULTICENTRE_abdomen_TAD_repeat4/latest.pth
/mnt/d/download/Project coding/EOMT/checkpoint_backups/hrnet-multicentre-tad-5repeats.tar	fetal_landmark_hrnet_w18_MULTICENTRE_abdomen_TAD_repeat4/final_state.pth
/mnt/d/download/Project coding/EOMT/checkpoint_backups/hrnet-multicentre-tad-5repeats.tar	fetal_landmark_hrnet_w18_MULTICENTRE_abdomen_TAD_repeat4/fetal_landmark_hrnet_w18_MULTICENTRE_abdomen_TAD_repeat4_2026-07-28-05-33_test.log
/mnt/d/download/Project coding/EOMT/checkpoint_backups/hrnet-multicentre-tad-5repeats.tar	fetal_landmark_hrnet_w18_MULTICENTRE_abdomen_TAD_repeat4/predictions.pth
/mnt/d/download/Project coding/EOMT/checkpoint_backups/hrnet-multicentre-tad-5repeats.tar	fetal_landmark_hrnet_w18_MULTICENTRE_abdomen_TAD_repeat5/
/mnt/d/download/Project coding/EOMT/checkpoint_backups/hrnet-multicentre-tad-5repeats.tar	fetal_landmark_hrnet_w18_MULTICENTRE_abdomen_TAD_repeat5/fetal_landmark_hrnet_w18_MULTICENTRE_abdomen_TAD_repeat5_2026-07-28-05-33_train.log
/mnt/d/download/Project coding/EOMT/checkpoint_backups/hrnet-multicentre-tad-5repeats.tar	fetal_landmark_hrnet_w18_MULTICENTRE_abdomen_TAD_repeat5/current_pred.pth
/mnt/d/download/Project coding/EOMT/checkpoint_backups/hrnet-multicentre-tad-5repeats.tar	fetal_landmark_hrnet_w18_MULTICENTRE_abdomen_TAD_repeat5/checkpoint_best.pth
/mnt/d/download/Project coding/EOMT/checkpoint_backups/hrnet-multicentre-tad-5repeats.tar	fetal_landmark_hrnet_w18_MULTICENTRE_abdomen_TAD_repeat5/model_best.pth
/mnt/d/download/Project coding/EOMT/checkpoint_backups/hrnet-multicentre-tad-5repeats.tar	fetal_landmark_hrnet_w18_MULTICENTRE_abdomen_TAD_repeat5/checkpoint_199.pth
/mnt/d/download/Project coding/EOMT/checkpoint_backups/hrnet-multicentre-tad-5repeats.tar	fetal_landmark_hrnet_w18_MULTICENTRE_abdomen_TAD_repeat5/latest.pth
/mnt/d/download/Project coding/EOMT/checkpoint_backups/hrnet-multicentre-tad-5repeats.tar	fetal_landmark_hrnet_w18_MULTICENTRE_abdomen_TAD_repeat5/final_state.pth
/mnt/d/download/Project coding/EOMT/checkpoint_backups/hrnet-multicentre-tad-5repeats.tar	fetal_landmark_hrnet_w18_MULTICENTRE_abdomen_TAD_repeat5/fetal_landmark_hrnet_w18_MULTICENTRE_abdomen_TAD_repeat5_2026-07-28-05-58_test.log
/mnt/d/download/Project coding/EOMT/checkpoint_backups/hrnet-multicentre-tad-5repeats.tar	fetal_landmark_hrnet_w18_MULTICENTRE_abdomen_TAD_repeat5/predictions.pth
/mnt/d/download/Project coding/EOMT/checkpoint_backups/multicentre-apad-dinov2.tar	multicentre-apad-dinov2/
/mnt/d/download/Project coding/EOMT/checkpoint_backups/multicentre-apad-dinov2.tar	multicentre-apad-dinov2/seed42/
/mnt/d/download/Project coding/EOMT/checkpoint_backups/multicentre-apad-dinov2.tar	multicentre-apad-dinov2/seed42/seed42_best.ckpt
/mnt/d/download/Project coding/EOMT/checkpoint_backups/multicentre-apad-dinov2.tar	multicentre-apad-dinov2/seed42/seed42_final.ckpt
/mnt/d/download/Project coding/EOMT/checkpoint_backups/multicentre-apad-dinov2.tar	multicentre-apad-dinov2/seed42/seed42_config.yaml
/mnt/d/download/Project coding/EOMT/checkpoint_backups/multicentre-apad-dinov2.tar	multicentre-apad-dinov2/seed42/test_image_order.csv
/mnt/d/download/Project coding/EOMT/checkpoint_backups/multicentre-apad-dinov2.tar	multicentre-apad-dinov2/seed42/seed42_best_swapmin_test_log.txt
/mnt/d/download/Project coding/EOMT/checkpoint_backups/multicentre-apad-dinov2.tar	multicentre-apad-dinov2/seed42/seed42_best_swapmin_per_image.csv
/mnt/d/download/Project coding/EOMT/checkpoint_backups/multicentre-apad-dinov2.tar	multicentre-apad-dinov2/seed42/seed42_best_fixedchannel_test_log.txt
/mnt/d/download/Project coding/EOMT/checkpoint_backups/multicentre-apad-dinov2.tar	multicentre-apad-dinov2/seed42/seed42_best_fixedchannel_per_image.csv
/mnt/d/download/Project coding/EOMT/checkpoint_backups/multicentre-apad-dinov2.tar	multicentre-apad-dinov2/seed42/seed42_final_swapmin_test_log.txt
/mnt/d/download/Project coding/EOMT/checkpoint_backups/multicentre-apad-dinov2.tar	multicentre-apad-dinov2/seed42/seed42_final_swapmin_per_image.csv
/mnt/d/download/Project coding/EOMT/checkpoint_backups/multicentre-apad-dinov2.tar	multicentre-apad-dinov2/seed42/seed42_final_fixedchannel_test_log.txt
/mnt/d/download/Project coding/EOMT/checkpoint_backups/multicentre-apad-dinov2.tar	multicentre-apad-dinov2/seed42/seed42_final_fixedchannel_per_image.csv
/mnt/d/download/Project coding/EOMT/checkpoint_backups/multicentre-apad-dinov2.tar	multicentre-apad-dinov2/seed0/
/mnt/d/download/Project coding/EOMT/checkpoint_backups/multicentre-apad-dinov2.tar	multicentre-apad-dinov2/seed0/seed0_best.ckpt
/mnt/d/download/Project coding/EOMT/checkpoint_backups/multicentre-apad-dinov2.tar	multicentre-apad-dinov2/seed0/seed0_final.ckpt
/mnt/d/download/Project coding/EOMT/checkpoint_backups/multicentre-apad-dinov2.tar	multicentre-apad-dinov2/seed0/seed0_config.yaml
/mnt/d/download/Project coding/EOMT/checkpoint_backups/multicentre-apad-dinov2.tar	multicentre-apad-dinov2/seed0/test_image_order.csv
/mnt/d/download/Project coding/EOMT/checkpoint_backups/multicentre-apad-dinov2.tar	multicentre-apad-dinov2/seed0/seed0_best_swapmin_test_log.txt
/mnt/d/download/Project coding/EOMT/checkpoint_backups/multicentre-apad-dinov2.tar	multicentre-apad-dinov2/seed0/seed0_best_swapmin_per_image.csv
/mnt/d/download/Project coding/EOMT/checkpoint_backups/multicentre-apad-dinov2.tar	multicentre-apad-dinov2/seed0/seed0_best_fixedchannel_test_log.txt
/mnt/d/download/Project coding/EOMT/checkpoint_backups/multicentre-apad-dinov2.tar	multicentre-apad-dinov2/seed0/seed0_best_fixedchannel_per_image.csv
/mnt/d/download/Project coding/EOMT/checkpoint_backups/multicentre-apad-dinov2.tar	multicentre-apad-dinov2/seed0/seed0_final_swapmin_test_log.txt
/mnt/d/download/Project coding/EOMT/checkpoint_backups/multicentre-apad-dinov2.tar	multicentre-apad-dinov2/seed0/seed0_final_swapmin_per_image.csv
/mnt/d/download/Project coding/EOMT/checkpoint_backups/multicentre-apad-dinov2.tar	multicentre-apad-dinov2/seed0/seed0_final_fixedchannel_test_log.txt
/mnt/d/download/Project coding/EOMT/checkpoint_backups/multicentre-apad-dinov2.tar	multicentre-apad-dinov2/seed0/seed0_final_fixedchannel_per_image.csv
/mnt/d/download/Project coding/EOMT/checkpoint_backups/multicentre-apad-dinov2.tar	multicentre-apad-dinov2/seed123/
/mnt/d/download/Project coding/EOMT/checkpoint_backups/multicentre-apad-dinov2.tar	multicentre-apad-dinov2/seed123/seed123_best.ckpt
/mnt/d/download/Project coding/EOMT/checkpoint_backups/multicentre-apad-dinov2.tar	multicentre-apad-dinov2/seed123/seed123_final.ckpt
/mnt/d/download/Project coding/EOMT/checkpoint_backups/multicentre-apad-dinov2.tar	multicentre-apad-dinov2/seed123/seed123_config.yaml
/mnt/d/download/Project coding/EOMT/checkpoint_backups/multicentre-apad-dinov2.tar	multicentre-apad-dinov2/seed123/test_image_order.csv
/mnt/d/download/Project coding/EOMT/checkpoint_backups/multicentre-apad-dinov2.tar	multicentre-apad-dinov2/seed123/seed123_best_swapmin_test_log.txt
/mnt/d/download/Project coding/EOMT/checkpoint_backups/multicentre-apad-dinov2.tar	multicentre-apad-dinov2/seed123/seed123_best_swapmin_per_image.csv
/mnt/d/download/Project coding/EOMT/checkpoint_backups/multicentre-apad-dinov2.tar	multicentre-apad-dinov2/seed123/seed123_best_fixedchannel_test_log.txt
/mnt/d/download/Project coding/EOMT/checkpoint_backups/multicentre-apad-dinov2.tar	multicentre-apad-dinov2/seed123/seed123_best_fixedchannel_per_image.csv
/mnt/d/download/Project coding/EOMT/checkpoint_backups/multicentre-apad-dinov2.tar	multicentre-apad-dinov2/seed123/seed123_final_swapmin_test_log.txt
/mnt/d/download/Project coding/EOMT/checkpoint_backups/multicentre-apad-dinov2.tar	multicentre-apad-dinov2/seed123/seed123_final_swapmin_per_image.csv
/mnt/d/download/Project coding/EOMT/checkpoint_backups/multicentre-apad-dinov2.tar	multicentre-apad-dinov2/seed123/seed123_final_fixedchannel_test_log.txt
/mnt/d/download/Project coding/EOMT/checkpoint_backups/multicentre-apad-dinov2.tar	multicentre-apad-dinov2/seed123/seed123_final_fixedchannel_per_image.csv
/mnt/d/download/Project coding/EOMT/checkpoint_backups/multicentre-apad-dinov2.tar	multicentre-apad-dinov2/seed2024/
/mnt/d/download/Project coding/EOMT/checkpoint_backups/multicentre-apad-dinov2.tar	multicentre-apad-dinov2/seed2024/seed2024_best.ckpt
/mnt/d/download/Project coding/EOMT/checkpoint_backups/multicentre-apad-dinov2.tar	multicentre-apad-dinov2/seed2024/seed2024_final.ckpt
/mnt/d/download/Project coding/EOMT/checkpoint_backups/multicentre-apad-dinov2.tar	multicentre-apad-dinov2/seed2024/seed2024_config.yaml
/mnt/d/download/Project coding/EOMT/checkpoint_backups/multicentre-apad-dinov2.tar	multicentre-apad-dinov2/seed2024/test_image_order.csv
/mnt/d/download/Project coding/EOMT/checkpoint_backups/multicentre-apad-dinov2.tar	multicentre-apad-dinov2/seed2024/seed2024_best_swapmin_test_log.txt
/mnt/d/download/Project coding/EOMT/checkpoint_backups/multicentre-apad-dinov2.tar	multicentre-apad-dinov2/seed2024/seed2024_best_swapmin_per_image.csv
/mnt/d/download/Project coding/EOMT/checkpoint_backups/multicentre-apad-dinov2.tar	multicentre-apad-dinov2/seed2024/seed2024_best_fixedchannel_test_log.txt
/mnt/d/download/Project coding/EOMT/checkpoint_backups/multicentre-apad-dinov2.tar	multicentre-apad-dinov2/seed2024/seed2024_best_fixedchannel_per_image.csv
/mnt/d/download/Project coding/EOMT/checkpoint_backups/multicentre-apad-dinov2.tar	multicentre-apad-dinov2/seed2024/seed2024_final_swapmin_test_log.txt
/mnt/d/download/Project coding/EOMT/checkpoint_backups/multicentre-apad-dinov2.tar	multicentre-apad-dinov2/seed2024/seed2024_final_swapmin_per_image.csv
/mnt/d/download/Project coding/EOMT/checkpoint_backups/multicentre-apad-dinov2.tar	multicentre-apad-dinov2/seed2024/seed2024_final_fixedchannel_test_log.txt
/mnt/d/download/Project coding/EOMT/checkpoint_backups/multicentre-apad-dinov2.tar	multicentre-apad-dinov2/seed2024/seed2024_final_fixedchannel_per_image.csv
/mnt/d/download/Project coding/EOMT/checkpoint_backups/multicentre-apad-dinov2.tar	multicentre-apad-dinov2/seed3407/
/mnt/d/download/Project coding/EOMT/checkpoint_backups/multicentre-apad-dinov2.tar	multicentre-apad-dinov2/seed3407/seed3407_best.ckpt
/mnt/d/download/Project coding/EOMT/checkpoint_backups/multicentre-apad-dinov2.tar	multicentre-apad-dinov2/seed3407/seed3407_final.ckpt
/mnt/d/download/Project coding/EOMT/checkpoint_backups/multicentre-apad-dinov2.tar	multicentre-apad-dinov2/seed3407/seed3407_config.yaml
/mnt/d/download/Project coding/EOMT/checkpoint_backups/multicentre-apad-dinov2.tar	multicentre-apad-dinov2/seed3407/test_image_order.csv
/mnt/d/download/Project coding/EOMT/checkpoint_backups/multicentre-apad-dinov2.tar	multicentre-apad-dinov2/seed3407/seed3407_best_swapmin_test_log.txt
/mnt/d/download/Project coding/EOMT/checkpoint_backups/multicentre-apad-dinov2.tar	multicentre-apad-dinov2/seed3407/seed3407_best_swapmin_per_image.csv
/mnt/d/download/Project coding/EOMT/checkpoint_backups/multicentre-apad-dinov2.tar	multicentre-apad-dinov2/seed3407/seed3407_best_fixedchannel_test_log.txt
/mnt/d/download/Project coding/EOMT/checkpoint_backups/multicentre-apad-dinov2.tar	multicentre-apad-dinov2/seed3407/seed3407_best_fixedchannel_per_image.csv
/mnt/d/download/Project coding/EOMT/checkpoint_backups/multicentre-apad-dinov2.tar	multicentre-apad-dinov2/seed3407/seed3407_final_swapmin_test_log.txt
/mnt/d/download/Project coding/EOMT/checkpoint_backups/multicentre-apad-dinov2.tar	multicentre-apad-dinov2/seed3407/seed3407_final_swapmin_per_image.csv
/mnt/d/download/Project coding/EOMT/checkpoint_backups/multicentre-apad-dinov2.tar	multicentre-apad-dinov2/seed3407/seed3407_final_fixedchannel_test_log.txt
/mnt/d/download/Project coding/EOMT/checkpoint_backups/multicentre-apad-dinov2.tar	multicentre-apad-dinov2/seed3407/seed3407_final_fixedchannel_per_image.csv
/mnt/d/download/Project coding/EOMT/checkpoint_backups/multicentre-apad-dinov2.tar	multicentre-apad-dinov2/ensemble_best_swapmin_log.txt
/mnt/d/download/Project coding/EOMT/checkpoint_backups/multicentre-apad-dinov2.tar	multicentre-apad-dinov2/ensemble_best_fixedchannel_log.txt
/mnt/d/download/Project coding/EOMT/checkpoint_backups/multicentre-apad-dinov2.tar	multicentre-apad-dinov2/ensemble_final_swapmin_log.txt
/mnt/d/download/Project coding/EOMT/checkpoint_backups/multicentre-apad-dinov2.tar	multicentre-apad-dinov2/ensemble_final_fixedchannel_log.txt
/mnt/d/download/Project coding/EOMT/checkpoint_backups/multicentre-apad-dinov3.tar	multicentre-apad-dinov3/
/mnt/d/download/Project coding/EOMT/checkpoint_backups/multicentre-apad-dinov3.tar	multicentre-apad-dinov3/seed42/
/mnt/d/download/Project coding/EOMT/checkpoint_backups/multicentre-apad-dinov3.tar	multicentre-apad-dinov3/seed42/seed42_best.ckpt
/mnt/d/download/Project coding/EOMT/checkpoint_backups/multicentre-apad-dinov3.tar	multicentre-apad-dinov3/seed42/seed42_final.ckpt
/mnt/d/download/Project coding/EOMT/checkpoint_backups/multicentre-apad-dinov3.tar	multicentre-apad-dinov3/seed42/seed42_config.yaml
/mnt/d/download/Project coding/EOMT/checkpoint_backups/multicentre-apad-dinov3.tar	multicentre-apad-dinov3/seed42/test_image_order.csv
/mnt/d/download/Project coding/EOMT/checkpoint_backups/multicentre-apad-dinov3.tar	multicentre-apad-dinov3/seed42/seed42_best_swapmin_test_log.txt
/mnt/d/download/Project coding/EOMT/checkpoint_backups/multicentre-apad-dinov3.tar	multicentre-apad-dinov3/seed42/seed42_best_swapmin_per_image.csv
/mnt/d/download/Project coding/EOMT/checkpoint_backups/multicentre-apad-dinov3.tar	multicentre-apad-dinov3/seed42/seed42_best_fixedchannel_test_log.txt
/mnt/d/download/Project coding/EOMT/checkpoint_backups/multicentre-apad-dinov3.tar	multicentre-apad-dinov3/seed42/seed42_best_fixedchannel_per_image.csv
/mnt/d/download/Project coding/EOMT/checkpoint_backups/multicentre-apad-dinov3.tar	multicentre-apad-dinov3/seed42/seed42_final_swapmin_test_log.txt
/mnt/d/download/Project coding/EOMT/checkpoint_backups/multicentre-apad-dinov3.tar	multicentre-apad-dinov3/seed42/seed42_final_swapmin_per_image.csv
/mnt/d/download/Project coding/EOMT/checkpoint_backups/multicentre-apad-dinov3.tar	multicentre-apad-dinov3/seed42/seed42_final_fixedchannel_test_log.txt
/mnt/d/download/Project coding/EOMT/checkpoint_backups/multicentre-apad-dinov3.tar	multicentre-apad-dinov3/seed42/seed42_final_fixedchannel_per_image.csv
/mnt/d/download/Project coding/EOMT/checkpoint_backups/multicentre-apad-dinov3.tar	multicentre-apad-dinov3/seed0/
/mnt/d/download/Project coding/EOMT/checkpoint_backups/multicentre-apad-dinov3.tar	multicentre-apad-dinov3/seed0/seed0_best.ckpt
/mnt/d/download/Project coding/EOMT/checkpoint_backups/multicentre-apad-dinov3.tar	multicentre-apad-dinov3/seed0/seed0_final.ckpt
/mnt/d/download/Project coding/EOMT/checkpoint_backups/multicentre-apad-dinov3.tar	multicentre-apad-dinov3/seed0/seed0_config.yaml
/mnt/d/download/Project coding/EOMT/checkpoint_backups/multicentre-apad-dinov3.tar	multicentre-apad-dinov3/seed0/test_image_order.csv
/mnt/d/download/Project coding/EOMT/checkpoint_backups/multicentre-apad-dinov3.tar	multicentre-apad-dinov3/seed0/seed0_best_swapmin_test_log.txt
/mnt/d/download/Project coding/EOMT/checkpoint_backups/multicentre-apad-dinov3.tar	multicentre-apad-dinov3/seed0/seed0_best_swapmin_per_image.csv
/mnt/d/download/Project coding/EOMT/checkpoint_backups/multicentre-apad-dinov3.tar	multicentre-apad-dinov3/seed0/seed0_best_fixedchannel_test_log.txt
/mnt/d/download/Project coding/EOMT/checkpoint_backups/multicentre-apad-dinov3.tar	multicentre-apad-dinov3/seed0/seed0_best_fixedchannel_per_image.csv
/mnt/d/download/Project coding/EOMT/checkpoint_backups/multicentre-apad-dinov3.tar	multicentre-apad-dinov3/seed0/seed0_final_swapmin_test_log.txt
/mnt/d/download/Project coding/EOMT/checkpoint_backups/multicentre-apad-dinov3.tar	multicentre-apad-dinov3/seed0/seed0_final_swapmin_per_image.csv
/mnt/d/download/Project coding/EOMT/checkpoint_backups/multicentre-apad-dinov3.tar	multicentre-apad-dinov3/seed0/seed0_final_fixedchannel_test_log.txt
/mnt/d/download/Project coding/EOMT/checkpoint_backups/multicentre-apad-dinov3.tar	multicentre-apad-dinov3/seed0/seed0_final_fixedchannel_per_image.csv
/mnt/d/download/Project coding/EOMT/checkpoint_backups/multicentre-apad-dinov3.tar	multicentre-apad-dinov3/seed123/
/mnt/d/download/Project coding/EOMT/checkpoint_backups/multicentre-apad-dinov3.tar	multicentre-apad-dinov3/seed123/seed123_best.ckpt
/mnt/d/download/Project coding/EOMT/checkpoint_backups/multicentre-apad-dinov3.tar	multicentre-apad-dinov3/seed123/seed123_final.ckpt
/mnt/d/download/Project coding/EOMT/checkpoint_backups/multicentre-apad-dinov3.tar	multicentre-apad-dinov3/seed123/seed123_config.yaml
/mnt/d/download/Project coding/EOMT/checkpoint_backups/multicentre-apad-dinov3.tar	multicentre-apad-dinov3/seed123/test_image_order.csv
/mnt/d/download/Project coding/EOMT/checkpoint_backups/multicentre-apad-dinov3.tar	multicentre-apad-dinov3/seed123/seed123_best_swapmin_test_log.txt
/mnt/d/download/Project coding/EOMT/checkpoint_backups/multicentre-apad-dinov3.tar	multicentre-apad-dinov3/seed123/seed123_best_swapmin_per_image.csv
/mnt/d/download/Project coding/EOMT/checkpoint_backups/multicentre-apad-dinov3.tar	multicentre-apad-dinov3/seed123/seed123_best_fixedchannel_test_log.txt
/mnt/d/download/Project coding/EOMT/checkpoint_backups/multicentre-apad-dinov3.tar	multicentre-apad-dinov3/seed123/seed123_best_fixedchannel_per_image.csv
/mnt/d/download/Project coding/EOMT/checkpoint_backups/multicentre-apad-dinov3.tar	multicentre-apad-dinov3/seed123/seed123_final_swapmin_test_log.txt
/mnt/d/download/Project coding/EOMT/checkpoint_backups/multicentre-apad-dinov3.tar	multicentre-apad-dinov3/seed123/seed123_final_swapmin_per_image.csv
/mnt/d/download/Project coding/EOMT/checkpoint_backups/multicentre-apad-dinov3.tar	multicentre-apad-dinov3/seed123/seed123_final_fixedchannel_test_log.txt
/mnt/d/download/Project coding/EOMT/checkpoint_backups/multicentre-apad-dinov3.tar	multicentre-apad-dinov3/seed123/seed123_final_fixedchannel_per_image.csv
/mnt/d/download/Project coding/EOMT/checkpoint_backups/multicentre-apad-dinov3.tar	multicentre-apad-dinov3/seed2024/
/mnt/d/download/Project coding/EOMT/checkpoint_backups/multicentre-apad-dinov3.tar	multicentre-apad-dinov3/seed2024/seed2024_best.ckpt
/mnt/d/download/Project coding/EOMT/checkpoint_backups/multicentre-apad-dinov3.tar	multicentre-apad-dinov3/seed2024/seed2024_final.ckpt
/mnt/d/download/Project coding/EOMT/checkpoint_backups/multicentre-apad-dinov3.tar	multicentre-apad-dinov3/seed2024/seed2024_config.yaml
/mnt/d/download/Project coding/EOMT/checkpoint_backups/multicentre-apad-dinov3.tar	multicentre-apad-dinov3/seed2024/test_image_order.csv
/mnt/d/download/Project coding/EOMT/checkpoint_backups/multicentre-apad-dinov3.tar	multicentre-apad-dinov3/seed2024/seed2024_best_swapmin_test_log.txt
/mnt/d/download/Project coding/EOMT/checkpoint_backups/multicentre-apad-dinov3.tar	multicentre-apad-dinov3/seed2024/seed2024_best_swapmin_per_image.csv
/mnt/d/download/Project coding/EOMT/checkpoint_backups/multicentre-apad-dinov3.tar	multicentre-apad-dinov3/seed2024/seed2024_best_fixedchannel_test_log.txt
/mnt/d/download/Project coding/EOMT/checkpoint_backups/multicentre-apad-dinov3.tar	multicentre-apad-dinov3/seed2024/seed2024_best_fixedchannel_per_image.csv
/mnt/d/download/Project coding/EOMT/checkpoint_backups/multicentre-apad-dinov3.tar	multicentre-apad-dinov3/seed2024/seed2024_final_swapmin_test_log.txt
/mnt/d/download/Project coding/EOMT/checkpoint_backups/multicentre-apad-dinov3.tar	multicentre-apad-dinov3/seed2024/seed2024_final_swapmin_per_image.csv
/mnt/d/download/Project coding/EOMT/checkpoint_backups/multicentre-apad-dinov3.tar	multicentre-apad-dinov3/seed2024/seed2024_final_fixedchannel_test_log.txt
/mnt/d/download/Project coding/EOMT/checkpoint_backups/multicentre-apad-dinov3.tar	multicentre-apad-dinov3/seed2024/seed2024_final_fixedchannel_per_image.csv
/mnt/d/download/Project coding/EOMT/checkpoint_backups/multicentre-apad-dinov3.tar	multicentre-apad-dinov3/seed3407/
/mnt/d/download/Project coding/EOMT/checkpoint_backups/multicentre-apad-dinov3.tar	multicentre-apad-dinov3/seed3407/seed3407_best.ckpt
/mnt/d/download/Project coding/EOMT/checkpoint_backups/multicentre-apad-dinov3.tar	multicentre-apad-dinov3/seed3407/seed3407_final.ckpt
/mnt/d/download/Project coding/EOMT/checkpoint_backups/multicentre-apad-dinov3.tar	multicentre-apad-dinov3/seed3407/seed3407_config.yaml
/mnt/d/download/Project coding/EOMT/checkpoint_backups/multicentre-apad-dinov3.tar	multicentre-apad-dinov3/seed3407/test_image_order.csv
/mnt/d/download/Project coding/EOMT/checkpoint_backups/multicentre-apad-dinov3.tar	multicentre-apad-dinov3/seed3407/seed3407_best_swapmin_test_log.txt
/mnt/d/download/Project coding/EOMT/checkpoint_backups/multicentre-apad-dinov3.tar	multicentre-apad-dinov3/seed3407/seed3407_best_swapmin_per_image.csv
/mnt/d/download/Project coding/EOMT/checkpoint_backups/multicentre-apad-dinov3.tar	multicentre-apad-dinov3/seed3407/seed3407_best_fixedchannel_test_log.txt
/mnt/d/download/Project coding/EOMT/checkpoint_backups/multicentre-apad-dinov3.tar	multicentre-apad-dinov3/seed3407/seed3407_best_fixedchannel_per_image.csv
/mnt/d/download/Project coding/EOMT/checkpoint_backups/multicentre-apad-dinov3.tar	multicentre-apad-dinov3/seed3407/seed3407_final_swapmin_test_log.txt
/mnt/d/download/Project coding/EOMT/checkpoint_backups/multicentre-apad-dinov3.tar	multicentre-apad-dinov3/seed3407/seed3407_final_swapmin_per_image.csv
/mnt/d/download/Project coding/EOMT/checkpoint_backups/multicentre-apad-dinov3.tar	multicentre-apad-dinov3/seed3407/seed3407_final_fixedchannel_test_log.txt
/mnt/d/download/Project coding/EOMT/checkpoint_backups/multicentre-apad-dinov3.tar	multicentre-apad-dinov3/seed3407/seed3407_final_fixedchannel_per_image.csv
/mnt/d/download/Project coding/EOMT/checkpoint_backups/multicentre-apad-dinov3.tar	multicentre-apad-dinov3/ensemble_best_swapmin_log.txt
/mnt/d/download/Project coding/EOMT/checkpoint_backups/multicentre-apad-dinov3.tar	multicentre-apad-dinov3/ensemble_best_fixedchannel_log.txt
/mnt/d/download/Project coding/EOMT/checkpoint_backups/multicentre-apad-dinov3.tar	multicentre-apad-dinov3/ensemble_final_swapmin_log.txt
/mnt/d/download/Project coding/EOMT/checkpoint_backups/multicentre-apad-dinov3.tar	multicentre-apad-dinov3/ensemble_final_fixedchannel_log.txt
/mnt/d/download/Project coding/EOMT/checkpoint_backups/multicentre-bpd-dinov2.tar	multicentre-bpd-dinov2/
/mnt/d/download/Project coding/EOMT/checkpoint_backups/multicentre-bpd-dinov2.tar	multicentre-bpd-dinov2/seed42/
/mnt/d/download/Project coding/EOMT/checkpoint_backups/multicentre-bpd-dinov2.tar	multicentre-bpd-dinov2/seed42/seed42_best.ckpt
/mnt/d/download/Project coding/EOMT/checkpoint_backups/multicentre-bpd-dinov2.tar	multicentre-bpd-dinov2/seed42/seed42_final.ckpt
/mnt/d/download/Project coding/EOMT/checkpoint_backups/multicentre-bpd-dinov2.tar	multicentre-bpd-dinov2/seed42/seed42_config.yaml
/mnt/d/download/Project coding/EOMT/checkpoint_backups/multicentre-bpd-dinov2.tar	multicentre-bpd-dinov2/seed42/test_image_order.csv
/mnt/d/download/Project coding/EOMT/checkpoint_backups/multicentre-bpd-dinov2.tar	multicentre-bpd-dinov2/seed42/seed42_best_swapmin_test_log.txt
/mnt/d/download/Project coding/EOMT/checkpoint_backups/multicentre-bpd-dinov2.tar	multicentre-bpd-dinov2/seed42/seed42_best_swapmin_per_image.csv
/mnt/d/download/Project coding/EOMT/checkpoint_backups/multicentre-bpd-dinov2.tar	multicentre-bpd-dinov2/seed42/seed42_best_fixedchannel_test_log.txt
/mnt/d/download/Project coding/EOMT/checkpoint_backups/multicentre-bpd-dinov2.tar	multicentre-bpd-dinov2/seed42/seed42_best_fixedchannel_per_image.csv
/mnt/d/download/Project coding/EOMT/checkpoint_backups/multicentre-bpd-dinov2.tar	multicentre-bpd-dinov2/seed42/seed42_final_swapmin_test_log.txt
/mnt/d/download/Project coding/EOMT/checkpoint_backups/multicentre-bpd-dinov2.tar	multicentre-bpd-dinov2/seed42/seed42_final_swapmin_per_image.csv
/mnt/d/download/Project coding/EOMT/checkpoint_backups/multicentre-bpd-dinov2.tar	multicentre-bpd-dinov2/seed42/seed42_final_fixedchannel_test_log.txt
/mnt/d/download/Project coding/EOMT/checkpoint_backups/multicentre-bpd-dinov2.tar	multicentre-bpd-dinov2/seed42/seed42_final_fixedchannel_per_image.csv
/mnt/d/download/Project coding/EOMT/checkpoint_backups/multicentre-bpd-dinov2.tar	multicentre-bpd-dinov2/seed0/
/mnt/d/download/Project coding/EOMT/checkpoint_backups/multicentre-bpd-dinov2.tar	multicentre-bpd-dinov2/seed0/seed0_best.ckpt
/mnt/d/download/Project coding/EOMT/checkpoint_backups/multicentre-bpd-dinov2.tar	multicentre-bpd-dinov2/seed0/seed0_final.ckpt
/mnt/d/download/Project coding/EOMT/checkpoint_backups/multicentre-bpd-dinov2.tar	multicentre-bpd-dinov2/seed0/seed0_config.yaml
/mnt/d/download/Project coding/EOMT/checkpoint_backups/multicentre-bpd-dinov2.tar	multicentre-bpd-dinov2/seed0/test_image_order.csv
/mnt/d/download/Project coding/EOMT/checkpoint_backups/multicentre-bpd-dinov2.tar	multicentre-bpd-dinov2/seed0/seed0_best_swapmin_test_log.txt
/mnt/d/download/Project coding/EOMT/checkpoint_backups/multicentre-bpd-dinov2.tar	multicentre-bpd-dinov2/seed0/seed0_best_swapmin_per_image.csv
/mnt/d/download/Project coding/EOMT/checkpoint_backups/multicentre-bpd-dinov2.tar	multicentre-bpd-dinov2/seed0/seed0_best_fixedchannel_test_log.txt
/mnt/d/download/Project coding/EOMT/checkpoint_backups/multicentre-bpd-dinov2.tar	multicentre-bpd-dinov2/seed0/seed0_best_fixedchannel_per_image.csv
/mnt/d/download/Project coding/EOMT/checkpoint_backups/multicentre-bpd-dinov2.tar	multicentre-bpd-dinov2/seed0/seed0_final_swapmin_test_log.txt
/mnt/d/download/Project coding/EOMT/checkpoint_backups/multicentre-bpd-dinov2.tar	multicentre-bpd-dinov2/seed0/seed0_final_swapmin_per_image.csv
/mnt/d/download/Project coding/EOMT/checkpoint_backups/multicentre-bpd-dinov2.tar	multicentre-bpd-dinov2/seed0/seed0_final_fixedchannel_test_log.txt
/mnt/d/download/Project coding/EOMT/checkpoint_backups/multicentre-bpd-dinov2.tar	multicentre-bpd-dinov2/seed0/seed0_final_fixedchannel_per_image.csv
/mnt/d/download/Project coding/EOMT/checkpoint_backups/multicentre-bpd-dinov2.tar	multicentre-bpd-dinov2/seed123/
/mnt/d/download/Project coding/EOMT/checkpoint_backups/multicentre-bpd-dinov2.tar	multicentre-bpd-dinov2/seed123/seed123_best.ckpt
/mnt/d/download/Project coding/EOMT/checkpoint_backups/multicentre-bpd-dinov2.tar	multicentre-bpd-dinov2/seed123/seed123_final.ckpt
/mnt/d/download/Project coding/EOMT/checkpoint_backups/multicentre-bpd-dinov2.tar	multicentre-bpd-dinov2/seed123/seed123_config.yaml
/mnt/d/download/Project coding/EOMT/checkpoint_backups/multicentre-bpd-dinov2.tar	multicentre-bpd-dinov2/seed123/test_image_order.csv
/mnt/d/download/Project coding/EOMT/checkpoint_backups/multicentre-bpd-dinov2.tar	multicentre-bpd-dinov2/seed123/seed123_best_swapmin_test_log.txt
/mnt/d/download/Project coding/EOMT/checkpoint_backups/multicentre-bpd-dinov2.tar	multicentre-bpd-dinov2/seed123/seed123_best_swapmin_per_image.csv
/mnt/d/download/Project coding/EOMT/checkpoint_backups/multicentre-bpd-dinov2.tar	multicentre-bpd-dinov2/seed123/seed123_best_fixedchannel_test_log.txt
/mnt/d/download/Project coding/EOMT/checkpoint_backups/multicentre-bpd-dinov2.tar	multicentre-bpd-dinov2/seed123/seed123_best_fixedchannel_per_image.csv
/mnt/d/download/Project coding/EOMT/checkpoint_backups/multicentre-bpd-dinov2.tar	multicentre-bpd-dinov2/seed123/seed123_final_swapmin_test_log.txt
/mnt/d/download/Project coding/EOMT/checkpoint_backups/multicentre-bpd-dinov2.tar	multicentre-bpd-dinov2/seed123/seed123_final_swapmin_per_image.csv
/mnt/d/download/Project coding/EOMT/checkpoint_backups/multicentre-bpd-dinov2.tar	multicentre-bpd-dinov2/seed123/seed123_final_fixedchannel_test_log.txt
/mnt/d/download/Project coding/EOMT/checkpoint_backups/multicentre-bpd-dinov2.tar	multicentre-bpd-dinov2/seed123/seed123_final_fixedchannel_per_image.csv
/mnt/d/download/Project coding/EOMT/checkpoint_backups/multicentre-bpd-dinov2.tar	multicentre-bpd-dinov2/seed2024/
/mnt/d/download/Project coding/EOMT/checkpoint_backups/multicentre-bpd-dinov2.tar	multicentre-bpd-dinov2/seed2024/seed2024_best.ckpt
/mnt/d/download/Project coding/EOMT/checkpoint_backups/multicentre-bpd-dinov2.tar	multicentre-bpd-dinov2/seed2024/seed2024_final.ckpt
/mnt/d/download/Project coding/EOMT/checkpoint_backups/multicentre-bpd-dinov2.tar	multicentre-bpd-dinov2/seed2024/seed2024_config.yaml
/mnt/d/download/Project coding/EOMT/checkpoint_backups/multicentre-bpd-dinov2.tar	multicentre-bpd-dinov2/seed2024/test_image_order.csv
/mnt/d/download/Project coding/EOMT/checkpoint_backups/multicentre-bpd-dinov2.tar	multicentre-bpd-dinov2/seed2024/seed2024_best_swapmin_test_log.txt
/mnt/d/download/Project coding/EOMT/checkpoint_backups/multicentre-bpd-dinov2.tar	multicentre-bpd-dinov2/seed2024/seed2024_best_swapmin_per_image.csv
/mnt/d/download/Project coding/EOMT/checkpoint_backups/multicentre-bpd-dinov2.tar	multicentre-bpd-dinov2/seed2024/seed2024_best_fixedchannel_test_log.txt
/mnt/d/download/Project coding/EOMT/checkpoint_backups/multicentre-bpd-dinov2.tar	multicentre-bpd-dinov2/seed2024/seed2024_best_fixedchannel_per_image.csv
/mnt/d/download/Project coding/EOMT/checkpoint_backups/multicentre-bpd-dinov2.tar	multicentre-bpd-dinov2/seed2024/seed2024_final_swapmin_test_log.txt
/mnt/d/download/Project coding/EOMT/checkpoint_backups/multicentre-bpd-dinov2.tar	multicentre-bpd-dinov2/seed2024/seed2024_final_swapmin_per_image.csv
/mnt/d/download/Project coding/EOMT/checkpoint_backups/multicentre-bpd-dinov2.tar	multicentre-bpd-dinov2/seed2024/seed2024_final_fixedchannel_test_log.txt
/mnt/d/download/Project coding/EOMT/checkpoint_backups/multicentre-bpd-dinov2.tar	multicentre-bpd-dinov2/seed2024/seed2024_final_fixedchannel_per_image.csv
/mnt/d/download/Project coding/EOMT/checkpoint_backups/multicentre-bpd-dinov2.tar	multicentre-bpd-dinov2/seed3407/
/mnt/d/download/Project coding/EOMT/checkpoint_backups/multicentre-bpd-dinov2.tar	multicentre-bpd-dinov2/seed3407/seed3407_best.ckpt
/mnt/d/download/Project coding/EOMT/checkpoint_backups/multicentre-bpd-dinov2.tar	multicentre-bpd-dinov2/seed3407/seed3407_final.ckpt
/mnt/d/download/Project coding/EOMT/checkpoint_backups/multicentre-bpd-dinov2.tar	multicentre-bpd-dinov2/seed3407/seed3407_config.yaml
/mnt/d/download/Project coding/EOMT/checkpoint_backups/multicentre-bpd-dinov2.tar	multicentre-bpd-dinov2/seed3407/test_image_order.csv
/mnt/d/download/Project coding/EOMT/checkpoint_backups/multicentre-bpd-dinov2.tar	multicentre-bpd-dinov2/seed3407/seed3407_best_swapmin_test_log.txt
/mnt/d/download/Project coding/EOMT/checkpoint_backups/multicentre-bpd-dinov2.tar	multicentre-bpd-dinov2/seed3407/seed3407_best_swapmin_per_image.csv
/mnt/d/download/Project coding/EOMT/checkpoint_backups/multicentre-bpd-dinov2.tar	multicentre-bpd-dinov2/seed3407/seed3407_best_fixedchannel_test_log.txt
/mnt/d/download/Project coding/EOMT/checkpoint_backups/multicentre-bpd-dinov2.tar	multicentre-bpd-dinov2/seed3407/seed3407_best_fixedchannel_per_image.csv
/mnt/d/download/Project coding/EOMT/checkpoint_backups/multicentre-bpd-dinov2.tar	multicentre-bpd-dinov2/seed3407/seed3407_final_swapmin_test_log.txt
/mnt/d/download/Project coding/EOMT/checkpoint_backups/multicentre-bpd-dinov2.tar	multicentre-bpd-dinov2/seed3407/seed3407_final_swapmin_per_image.csv
/mnt/d/download/Project coding/EOMT/checkpoint_backups/multicentre-bpd-dinov2.tar	multicentre-bpd-dinov2/seed3407/seed3407_final_fixedchannel_test_log.txt
/mnt/d/download/Project coding/EOMT/checkpoint_backups/multicentre-bpd-dinov2.tar	multicentre-bpd-dinov2/seed3407/seed3407_final_fixedchannel_per_image.csv
/mnt/d/download/Project coding/EOMT/checkpoint_backups/multicentre-bpd-dinov2.tar	multicentre-bpd-dinov2/ensemble_best_swapmin_log.txt
/mnt/d/download/Project coding/EOMT/checkpoint_backups/multicentre-bpd-dinov2.tar	multicentre-bpd-dinov2/ensemble_best_fixedchannel_log.txt
/mnt/d/download/Project coding/EOMT/checkpoint_backups/multicentre-bpd-dinov2.tar	multicentre-bpd-dinov2/ensemble_final_swapmin_log.txt
/mnt/d/download/Project coding/EOMT/checkpoint_backups/multicentre-bpd-dinov2.tar	multicentre-bpd-dinov2/ensemble_final_fixedchannel_log.txt
/mnt/d/download/Project coding/EOMT/checkpoint_backups/multicentre-bpd-dinov3.tar	multicentre-bpd-dinov3/
/mnt/d/download/Project coding/EOMT/checkpoint_backups/multicentre-bpd-dinov3.tar	multicentre-bpd-dinov3/seed42/
/mnt/d/download/Project coding/EOMT/checkpoint_backups/multicentre-bpd-dinov3.tar	multicentre-bpd-dinov3/seed42/seed42_best.ckpt
/mnt/d/download/Project coding/EOMT/checkpoint_backups/multicentre-bpd-dinov3.tar	multicentre-bpd-dinov3/seed42/seed42_final.ckpt
/mnt/d/download/Project coding/EOMT/checkpoint_backups/multicentre-bpd-dinov3.tar	multicentre-bpd-dinov3/seed42/seed42_config.yaml
/mnt/d/download/Project coding/EOMT/checkpoint_backups/multicentre-bpd-dinov3.tar	multicentre-bpd-dinov3/seed42/test_image_order.csv
/mnt/d/download/Project coding/EOMT/checkpoint_backups/multicentre-bpd-dinov3.tar	multicentre-bpd-dinov3/seed42/seed42_best_swapmin_test_log.txt
/mnt/d/download/Project coding/EOMT/checkpoint_backups/multicentre-bpd-dinov3.tar	multicentre-bpd-dinov3/seed42/seed42_best_swapmin_per_image.csv
/mnt/d/download/Project coding/EOMT/checkpoint_backups/multicentre-bpd-dinov3.tar	multicentre-bpd-dinov3/seed42/seed42_best_fixedchannel_test_log.txt
/mnt/d/download/Project coding/EOMT/checkpoint_backups/multicentre-bpd-dinov3.tar	multicentre-bpd-dinov3/seed42/seed42_best_fixedchannel_per_image.csv
/mnt/d/download/Project coding/EOMT/checkpoint_backups/multicentre-bpd-dinov3.tar	multicentre-bpd-dinov3/seed42/seed42_final_swapmin_test_log.txt
/mnt/d/download/Project coding/EOMT/checkpoint_backups/multicentre-bpd-dinov3.tar	multicentre-bpd-dinov3/seed42/seed42_final_swapmin_per_image.csv
/mnt/d/download/Project coding/EOMT/checkpoint_backups/multicentre-bpd-dinov3.tar	multicentre-bpd-dinov3/seed42/seed42_final_fixedchannel_test_log.txt
/mnt/d/download/Project coding/EOMT/checkpoint_backups/multicentre-bpd-dinov3.tar	multicentre-bpd-dinov3/seed42/seed42_final_fixedchannel_per_image.csv
/mnt/d/download/Project coding/EOMT/checkpoint_backups/multicentre-bpd-dinov3.tar	multicentre-bpd-dinov3/seed0/
/mnt/d/download/Project coding/EOMT/checkpoint_backups/multicentre-bpd-dinov3.tar	multicentre-bpd-dinov3/seed0/seed0_best.ckpt
/mnt/d/download/Project coding/EOMT/checkpoint_backups/multicentre-bpd-dinov3.tar	multicentre-bpd-dinov3/seed0/seed0_final.ckpt
/mnt/d/download/Project coding/EOMT/checkpoint_backups/multicentre-bpd-dinov3.tar	multicentre-bpd-dinov3/seed0/seed0_config.yaml
/mnt/d/download/Project coding/EOMT/checkpoint_backups/multicentre-bpd-dinov3.tar	multicentre-bpd-dinov3/seed0/test_image_order.csv
/mnt/d/download/Project coding/EOMT/checkpoint_backups/multicentre-bpd-dinov3.tar	multicentre-bpd-dinov3/seed0/seed0_best_swapmin_test_log.txt
/mnt/d/download/Project coding/EOMT/checkpoint_backups/multicentre-bpd-dinov3.tar	multicentre-bpd-dinov3/seed0/seed0_best_swapmin_per_image.csv
/mnt/d/download/Project coding/EOMT/checkpoint_backups/multicentre-bpd-dinov3.tar	multicentre-bpd-dinov3/seed0/seed0_best_fixedchannel_test_log.txt
/mnt/d/download/Project coding/EOMT/checkpoint_backups/multicentre-bpd-dinov3.tar	multicentre-bpd-dinov3/seed0/seed0_best_fixedchannel_per_image.csv
/mnt/d/download/Project coding/EOMT/checkpoint_backups/multicentre-bpd-dinov3.tar	multicentre-bpd-dinov3/seed0/seed0_final_swapmin_test_log.txt
/mnt/d/download/Project coding/EOMT/checkpoint_backups/multicentre-bpd-dinov3.tar	multicentre-bpd-dinov3/seed0/seed0_final_swapmin_per_image.csv
/mnt/d/download/Project coding/EOMT/checkpoint_backups/multicentre-bpd-dinov3.tar	multicentre-bpd-dinov3/seed0/seed0_final_fixedchannel_test_log.txt
/mnt/d/download/Project coding/EOMT/checkpoint_backups/multicentre-bpd-dinov3.tar	multicentre-bpd-dinov3/seed0/seed0_final_fixedchannel_per_image.csv
/mnt/d/download/Project coding/EOMT/checkpoint_backups/multicentre-bpd-dinov3.tar	multicentre-bpd-dinov3/seed123/
/mnt/d/download/Project coding/EOMT/checkpoint_backups/multicentre-bpd-dinov3.tar	multicentre-bpd-dinov3/seed123/seed123_best.ckpt
/mnt/d/download/Project coding/EOMT/checkpoint_backups/multicentre-bpd-dinov3.tar	multicentre-bpd-dinov3/seed123/seed123_final.ckpt
/mnt/d/download/Project coding/EOMT/checkpoint_backups/multicentre-bpd-dinov3.tar	multicentre-bpd-dinov3/seed123/seed123_config.yaml
/mnt/d/download/Project coding/EOMT/checkpoint_backups/multicentre-bpd-dinov3.tar	multicentre-bpd-dinov3/seed123/test_image_order.csv
/mnt/d/download/Project coding/EOMT/checkpoint_backups/multicentre-bpd-dinov3.tar	multicentre-bpd-dinov3/seed123/seed123_best_swapmin_test_log.txt
/mnt/d/download/Project coding/EOMT/checkpoint_backups/multicentre-bpd-dinov3.tar	multicentre-bpd-dinov3/seed123/seed123_best_swapmin_per_image.csv
/mnt/d/download/Project coding/EOMT/checkpoint_backups/multicentre-bpd-dinov3.tar	multicentre-bpd-dinov3/seed123/seed123_best_fixedchannel_test_log.txt
/mnt/d/download/Project coding/EOMT/checkpoint_backups/multicentre-bpd-dinov3.tar	multicentre-bpd-dinov3/seed123/seed123_best_fixedchannel_per_image.csv
/mnt/d/download/Project coding/EOMT/checkpoint_backups/multicentre-bpd-dinov3.tar	multicentre-bpd-dinov3/seed123/seed123_final_swapmin_test_log.txt
/mnt/d/download/Project coding/EOMT/checkpoint_backups/multicentre-bpd-dinov3.tar	multicentre-bpd-dinov3/seed123/seed123_final_swapmin_per_image.csv
/mnt/d/download/Project coding/EOMT/checkpoint_backups/multicentre-bpd-dinov3.tar	multicentre-bpd-dinov3/seed123/seed123_final_fixedchannel_test_log.txt
/mnt/d/download/Project coding/EOMT/checkpoint_backups/multicentre-bpd-dinov3.tar	multicentre-bpd-dinov3/seed123/seed123_final_fixedchannel_per_image.csv
/mnt/d/download/Project coding/EOMT/checkpoint_backups/multicentre-bpd-dinov3.tar	multicentre-bpd-dinov3/seed2024/
/mnt/d/download/Project coding/EOMT/checkpoint_backups/multicentre-bpd-dinov3.tar	multicentre-bpd-dinov3/seed2024/seed2024_best.ckpt
/mnt/d/download/Project coding/EOMT/checkpoint_backups/multicentre-bpd-dinov3.tar	multicentre-bpd-dinov3/seed2024/seed2024_final.ckpt
/mnt/d/download/Project coding/EOMT/checkpoint_backups/multicentre-bpd-dinov3.tar	multicentre-bpd-dinov3/seed2024/seed2024_config.yaml
/mnt/d/download/Project coding/EOMT/checkpoint_backups/multicentre-bpd-dinov3.tar	multicentre-bpd-dinov3/seed2024/test_image_order.csv
/mnt/d/download/Project coding/EOMT/checkpoint_backups/multicentre-bpd-dinov3.tar	multicentre-bpd-dinov3/seed2024/seed2024_best_swapmin_test_log.txt
/mnt/d/download/Project coding/EOMT/checkpoint_backups/multicentre-bpd-dinov3.tar	multicentre-bpd-dinov3/seed2024/seed2024_best_swapmin_per_image.csv
/mnt/d/download/Project coding/EOMT/checkpoint_backups/multicentre-bpd-dinov3.tar	multicentre-bpd-dinov3/seed2024/seed2024_best_fixedchannel_test_log.txt
/mnt/d/download/Project coding/EOMT/checkpoint_backups/multicentre-bpd-dinov3.tar	multicentre-bpd-dinov3/seed2024/seed2024_best_fixedchannel_per_image.csv
/mnt/d/download/Project coding/EOMT/checkpoint_backups/multicentre-bpd-dinov3.tar	multicentre-bpd-dinov3/seed2024/seed2024_final_swapmin_test_log.txt
/mnt/d/download/Project coding/EOMT/checkpoint_backups/multicentre-bpd-dinov3.tar	multicentre-bpd-dinov3/seed2024/seed2024_final_swapmin_per_image.csv
/mnt/d/download/Project coding/EOMT/checkpoint_backups/multicentre-bpd-dinov3.tar	multicentre-bpd-dinov3/seed2024/seed2024_final_fixedchannel_test_log.txt
/mnt/d/download/Project coding/EOMT/checkpoint_backups/multicentre-bpd-dinov3.tar	multicentre-bpd-dinov3/seed2024/seed2024_final_fixedchannel_per_image.csv
/mnt/d/download/Project coding/EOMT/checkpoint_backups/multicentre-bpd-dinov3.tar	multicentre-bpd-dinov3/seed3407/
/mnt/d/download/Project coding/EOMT/checkpoint_backups/multicentre-bpd-dinov3.tar	multicentre-bpd-dinov3/seed3407/seed3407_best.ckpt
/mnt/d/download/Project coding/EOMT/checkpoint_backups/multicentre-bpd-dinov3.tar	multicentre-bpd-dinov3/seed3407/seed3407_final.ckpt
/mnt/d/download/Project coding/EOMT/checkpoint_backups/multicentre-bpd-dinov3.tar	multicentre-bpd-dinov3/seed3407/seed3407_config.yaml
/mnt/d/download/Project coding/EOMT/checkpoint_backups/multicentre-bpd-dinov3.tar	multicentre-bpd-dinov3/seed3407/test_image_order.csv
/mnt/d/download/Project coding/EOMT/checkpoint_backups/multicentre-bpd-dinov3.tar	multicentre-bpd-dinov3/seed3407/seed3407_best_swapmin_test_log.txt
/mnt/d/download/Project coding/EOMT/checkpoint_backups/multicentre-bpd-dinov3.tar	multicentre-bpd-dinov3/seed3407/seed3407_best_swapmin_per_image.csv
/mnt/d/download/Project coding/EOMT/checkpoint_backups/multicentre-bpd-dinov3.tar	multicentre-bpd-dinov3/seed3407/seed3407_best_fixedchannel_test_log.txt
/mnt/d/download/Project coding/EOMT/checkpoint_backups/multicentre-bpd-dinov3.tar	multicentre-bpd-dinov3/seed3407/seed3407_best_fixedchannel_per_image.csv
/mnt/d/download/Project coding/EOMT/checkpoint_backups/multicentre-bpd-dinov3.tar	multicentre-bpd-dinov3/seed3407/seed3407_final_swapmin_test_log.txt
/mnt/d/download/Project coding/EOMT/checkpoint_backups/multicentre-bpd-dinov3.tar	multicentre-bpd-dinov3/seed3407/seed3407_final_swapmin_per_image.csv
/mnt/d/download/Project coding/EOMT/checkpoint_backups/multicentre-bpd-dinov3.tar	multicentre-bpd-dinov3/seed3407/seed3407_final_fixedchannel_test_log.txt
/mnt/d/download/Project coding/EOMT/checkpoint_backups/multicentre-bpd-dinov3.tar	multicentre-bpd-dinov3/seed3407/seed3407_final_fixedchannel_per_image.csv
/mnt/d/download/Project coding/EOMT/checkpoint_backups/multicentre-bpd-dinov3.tar	multicentre-bpd-dinov3/ensemble_best_swapmin_log.txt
/mnt/d/download/Project coding/EOMT/checkpoint_backups/multicentre-bpd-dinov3.tar	multicentre-bpd-dinov3/ensemble_best_fixedchannel_log.txt
/mnt/d/download/Project coding/EOMT/checkpoint_backups/multicentre-bpd-dinov3.tar	multicentre-bpd-dinov3/ensemble_final_swapmin_log.txt
/mnt/d/download/Project coding/EOMT/checkpoint_backups/multicentre-bpd-dinov3.tar	multicentre-bpd-dinov3/ensemble_final_fixedchannel_log.txt
/mnt/d/download/Project coding/EOMT/checkpoint_backups/multicentre-fl-dinov2.tar	multicentre-fl-dinov2/
/mnt/d/download/Project coding/EOMT/checkpoint_backups/multicentre-fl-dinov2.tar	multicentre-fl-dinov2/seed42/
/mnt/d/download/Project coding/EOMT/checkpoint_backups/multicentre-fl-dinov2.tar	multicentre-fl-dinov2/seed42/seed42_best.ckpt
/mnt/d/download/Project coding/EOMT/checkpoint_backups/multicentre-fl-dinov2.tar	multicentre-fl-dinov2/seed42/seed42_final.ckpt
/mnt/d/download/Project coding/EOMT/checkpoint_backups/multicentre-fl-dinov2.tar	multicentre-fl-dinov2/seed42/seed42_config.yaml
/mnt/d/download/Project coding/EOMT/checkpoint_backups/multicentre-fl-dinov2.tar	multicentre-fl-dinov2/seed42/test_image_order.csv
/mnt/d/download/Project coding/EOMT/checkpoint_backups/multicentre-fl-dinov2.tar	multicentre-fl-dinov2/seed42/seed42_best_swapmin_test_log.txt
/mnt/d/download/Project coding/EOMT/checkpoint_backups/multicentre-fl-dinov2.tar	multicentre-fl-dinov2/seed42/seed42_best_swapmin_per_image.csv
/mnt/d/download/Project coding/EOMT/checkpoint_backups/multicentre-fl-dinov2.tar	multicentre-fl-dinov2/seed42/seed42_best_fixedchannel_test_log.txt
/mnt/d/download/Project coding/EOMT/checkpoint_backups/multicentre-fl-dinov2.tar	multicentre-fl-dinov2/seed42/seed42_best_fixedchannel_per_image.csv
/mnt/d/download/Project coding/EOMT/checkpoint_backups/multicentre-fl-dinov2.tar	multicentre-fl-dinov2/seed42/seed42_final_swapmin_test_log.txt
/mnt/d/download/Project coding/EOMT/checkpoint_backups/multicentre-fl-dinov2.tar	multicentre-fl-dinov2/seed42/seed42_final_swapmin_per_image.csv
/mnt/d/download/Project coding/EOMT/checkpoint_backups/multicentre-fl-dinov2.tar	multicentre-fl-dinov2/seed42/seed42_final_fixedchannel_test_log.txt
/mnt/d/download/Project coding/EOMT/checkpoint_backups/multicentre-fl-dinov2.tar	multicentre-fl-dinov2/seed42/seed42_final_fixedchannel_per_image.csv
/mnt/d/download/Project coding/EOMT/checkpoint_backups/multicentre-fl-dinov2.tar	multicentre-fl-dinov2/seed0/
/mnt/d/download/Project coding/EOMT/checkpoint_backups/multicentre-fl-dinov2.tar	multicentre-fl-dinov2/seed0/seed0_best.ckpt
/mnt/d/download/Project coding/EOMT/checkpoint_backups/multicentre-fl-dinov2.tar	multicentre-fl-dinov2/seed0/seed0_final.ckpt
/mnt/d/download/Project coding/EOMT/checkpoint_backups/multicentre-fl-dinov2.tar	multicentre-fl-dinov2/seed0/seed0_config.yaml
/mnt/d/download/Project coding/EOMT/checkpoint_backups/multicentre-fl-dinov2.tar	multicentre-fl-dinov2/seed0/test_image_order.csv
/mnt/d/download/Project coding/EOMT/checkpoint_backups/multicentre-fl-dinov2.tar	multicentre-fl-dinov2/seed0/seed0_best_swapmin_test_log.txt
/mnt/d/download/Project coding/EOMT/checkpoint_backups/multicentre-fl-dinov2.tar	multicentre-fl-dinov2/seed0/seed0_best_swapmin_per_image.csv
/mnt/d/download/Project coding/EOMT/checkpoint_backups/multicentre-fl-dinov2.tar	multicentre-fl-dinov2/seed0/seed0_best_fixedchannel_test_log.txt
/mnt/d/download/Project coding/EOMT/checkpoint_backups/multicentre-fl-dinov2.tar	multicentre-fl-dinov2/seed0/seed0_best_fixedchannel_per_image.csv
/mnt/d/download/Project coding/EOMT/checkpoint_backups/multicentre-fl-dinov2.tar	multicentre-fl-dinov2/seed0/seed0_final_swapmin_test_log.txt
/mnt/d/download/Project coding/EOMT/checkpoint_backups/multicentre-fl-dinov2.tar	multicentre-fl-dinov2/seed0/seed0_final_swapmin_per_image.csv
/mnt/d/download/Project coding/EOMT/checkpoint_backups/multicentre-fl-dinov2.tar	multicentre-fl-dinov2/seed0/seed0_final_fixedchannel_test_log.txt
/mnt/d/download/Project coding/EOMT/checkpoint_backups/multicentre-fl-dinov2.tar	multicentre-fl-dinov2/seed0/seed0_final_fixedchannel_per_image.csv
/mnt/d/download/Project coding/EOMT/checkpoint_backups/multicentre-fl-dinov2.tar	multicentre-fl-dinov2/seed123/
/mnt/d/download/Project coding/EOMT/checkpoint_backups/multicentre-fl-dinov2.tar	multicentre-fl-dinov2/seed123/seed123_best.ckpt
/mnt/d/download/Project coding/EOMT/checkpoint_backups/multicentre-fl-dinov2.tar	multicentre-fl-dinov2/seed123/seed123_final.ckpt
/mnt/d/download/Project coding/EOMT/checkpoint_backups/multicentre-fl-dinov2.tar	multicentre-fl-dinov2/seed123/seed123_config.yaml
/mnt/d/download/Project coding/EOMT/checkpoint_backups/multicentre-fl-dinov2.tar	multicentre-fl-dinov2/seed123/test_image_order.csv
/mnt/d/download/Project coding/EOMT/checkpoint_backups/multicentre-fl-dinov2.tar	multicentre-fl-dinov2/seed123/seed123_best_swapmin_test_log.txt
/mnt/d/download/Project coding/EOMT/checkpoint_backups/multicentre-fl-dinov2.tar	multicentre-fl-dinov2/seed123/seed123_best_swapmin_per_image.csv
/mnt/d/download/Project coding/EOMT/checkpoint_backups/multicentre-fl-dinov2.tar	multicentre-fl-dinov2/seed123/seed123_best_fixedchannel_test_log.txt
/mnt/d/download/Project coding/EOMT/checkpoint_backups/multicentre-fl-dinov2.tar	multicentre-fl-dinov2/seed123/seed123_best_fixedchannel_per_image.csv
/mnt/d/download/Project coding/EOMT/checkpoint_backups/multicentre-fl-dinov2.tar	multicentre-fl-dinov2/seed123/seed123_final_swapmin_test_log.txt
/mnt/d/download/Project coding/EOMT/checkpoint_backups/multicentre-fl-dinov2.tar	multicentre-fl-dinov2/seed123/seed123_final_swapmin_per_image.csv
/mnt/d/download/Project coding/EOMT/checkpoint_backups/multicentre-fl-dinov2.tar	multicentre-fl-dinov2/seed123/seed123_final_fixedchannel_test_log.txt
/mnt/d/download/Project coding/EOMT/checkpoint_backups/multicentre-fl-dinov2.tar	multicentre-fl-dinov2/seed123/seed123_final_fixedchannel_per_image.csv
/mnt/d/download/Project coding/EOMT/checkpoint_backups/multicentre-fl-dinov2.tar	multicentre-fl-dinov2/seed2024/
/mnt/d/download/Project coding/EOMT/checkpoint_backups/multicentre-fl-dinov2.tar	multicentre-fl-dinov2/seed2024/seed2024_best.ckpt
/mnt/d/download/Project coding/EOMT/checkpoint_backups/multicentre-fl-dinov2.tar	multicentre-fl-dinov2/seed2024/seed2024_final.ckpt
/mnt/d/download/Project coding/EOMT/checkpoint_backups/multicentre-fl-dinov2.tar	multicentre-fl-dinov2/seed2024/seed2024_config.yaml
/mnt/d/download/Project coding/EOMT/checkpoint_backups/multicentre-fl-dinov2.tar	multicentre-fl-dinov2/seed2024/test_image_order.csv
/mnt/d/download/Project coding/EOMT/checkpoint_backups/multicentre-fl-dinov2.tar	multicentre-fl-dinov2/seed2024/seed2024_best_swapmin_test_log.txt
/mnt/d/download/Project coding/EOMT/checkpoint_backups/multicentre-fl-dinov2.tar	multicentre-fl-dinov2/seed2024/seed2024_best_swapmin_per_image.csv
/mnt/d/download/Project coding/EOMT/checkpoint_backups/multicentre-fl-dinov2.tar	multicentre-fl-dinov2/seed2024/seed2024_best_fixedchannel_test_log.txt
/mnt/d/download/Project coding/EOMT/checkpoint_backups/multicentre-fl-dinov2.tar	multicentre-fl-dinov2/seed2024/seed2024_best_fixedchannel_per_image.csv
/mnt/d/download/Project coding/EOMT/checkpoint_backups/multicentre-fl-dinov2.tar	multicentre-fl-dinov2/seed2024/seed2024_final_swapmin_test_log.txt
/mnt/d/download/Project coding/EOMT/checkpoint_backups/multicentre-fl-dinov2.tar	multicentre-fl-dinov2/seed2024/seed2024_final_swapmin_per_image.csv
/mnt/d/download/Project coding/EOMT/checkpoint_backups/multicentre-fl-dinov2.tar	multicentre-fl-dinov2/seed2024/seed2024_final_fixedchannel_test_log.txt
/mnt/d/download/Project coding/EOMT/checkpoint_backups/multicentre-fl-dinov2.tar	multicentre-fl-dinov2/seed2024/seed2024_final_fixedchannel_per_image.csv
/mnt/d/download/Project coding/EOMT/checkpoint_backups/multicentre-fl-dinov2.tar	multicentre-fl-dinov2/seed3407/
/mnt/d/download/Project coding/EOMT/checkpoint_backups/multicentre-fl-dinov2.tar	multicentre-fl-dinov2/seed3407/seed3407_best.ckpt
/mnt/d/download/Project coding/EOMT/checkpoint_backups/multicentre-fl-dinov2.tar	multicentre-fl-dinov2/seed3407/seed3407_final.ckpt
/mnt/d/download/Project coding/EOMT/checkpoint_backups/multicentre-fl-dinov2.tar	multicentre-fl-dinov2/seed3407/seed3407_config.yaml
/mnt/d/download/Project coding/EOMT/checkpoint_backups/multicentre-fl-dinov2.tar	multicentre-fl-dinov2/seed3407/test_image_order.csv
/mnt/d/download/Project coding/EOMT/checkpoint_backups/multicentre-fl-dinov2.tar	multicentre-fl-dinov2/seed3407/seed3407_best_swapmin_test_log.txt
/mnt/d/download/Project coding/EOMT/checkpoint_backups/multicentre-fl-dinov2.tar	multicentre-fl-dinov2/seed3407/seed3407_best_swapmin_per_image.csv
/mnt/d/download/Project coding/EOMT/checkpoint_backups/multicentre-fl-dinov2.tar	multicentre-fl-dinov2/seed3407/seed3407_best_fixedchannel_test_log.txt
/mnt/d/download/Project coding/EOMT/checkpoint_backups/multicentre-fl-dinov2.tar	multicentre-fl-dinov2/seed3407/seed3407_best_fixedchannel_per_image.csv
/mnt/d/download/Project coding/EOMT/checkpoint_backups/multicentre-fl-dinov2.tar	multicentre-fl-dinov2/seed3407/seed3407_final_swapmin_test_log.txt
/mnt/d/download/Project coding/EOMT/checkpoint_backups/multicentre-fl-dinov2.tar	multicentre-fl-dinov2/seed3407/seed3407_final_swapmin_per_image.csv
/mnt/d/download/Project coding/EOMT/checkpoint_backups/multicentre-fl-dinov2.tar	multicentre-fl-dinov2/seed3407/seed3407_final_fixedchannel_test_log.txt
/mnt/d/download/Project coding/EOMT/checkpoint_backups/multicentre-fl-dinov2.tar	multicentre-fl-dinov2/seed3407/seed3407_final_fixedchannel_per_image.csv
/mnt/d/download/Project coding/EOMT/checkpoint_backups/multicentre-fl-dinov2.tar	multicentre-fl-dinov2/ensemble_best_swapmin_log.txt
/mnt/d/download/Project coding/EOMT/checkpoint_backups/multicentre-fl-dinov2.tar	multicentre-fl-dinov2/ensemble_best_fixedchannel_log.txt
/mnt/d/download/Project coding/EOMT/checkpoint_backups/multicentre-fl-dinov2.tar	multicentre-fl-dinov2/ensemble_final_swapmin_log.txt
/mnt/d/download/Project coding/EOMT/checkpoint_backups/multicentre-fl-dinov2.tar	multicentre-fl-dinov2/ensemble_final_fixedchannel_log.txt
/mnt/d/download/Project coding/EOMT/checkpoint_backups/multicentre-fl-dinov3.tar	multicentre-fl-dinov3/
/mnt/d/download/Project coding/EOMT/checkpoint_backups/multicentre-fl-dinov3.tar	multicentre-fl-dinov3/seed42/
/mnt/d/download/Project coding/EOMT/checkpoint_backups/multicentre-fl-dinov3.tar	multicentre-fl-dinov3/seed42/seed42_best.ckpt
/mnt/d/download/Project coding/EOMT/checkpoint_backups/multicentre-fl-dinov3.tar	multicentre-fl-dinov3/seed42/seed42_final.ckpt
/mnt/d/download/Project coding/EOMT/checkpoint_backups/multicentre-fl-dinov3.tar	multicentre-fl-dinov3/seed42/seed42_config.yaml
/mnt/d/download/Project coding/EOMT/checkpoint_backups/multicentre-fl-dinov3.tar	multicentre-fl-dinov3/seed42/test_image_order.csv
/mnt/d/download/Project coding/EOMT/checkpoint_backups/multicentre-fl-dinov3.tar	multicentre-fl-dinov3/seed42/seed42_best_swapmin_test_log.txt
/mnt/d/download/Project coding/EOMT/checkpoint_backups/multicentre-fl-dinov3.tar	multicentre-fl-dinov3/seed42/seed42_best_swapmin_per_image.csv
/mnt/d/download/Project coding/EOMT/checkpoint_backups/multicentre-fl-dinov3.tar	multicentre-fl-dinov3/seed42/seed42_best_fixedchannel_test_log.txt
/mnt/d/download/Project coding/EOMT/checkpoint_backups/multicentre-fl-dinov3.tar	multicentre-fl-dinov3/seed42/seed42_best_fixedchannel_per_image.csv
/mnt/d/download/Project coding/EOMT/checkpoint_backups/multicentre-fl-dinov3.tar	multicentre-fl-dinov3/seed42/seed42_final_swapmin_test_log.txt
/mnt/d/download/Project coding/EOMT/checkpoint_backups/multicentre-fl-dinov3.tar	multicentre-fl-dinov3/seed42/seed42_final_swapmin_per_image.csv
/mnt/d/download/Project coding/EOMT/checkpoint_backups/multicentre-fl-dinov3.tar	multicentre-fl-dinov3/seed42/seed42_final_fixedchannel_test_log.txt
/mnt/d/download/Project coding/EOMT/checkpoint_backups/multicentre-fl-dinov3.tar	multicentre-fl-dinov3/seed42/seed42_final_fixedchannel_per_image.csv
/mnt/d/download/Project coding/EOMT/checkpoint_backups/multicentre-fl-dinov3.tar	multicentre-fl-dinov3/seed0/
/mnt/d/download/Project coding/EOMT/checkpoint_backups/multicentre-fl-dinov3.tar	multicentre-fl-dinov3/seed0/seed0_best.ckpt
/mnt/d/download/Project coding/EOMT/checkpoint_backups/multicentre-fl-dinov3.tar	multicentre-fl-dinov3/seed0/seed0_final.ckpt
/mnt/d/download/Project coding/EOMT/checkpoint_backups/multicentre-fl-dinov3.tar	multicentre-fl-dinov3/seed0/seed0_config.yaml
/mnt/d/download/Project coding/EOMT/checkpoint_backups/multicentre-fl-dinov3.tar	multicentre-fl-dinov3/seed0/test_image_order.csv
/mnt/d/download/Project coding/EOMT/checkpoint_backups/multicentre-fl-dinov3.tar	multicentre-fl-dinov3/seed0/seed0_best_swapmin_test_log.txt
/mnt/d/download/Project coding/EOMT/checkpoint_backups/multicentre-fl-dinov3.tar	multicentre-fl-dinov3/seed0/seed0_best_swapmin_per_image.csv
/mnt/d/download/Project coding/EOMT/checkpoint_backups/multicentre-fl-dinov3.tar	multicentre-fl-dinov3/seed0/seed0_best_fixedchannel_test_log.txt
/mnt/d/download/Project coding/EOMT/checkpoint_backups/multicentre-fl-dinov3.tar	multicentre-fl-dinov3/seed0/seed0_best_fixedchannel_per_image.csv
/mnt/d/download/Project coding/EOMT/checkpoint_backups/multicentre-fl-dinov3.tar	multicentre-fl-dinov3/seed0/seed0_final_swapmin_test_log.txt
/mnt/d/download/Project coding/EOMT/checkpoint_backups/multicentre-fl-dinov3.tar	multicentre-fl-dinov3/seed0/seed0_final_swapmin_per_image.csv
/mnt/d/download/Project coding/EOMT/checkpoint_backups/multicentre-fl-dinov3.tar	multicentre-fl-dinov3/seed0/seed0_final_fixedchannel_test_log.txt
/mnt/d/download/Project coding/EOMT/checkpoint_backups/multicentre-fl-dinov3.tar	multicentre-fl-dinov3/seed0/seed0_final_fixedchannel_per_image.csv
/mnt/d/download/Project coding/EOMT/checkpoint_backups/multicentre-fl-dinov3.tar	multicentre-fl-dinov3/seed123/
/mnt/d/download/Project coding/EOMT/checkpoint_backups/multicentre-fl-dinov3.tar	multicentre-fl-dinov3/seed123/seed123_best.ckpt
/mnt/d/download/Project coding/EOMT/checkpoint_backups/multicentre-fl-dinov3.tar	multicentre-fl-dinov3/seed123/seed123_final.ckpt
/mnt/d/download/Project coding/EOMT/checkpoint_backups/multicentre-fl-dinov3.tar	multicentre-fl-dinov3/seed123/seed123_config.yaml
/mnt/d/download/Project coding/EOMT/checkpoint_backups/multicentre-fl-dinov3.tar	multicentre-fl-dinov3/seed123/test_image_order.csv
/mnt/d/download/Project coding/EOMT/checkpoint_backups/multicentre-fl-dinov3.tar	multicentre-fl-dinov3/seed123/seed123_best_swapmin_test_log.txt
/mnt/d/download/Project coding/EOMT/checkpoint_backups/multicentre-fl-dinov3.tar	multicentre-fl-dinov3/seed123/seed123_best_swapmin_per_image.csv
/mnt/d/download/Project coding/EOMT/checkpoint_backups/multicentre-fl-dinov3.tar	multicentre-fl-dinov3/seed123/seed123_best_fixedchannel_test_log.txt
/mnt/d/download/Project coding/EOMT/checkpoint_backups/multicentre-fl-dinov3.tar	multicentre-fl-dinov3/seed123/seed123_best_fixedchannel_per_image.csv
/mnt/d/download/Project coding/EOMT/checkpoint_backups/multicentre-fl-dinov3.tar	multicentre-fl-dinov3/seed123/seed123_final_swapmin_test_log.txt
/mnt/d/download/Project coding/EOMT/checkpoint_backups/multicentre-fl-dinov3.tar	multicentre-fl-dinov3/seed123/seed123_final_swapmin_per_image.csv
/mnt/d/download/Project coding/EOMT/checkpoint_backups/multicentre-fl-dinov3.tar	multicentre-fl-dinov3/seed123/seed123_final_fixedchannel_test_log.txt
/mnt/d/download/Project coding/EOMT/checkpoint_backups/multicentre-fl-dinov3.tar	multicentre-fl-dinov3/seed123/seed123_final_fixedchannel_per_image.csv
/mnt/d/download/Project coding/EOMT/checkpoint_backups/multicentre-fl-dinov3.tar	multicentre-fl-dinov3/seed2024/
/mnt/d/download/Project coding/EOMT/checkpoint_backups/multicentre-fl-dinov3.tar	multicentre-fl-dinov3/seed2024/seed2024_best.ckpt
/mnt/d/download/Project coding/EOMT/checkpoint_backups/multicentre-fl-dinov3.tar	multicentre-fl-dinov3/seed2024/seed2024_final.ckpt
/mnt/d/download/Project coding/EOMT/checkpoint_backups/multicentre-fl-dinov3.tar	multicentre-fl-dinov3/seed2024/seed2024_config.yaml
/mnt/d/download/Project coding/EOMT/checkpoint_backups/multicentre-fl-dinov3.tar	multicentre-fl-dinov3/seed2024/test_image_order.csv
/mnt/d/download/Project coding/EOMT/checkpoint_backups/multicentre-fl-dinov3.tar	multicentre-fl-dinov3/seed2024/seed2024_best_swapmin_test_log.txt
/mnt/d/download/Project coding/EOMT/checkpoint_backups/multicentre-fl-dinov3.tar	multicentre-fl-dinov3/seed2024/seed2024_best_swapmin_per_image.csv
/mnt/d/download/Project coding/EOMT/checkpoint_backups/multicentre-fl-dinov3.tar	multicentre-fl-dinov3/seed2024/seed2024_best_fixedchannel_test_log.txt
/mnt/d/download/Project coding/EOMT/checkpoint_backups/multicentre-fl-dinov3.tar	multicentre-fl-dinov3/seed2024/seed2024_best_fixedchannel_per_image.csv
/mnt/d/download/Project coding/EOMT/checkpoint_backups/multicentre-fl-dinov3.tar	multicentre-fl-dinov3/seed2024/seed2024_final_swapmin_test_log.txt
/mnt/d/download/Project coding/EOMT/checkpoint_backups/multicentre-fl-dinov3.tar	multicentre-fl-dinov3/seed2024/seed2024_final_swapmin_per_image.csv
/mnt/d/download/Project coding/EOMT/checkpoint_backups/multicentre-fl-dinov3.tar	multicentre-fl-dinov3/seed2024/seed2024_final_fixedchannel_test_log.txt
/mnt/d/download/Project coding/EOMT/checkpoint_backups/multicentre-fl-dinov3.tar	multicentre-fl-dinov3/seed2024/seed2024_final_fixedchannel_per_image.csv
/mnt/d/download/Project coding/EOMT/checkpoint_backups/multicentre-fl-dinov3.tar	multicentre-fl-dinov3/seed3407/
/mnt/d/download/Project coding/EOMT/checkpoint_backups/multicentre-fl-dinov3.tar	multicentre-fl-dinov3/seed3407/seed3407_best.ckpt
/mnt/d/download/Project coding/EOMT/checkpoint_backups/multicentre-fl-dinov3.tar	multicentre-fl-dinov3/seed3407/seed3407_final.ckpt
/mnt/d/download/Project coding/EOMT/checkpoint_backups/multicentre-fl-dinov3.tar	multicentre-fl-dinov3/seed3407/seed3407_config.yaml
/mnt/d/download/Project coding/EOMT/checkpoint_backups/multicentre-fl-dinov3.tar	multicentre-fl-dinov3/seed3407/test_image_order.csv
/mnt/d/download/Project coding/EOMT/checkpoint_backups/multicentre-fl-dinov3.tar	multicentre-fl-dinov3/seed3407/seed3407_best_swapmin_test_log.txt
/mnt/d/download/Project coding/EOMT/checkpoint_backups/multicentre-fl-dinov3.tar	multicentre-fl-dinov3/seed3407/seed3407_best_swapmin_per_image.csv
/mnt/d/download/Project coding/EOMT/checkpoint_backups/multicentre-fl-dinov3.tar	multicentre-fl-dinov3/seed3407/seed3407_best_fixedchannel_test_log.txt
/mnt/d/download/Project coding/EOMT/checkpoint_backups/multicentre-fl-dinov3.tar	multicentre-fl-dinov3/seed3407/seed3407_best_fixedchannel_per_image.csv
/mnt/d/download/Project coding/EOMT/checkpoint_backups/multicentre-fl-dinov3.tar	multicentre-fl-dinov3/seed3407/seed3407_final_swapmin_test_log.txt
/mnt/d/download/Project coding/EOMT/checkpoint_backups/multicentre-fl-dinov3.tar	multicentre-fl-dinov3/seed3407/seed3407_final_swapmin_per_image.csv
/mnt/d/download/Project coding/EOMT/checkpoint_backups/multicentre-fl-dinov3.tar	multicentre-fl-dinov3/seed3407/seed3407_final_fixedchannel_test_log.txt
/mnt/d/download/Project coding/EOMT/checkpoint_backups/multicentre-fl-dinov3.tar	multicentre-fl-dinov3/seed3407/seed3407_final_fixedchannel_per_image.csv
/mnt/d/download/Project coding/EOMT/checkpoint_backups/multicentre-fl-dinov3.tar	multicentre-fl-dinov3/ensemble_best_swapmin_log.txt
/mnt/d/download/Project coding/EOMT/checkpoint_backups/multicentre-fl-dinov3.tar	multicentre-fl-dinov3/ensemble_best_fixedchannel_log.txt
/mnt/d/download/Project coding/EOMT/checkpoint_backups/multicentre-fl-dinov3.tar	multicentre-fl-dinov3/ensemble_final_swapmin_log.txt
/mnt/d/download/Project coding/EOMT/checkpoint_backups/multicentre-fl-dinov3.tar	multicentre-fl-dinov3/ensemble_final_fixedchannel_log.txt
/mnt/d/download/Project coding/EOMT/checkpoint_backups/multicentre-ofd-dinov2.tar	multicentre-ofd-dinov2/
/mnt/d/download/Project coding/EOMT/checkpoint_backups/multicentre-ofd-dinov2.tar	multicentre-ofd-dinov2/seed42/
/mnt/d/download/Project coding/EOMT/checkpoint_backups/multicentre-ofd-dinov2.tar	multicentre-ofd-dinov2/seed42/seed42_best.ckpt
/mnt/d/download/Project coding/EOMT/checkpoint_backups/multicentre-ofd-dinov2.tar	multicentre-ofd-dinov2/seed42/seed42_final.ckpt
/mnt/d/download/Project coding/EOMT/checkpoint_backups/multicentre-ofd-dinov2.tar	multicentre-ofd-dinov2/seed42/seed42_config.yaml
/mnt/d/download/Project coding/EOMT/checkpoint_backups/multicentre-ofd-dinov2.tar	multicentre-ofd-dinov2/seed42/test_image_order.csv
/mnt/d/download/Project coding/EOMT/checkpoint_backups/multicentre-ofd-dinov2.tar	multicentre-ofd-dinov2/seed42/seed42_best_swapmin_test_log.txt
/mnt/d/download/Project coding/EOMT/checkpoint_backups/multicentre-ofd-dinov2.tar	multicentre-ofd-dinov2/seed42/seed42_best_swapmin_per_image.csv
/mnt/d/download/Project coding/EOMT/checkpoint_backups/multicentre-ofd-dinov2.tar	multicentre-ofd-dinov2/seed42/seed42_best_fixedchannel_test_log.txt
/mnt/d/download/Project coding/EOMT/checkpoint_backups/multicentre-ofd-dinov2.tar	multicentre-ofd-dinov2/seed42/seed42_best_fixedchannel_per_image.csv
/mnt/d/download/Project coding/EOMT/checkpoint_backups/multicentre-ofd-dinov2.tar	multicentre-ofd-dinov2/seed42/seed42_final_swapmin_test_log.txt
/mnt/d/download/Project coding/EOMT/checkpoint_backups/multicentre-ofd-dinov2.tar	multicentre-ofd-dinov2/seed42/seed42_final_swapmin_per_image.csv
/mnt/d/download/Project coding/EOMT/checkpoint_backups/multicentre-ofd-dinov2.tar	multicentre-ofd-dinov2/seed42/seed42_final_fixedchannel_test_log.txt
/mnt/d/download/Project coding/EOMT/checkpoint_backups/multicentre-ofd-dinov2.tar	multicentre-ofd-dinov2/seed42/seed42_final_fixedchannel_per_image.csv
/mnt/d/download/Project coding/EOMT/checkpoint_backups/multicentre-ofd-dinov2.tar	multicentre-ofd-dinov2/seed0/
/mnt/d/download/Project coding/EOMT/checkpoint_backups/multicentre-ofd-dinov2.tar	multicentre-ofd-dinov2/seed0/seed0_best.ckpt
/mnt/d/download/Project coding/EOMT/checkpoint_backups/multicentre-ofd-dinov2.tar	multicentre-ofd-dinov2/seed0/seed0_final.ckpt
/mnt/d/download/Project coding/EOMT/checkpoint_backups/multicentre-ofd-dinov2.tar	multicentre-ofd-dinov2/seed0/seed0_config.yaml
/mnt/d/download/Project coding/EOMT/checkpoint_backups/multicentre-ofd-dinov2.tar	multicentre-ofd-dinov2/seed0/test_image_order.csv
/mnt/d/download/Project coding/EOMT/checkpoint_backups/multicentre-ofd-dinov2.tar	multicentre-ofd-dinov2/seed0/seed0_best_swapmin_test_log.txt
/mnt/d/download/Project coding/EOMT/checkpoint_backups/multicentre-ofd-dinov2.tar	multicentre-ofd-dinov2/seed0/seed0_best_swapmin_per_image.csv
/mnt/d/download/Project coding/EOMT/checkpoint_backups/multicentre-ofd-dinov2.tar	multicentre-ofd-dinov2/seed0/seed0_best_fixedchannel_test_log.txt
/mnt/d/download/Project coding/EOMT/checkpoint_backups/multicentre-ofd-dinov2.tar	multicentre-ofd-dinov2/seed0/seed0_best_fixedchannel_per_image.csv
/mnt/d/download/Project coding/EOMT/checkpoint_backups/multicentre-ofd-dinov2.tar	multicentre-ofd-dinov2/seed0/seed0_final_swapmin_test_log.txt
/mnt/d/download/Project coding/EOMT/checkpoint_backups/multicentre-ofd-dinov2.tar	multicentre-ofd-dinov2/seed0/seed0_final_swapmin_per_image.csv
/mnt/d/download/Project coding/EOMT/checkpoint_backups/multicentre-ofd-dinov2.tar	multicentre-ofd-dinov2/seed0/seed0_final_fixedchannel_test_log.txt
/mnt/d/download/Project coding/EOMT/checkpoint_backups/multicentre-ofd-dinov2.tar	multicentre-ofd-dinov2/seed0/seed0_final_fixedchannel_per_image.csv
/mnt/d/download/Project coding/EOMT/checkpoint_backups/multicentre-ofd-dinov2.tar	multicentre-ofd-dinov2/seed123/
/mnt/d/download/Project coding/EOMT/checkpoint_backups/multicentre-ofd-dinov2.tar	multicentre-ofd-dinov2/seed123/seed123_best.ckpt
/mnt/d/download/Project coding/EOMT/checkpoint_backups/multicentre-ofd-dinov2.tar	multicentre-ofd-dinov2/seed123/seed123_final.ckpt
/mnt/d/download/Project coding/EOMT/checkpoint_backups/multicentre-ofd-dinov2.tar	multicentre-ofd-dinov2/seed123/seed123_config.yaml
/mnt/d/download/Project coding/EOMT/checkpoint_backups/multicentre-ofd-dinov2.tar	multicentre-ofd-dinov2/seed123/test_image_order.csv
/mnt/d/download/Project coding/EOMT/checkpoint_backups/multicentre-ofd-dinov2.tar	multicentre-ofd-dinov2/seed123/seed123_best_swapmin_test_log.txt
/mnt/d/download/Project coding/EOMT/checkpoint_backups/multicentre-ofd-dinov2.tar	multicentre-ofd-dinov2/seed123/seed123_best_swapmin_per_image.csv
/mnt/d/download/Project coding/EOMT/checkpoint_backups/multicentre-ofd-dinov2.tar	multicentre-ofd-dinov2/seed123/seed123_best_fixedchannel_test_log.txt
/mnt/d/download/Project coding/EOMT/checkpoint_backups/multicentre-ofd-dinov2.tar	multicentre-ofd-dinov2/seed123/seed123_best_fixedchannel_per_image.csv
/mnt/d/download/Project coding/EOMT/checkpoint_backups/multicentre-ofd-dinov2.tar	multicentre-ofd-dinov2/seed123/seed123_final_swapmin_test_log.txt
/mnt/d/download/Project coding/EOMT/checkpoint_backups/multicentre-ofd-dinov2.tar	multicentre-ofd-dinov2/seed123/seed123_final_swapmin_per_image.csv
/mnt/d/download/Project coding/EOMT/checkpoint_backups/multicentre-ofd-dinov2.tar	multicentre-ofd-dinov2/seed123/seed123_final_fixedchannel_test_log.txt
/mnt/d/download/Project coding/EOMT/checkpoint_backups/multicentre-ofd-dinov2.tar	multicentre-ofd-dinov2/seed123/seed123_final_fixedchannel_per_image.csv
/mnt/d/download/Project coding/EOMT/checkpoint_backups/multicentre-ofd-dinov2.tar	multicentre-ofd-dinov2/seed2024/
/mnt/d/download/Project coding/EOMT/checkpoint_backups/multicentre-ofd-dinov2.tar	multicentre-ofd-dinov2/seed2024/seed2024_best.ckpt
/mnt/d/download/Project coding/EOMT/checkpoint_backups/multicentre-ofd-dinov2.tar	multicentre-ofd-dinov2/seed2024/seed2024_final.ckpt
/mnt/d/download/Project coding/EOMT/checkpoint_backups/multicentre-ofd-dinov2.tar	multicentre-ofd-dinov2/seed2024/seed2024_config.yaml
/mnt/d/download/Project coding/EOMT/checkpoint_backups/multicentre-ofd-dinov2.tar	multicentre-ofd-dinov2/seed2024/test_image_order.csv
/mnt/d/download/Project coding/EOMT/checkpoint_backups/multicentre-ofd-dinov2.tar	multicentre-ofd-dinov2/seed2024/seed2024_best_swapmin_test_log.txt
/mnt/d/download/Project coding/EOMT/checkpoint_backups/multicentre-ofd-dinov2.tar	multicentre-ofd-dinov2/seed2024/seed2024_best_swapmin_per_image.csv
/mnt/d/download/Project coding/EOMT/checkpoint_backups/multicentre-ofd-dinov2.tar	multicentre-ofd-dinov2/seed2024/seed2024_best_fixedchannel_test_log.txt
/mnt/d/download/Project coding/EOMT/checkpoint_backups/multicentre-ofd-dinov2.tar	multicentre-ofd-dinov2/seed2024/seed2024_best_fixedchannel_per_image.csv
/mnt/d/download/Project coding/EOMT/checkpoint_backups/multicentre-ofd-dinov2.tar	multicentre-ofd-dinov2/seed2024/seed2024_final_swapmin_test_log.txt
/mnt/d/download/Project coding/EOMT/checkpoint_backups/multicentre-ofd-dinov2.tar	multicentre-ofd-dinov2/seed2024/seed2024_final_swapmin_per_image.csv
/mnt/d/download/Project coding/EOMT/checkpoint_backups/multicentre-ofd-dinov2.tar	multicentre-ofd-dinov2/seed2024/seed2024_final_fixedchannel_test_log.txt
/mnt/d/download/Project coding/EOMT/checkpoint_backups/multicentre-ofd-dinov2.tar	multicentre-ofd-dinov2/seed2024/seed2024_final_fixedchannel_per_image.csv
/mnt/d/download/Project coding/EOMT/checkpoint_backups/multicentre-ofd-dinov2.tar	multicentre-ofd-dinov2/seed3407/
/mnt/d/download/Project coding/EOMT/checkpoint_backups/multicentre-ofd-dinov2.tar	multicentre-ofd-dinov2/seed3407/seed3407_best.ckpt
/mnt/d/download/Project coding/EOMT/checkpoint_backups/multicentre-ofd-dinov2.tar	multicentre-ofd-dinov2/seed3407/seed3407_final.ckpt
/mnt/d/download/Project coding/EOMT/checkpoint_backups/multicentre-ofd-dinov2.tar	multicentre-ofd-dinov2/seed3407/seed3407_config.yaml
/mnt/d/download/Project coding/EOMT/checkpoint_backups/multicentre-ofd-dinov2.tar	multicentre-ofd-dinov2/seed3407/test_image_order.csv
/mnt/d/download/Project coding/EOMT/checkpoint_backups/multicentre-ofd-dinov2.tar	multicentre-ofd-dinov2/seed3407/seed3407_best_swapmin_test_log.txt
/mnt/d/download/Project coding/EOMT/checkpoint_backups/multicentre-ofd-dinov2.tar	multicentre-ofd-dinov2/seed3407/seed3407_best_swapmin_per_image.csv
/mnt/d/download/Project coding/EOMT/checkpoint_backups/multicentre-ofd-dinov2.tar	multicentre-ofd-dinov2/seed3407/seed3407_best_fixedchannel_test_log.txt
/mnt/d/download/Project coding/EOMT/checkpoint_backups/multicentre-ofd-dinov2.tar	multicentre-ofd-dinov2/seed3407/seed3407_best_fixedchannel_per_image.csv
/mnt/d/download/Project coding/EOMT/checkpoint_backups/multicentre-ofd-dinov2.tar	multicentre-ofd-dinov2/seed3407/seed3407_final_swapmin_test_log.txt
/mnt/d/download/Project coding/EOMT/checkpoint_backups/multicentre-ofd-dinov2.tar	multicentre-ofd-dinov2/seed3407/seed3407_final_swapmin_per_image.csv
/mnt/d/download/Project coding/EOMT/checkpoint_backups/multicentre-ofd-dinov2.tar	multicentre-ofd-dinov2/seed3407/seed3407_final_fixedchannel_test_log.txt
/mnt/d/download/Project coding/EOMT/checkpoint_backups/multicentre-ofd-dinov2.tar	multicentre-ofd-dinov2/seed3407/seed3407_final_fixedchannel_per_image.csv
/mnt/d/download/Project coding/EOMT/checkpoint_backups/multicentre-ofd-dinov2.tar	multicentre-ofd-dinov2/ensemble_best_swapmin_log.txt
/mnt/d/download/Project coding/EOMT/checkpoint_backups/multicentre-ofd-dinov2.tar	multicentre-ofd-dinov2/ensemble_best_fixedchannel_log.txt
/mnt/d/download/Project coding/EOMT/checkpoint_backups/multicentre-ofd-dinov2.tar	multicentre-ofd-dinov2/ensemble_final_swapmin_log.txt
/mnt/d/download/Project coding/EOMT/checkpoint_backups/multicentre-ofd-dinov2.tar	multicentre-ofd-dinov2/ensemble_final_fixedchannel_log.txt
/mnt/d/download/Project coding/EOMT/checkpoint_backups/multicentre-ofd-dinov3.tar	multicentre-ofd-dinov3/
/mnt/d/download/Project coding/EOMT/checkpoint_backups/multicentre-ofd-dinov3.tar	multicentre-ofd-dinov3/seed42/
/mnt/d/download/Project coding/EOMT/checkpoint_backups/multicentre-ofd-dinov3.tar	multicentre-ofd-dinov3/seed42/seed42_best.ckpt
/mnt/d/download/Project coding/EOMT/checkpoint_backups/multicentre-ofd-dinov3.tar	multicentre-ofd-dinov3/seed42/seed42_final.ckpt
/mnt/d/download/Project coding/EOMT/checkpoint_backups/multicentre-ofd-dinov3.tar	multicentre-ofd-dinov3/seed42/seed42_config.yaml
/mnt/d/download/Project coding/EOMT/checkpoint_backups/multicentre-ofd-dinov3.tar	multicentre-ofd-dinov3/seed42/test_image_order.csv
/mnt/d/download/Project coding/EOMT/checkpoint_backups/multicentre-ofd-dinov3.tar	multicentre-ofd-dinov3/seed42/seed42_best_swapmin_test_log.txt
/mnt/d/download/Project coding/EOMT/checkpoint_backups/multicentre-ofd-dinov3.tar	multicentre-ofd-dinov3/seed42/seed42_best_swapmin_per_image.csv
/mnt/d/download/Project coding/EOMT/checkpoint_backups/multicentre-ofd-dinov3.tar	multicentre-ofd-dinov3/seed42/seed42_best_fixedchannel_test_log.txt
/mnt/d/download/Project coding/EOMT/checkpoint_backups/multicentre-ofd-dinov3.tar	multicentre-ofd-dinov3/seed42/seed42_best_fixedchannel_per_image.csv
/mnt/d/download/Project coding/EOMT/checkpoint_backups/multicentre-ofd-dinov3.tar	multicentre-ofd-dinov3/seed42/seed42_final_swapmin_test_log.txt
/mnt/d/download/Project coding/EOMT/checkpoint_backups/multicentre-ofd-dinov3.tar	multicentre-ofd-dinov3/seed42/seed42_final_swapmin_per_image.csv
/mnt/d/download/Project coding/EOMT/checkpoint_backups/multicentre-ofd-dinov3.tar	multicentre-ofd-dinov3/seed42/seed42_final_fixedchannel_test_log.txt
/mnt/d/download/Project coding/EOMT/checkpoint_backups/multicentre-ofd-dinov3.tar	multicentre-ofd-dinov3/seed42/seed42_final_fixedchannel_per_image.csv
/mnt/d/download/Project coding/EOMT/checkpoint_backups/multicentre-ofd-dinov3.tar	multicentre-ofd-dinov3/seed0/
/mnt/d/download/Project coding/EOMT/checkpoint_backups/multicentre-ofd-dinov3.tar	multicentre-ofd-dinov3/seed0/seed0_best.ckpt
/mnt/d/download/Project coding/EOMT/checkpoint_backups/multicentre-ofd-dinov3.tar	multicentre-ofd-dinov3/seed0/seed0_final.ckpt
/mnt/d/download/Project coding/EOMT/checkpoint_backups/multicentre-ofd-dinov3.tar	multicentre-ofd-dinov3/seed0/seed0_config.yaml
/mnt/d/download/Project coding/EOMT/checkpoint_backups/multicentre-ofd-dinov3.tar	multicentre-ofd-dinov3/seed0/test_image_order.csv
/mnt/d/download/Project coding/EOMT/checkpoint_backups/multicentre-ofd-dinov3.tar	multicentre-ofd-dinov3/seed0/seed0_best_swapmin_test_log.txt
/mnt/d/download/Project coding/EOMT/checkpoint_backups/multicentre-ofd-dinov3.tar	multicentre-ofd-dinov3/seed0/seed0_best_swapmin_per_image.csv
/mnt/d/download/Project coding/EOMT/checkpoint_backups/multicentre-ofd-dinov3.tar	multicentre-ofd-dinov3/seed0/seed0_best_fixedchannel_test_log.txt
/mnt/d/download/Project coding/EOMT/checkpoint_backups/multicentre-ofd-dinov3.tar	multicentre-ofd-dinov3/seed0/seed0_best_fixedchannel_per_image.csv
/mnt/d/download/Project coding/EOMT/checkpoint_backups/multicentre-ofd-dinov3.tar	multicentre-ofd-dinov3/seed0/seed0_final_swapmin_test_log.txt
/mnt/d/download/Project coding/EOMT/checkpoint_backups/multicentre-ofd-dinov3.tar	multicentre-ofd-dinov3/seed0/seed0_final_swapmin_per_image.csv
/mnt/d/download/Project coding/EOMT/checkpoint_backups/multicentre-ofd-dinov3.tar	multicentre-ofd-dinov3/seed0/seed0_final_fixedchannel_test_log.txt
/mnt/d/download/Project coding/EOMT/checkpoint_backups/multicentre-ofd-dinov3.tar	multicentre-ofd-dinov3/seed0/seed0_final_fixedchannel_per_image.csv
/mnt/d/download/Project coding/EOMT/checkpoint_backups/multicentre-ofd-dinov3.tar	multicentre-ofd-dinov3/seed123/
/mnt/d/download/Project coding/EOMT/checkpoint_backups/multicentre-ofd-dinov3.tar	multicentre-ofd-dinov3/seed123/seed123_best.ckpt
/mnt/d/download/Project coding/EOMT/checkpoint_backups/multicentre-ofd-dinov3.tar	multicentre-ofd-dinov3/seed123/seed123_final.ckpt
/mnt/d/download/Project coding/EOMT/checkpoint_backups/multicentre-ofd-dinov3.tar	multicentre-ofd-dinov3/seed123/seed123_config.yaml
/mnt/d/download/Project coding/EOMT/checkpoint_backups/multicentre-ofd-dinov3.tar	multicentre-ofd-dinov3/seed123/test_image_order.csv
/mnt/d/download/Project coding/EOMT/checkpoint_backups/multicentre-ofd-dinov3.tar	multicentre-ofd-dinov3/seed123/seed123_best_swapmin_test_log.txt
/mnt/d/download/Project coding/EOMT/checkpoint_backups/multicentre-ofd-dinov3.tar	multicentre-ofd-dinov3/seed123/seed123_best_swapmin_per_image.csv
/mnt/d/download/Project coding/EOMT/checkpoint_backups/multicentre-ofd-dinov3.tar	multicentre-ofd-dinov3/seed123/seed123_best_fixedchannel_test_log.txt
/mnt/d/download/Project coding/EOMT/checkpoint_backups/multicentre-ofd-dinov3.tar	multicentre-ofd-dinov3/seed123/seed123_best_fixedchannel_per_image.csv
/mnt/d/download/Project coding/EOMT/checkpoint_backups/multicentre-ofd-dinov3.tar	multicentre-ofd-dinov3/seed123/seed123_final_swapmin_test_log.txt
/mnt/d/download/Project coding/EOMT/checkpoint_backups/multicentre-ofd-dinov3.tar	multicentre-ofd-dinov3/seed123/seed123_final_swapmin_per_image.csv
/mnt/d/download/Project coding/EOMT/checkpoint_backups/multicentre-ofd-dinov3.tar	multicentre-ofd-dinov3/seed123/seed123_final_fixedchannel_test_log.txt
/mnt/d/download/Project coding/EOMT/checkpoint_backups/multicentre-ofd-dinov3.tar	multicentre-ofd-dinov3/seed123/seed123_final_fixedchannel_per_image.csv
/mnt/d/download/Project coding/EOMT/checkpoint_backups/multicentre-ofd-dinov3.tar	multicentre-ofd-dinov3/seed2024/
/mnt/d/download/Project coding/EOMT/checkpoint_backups/multicentre-ofd-dinov3.tar	multicentre-ofd-dinov3/seed2024/seed2024_best.ckpt
/mnt/d/download/Project coding/EOMT/checkpoint_backups/multicentre-ofd-dinov3.tar	multicentre-ofd-dinov3/seed2024/seed2024_final.ckpt
/mnt/d/download/Project coding/EOMT/checkpoint_backups/multicentre-ofd-dinov3.tar	multicentre-ofd-dinov3/seed2024/seed2024_config.yaml
/mnt/d/download/Project coding/EOMT/checkpoint_backups/multicentre-ofd-dinov3.tar	multicentre-ofd-dinov3/seed2024/test_image_order.csv
/mnt/d/download/Project coding/EOMT/checkpoint_backups/multicentre-ofd-dinov3.tar	multicentre-ofd-dinov3/seed2024/seed2024_best_swapmin_test_log.txt
/mnt/d/download/Project coding/EOMT/checkpoint_backups/multicentre-ofd-dinov3.tar	multicentre-ofd-dinov3/seed2024/seed2024_best_swapmin_per_image.csv
/mnt/d/download/Project coding/EOMT/checkpoint_backups/multicentre-ofd-dinov3.tar	multicentre-ofd-dinov3/seed2024/seed2024_best_fixedchannel_test_log.txt
/mnt/d/download/Project coding/EOMT/checkpoint_backups/multicentre-ofd-dinov3.tar	multicentre-ofd-dinov3/seed2024/seed2024_best_fixedchannel_per_image.csv
/mnt/d/download/Project coding/EOMT/checkpoint_backups/multicentre-ofd-dinov3.tar	multicentre-ofd-dinov3/seed2024/seed2024_final_swapmin_test_log.txt
/mnt/d/download/Project coding/EOMT/checkpoint_backups/multicentre-ofd-dinov3.tar	multicentre-ofd-dinov3/seed2024/seed2024_final_swapmin_per_image.csv
/mnt/d/download/Project coding/EOMT/checkpoint_backups/multicentre-ofd-dinov3.tar	multicentre-ofd-dinov3/seed2024/seed2024_final_fixedchannel_test_log.txt
/mnt/d/download/Project coding/EOMT/checkpoint_backups/multicentre-ofd-dinov3.tar	multicentre-ofd-dinov3/seed2024/seed2024_final_fixedchannel_per_image.csv
/mnt/d/download/Project coding/EOMT/checkpoint_backups/multicentre-ofd-dinov3.tar	multicentre-ofd-dinov3/seed3407/
/mnt/d/download/Project coding/EOMT/checkpoint_backups/multicentre-ofd-dinov3.tar	multicentre-ofd-dinov3/seed3407/seed3407_best.ckpt
/mnt/d/download/Project coding/EOMT/checkpoint_backups/multicentre-ofd-dinov3.tar	multicentre-ofd-dinov3/seed3407/seed3407_final.ckpt
/mnt/d/download/Project coding/EOMT/checkpoint_backups/multicentre-ofd-dinov3.tar	multicentre-ofd-dinov3/seed3407/seed3407_config.yaml
/mnt/d/download/Project coding/EOMT/checkpoint_backups/multicentre-ofd-dinov3.tar	multicentre-ofd-dinov3/seed3407/test_image_order.csv
/mnt/d/download/Project coding/EOMT/checkpoint_backups/multicentre-ofd-dinov3.tar	multicentre-ofd-dinov3/seed3407/seed3407_best_swapmin_test_log.txt
/mnt/d/download/Project coding/EOMT/checkpoint_backups/multicentre-ofd-dinov3.tar	multicentre-ofd-dinov3/seed3407/seed3407_best_swapmin_per_image.csv
/mnt/d/download/Project coding/EOMT/checkpoint_backups/multicentre-ofd-dinov3.tar	multicentre-ofd-dinov3/seed3407/seed3407_best_fixedchannel_test_log.txt
/mnt/d/download/Project coding/EOMT/checkpoint_backups/multicentre-ofd-dinov3.tar	multicentre-ofd-dinov3/seed3407/seed3407_best_fixedchannel_per_image.csv
/mnt/d/download/Project coding/EOMT/checkpoint_backups/multicentre-ofd-dinov3.tar	multicentre-ofd-dinov3/seed3407/seed3407_final_swapmin_test_log.txt
/mnt/d/download/Project coding/EOMT/checkpoint_backups/multicentre-ofd-dinov3.tar	multicentre-ofd-dinov3/seed3407/seed3407_final_swapmin_per_image.csv
/mnt/d/download/Project coding/EOMT/checkpoint_backups/multicentre-ofd-dinov3.tar	multicentre-ofd-dinov3/seed3407/seed3407_final_fixedchannel_test_log.txt
/mnt/d/download/Project coding/EOMT/checkpoint_backups/multicentre-ofd-dinov3.tar	multicentre-ofd-dinov3/seed3407/seed3407_final_fixedchannel_per_image.csv
/mnt/d/download/Project coding/EOMT/checkpoint_backups/multicentre-ofd-dinov3.tar	multicentre-ofd-dinov3/ensemble_best_swapmin_log.txt
/mnt/d/download/Project coding/EOMT/checkpoint_backups/multicentre-ofd-dinov3.tar	multicentre-ofd-dinov3/ensemble_best_fixedchannel_log.txt
/mnt/d/download/Project coding/EOMT/checkpoint_backups/multicentre-ofd-dinov3.tar	multicentre-ofd-dinov3/ensemble_final_swapmin_log.txt
/mnt/d/download/Project coding/EOMT/checkpoint_backups/multicentre-ofd-dinov3.tar	multicentre-ofd-dinov3/ensemble_final_fixedchannel_log.txt
/mnt/d/download/Project coding/EOMT/checkpoint_backups/multicentre-paired-analysis.tar	paired_analysis/
/mnt/d/download/Project coding/EOMT/checkpoint_backups/multicentre-paired-analysis.tar	paired_analysis/bpd_dinov2_paired_per_image.csv
/mnt/d/download/Project coding/EOMT/checkpoint_backups/multicentre-paired-analysis.tar	paired_analysis/bpd_dinov3_paired_per_image.csv
/mnt/d/download/Project coding/EOMT/checkpoint_backups/multicentre-paired-analysis.tar	paired_analysis/ofd_dinov2_paired_per_image.csv
/mnt/d/download/Project coding/EOMT/checkpoint_backups/multicentre-paired-analysis.tar	paired_analysis/ofd_dinov3_paired_per_image.csv
/mnt/d/download/Project coding/EOMT/checkpoint_backups/multicentre-paired-analysis.tar	paired_analysis/apad_dinov2_paired_per_image.csv
/mnt/d/download/Project coding/EOMT/checkpoint_backups/multicentre-paired-analysis.tar	paired_analysis/apad_dinov3_paired_per_image.csv
/mnt/d/download/Project coding/EOMT/checkpoint_backups/multicentre-paired-analysis.tar	paired_analysis/tad_dinov2_paired_per_image.csv
/mnt/d/download/Project coding/EOMT/checkpoint_backups/multicentre-paired-analysis.tar	paired_analysis/tad_dinov3_paired_per_image.csv
/mnt/d/download/Project coding/EOMT/checkpoint_backups/multicentre-paired-analysis.tar	paired_analysis/fl_dinov2_paired_per_image.csv
/mnt/d/download/Project coding/EOMT/checkpoint_backups/multicentre-paired-analysis.tar	paired_analysis/fl_dinov3_paired_per_image.csv
/mnt/d/download/Project coding/EOMT/checkpoint_backups/multicentre-paired-analysis.tar	paired_analysis/multicentre_paired_summary.tsv
/mnt/d/download/Project coding/EOMT/checkpoint_backups/multicentre-tad-dinov2.tar	multicentre-tad-dinov2/
/mnt/d/download/Project coding/EOMT/checkpoint_backups/multicentre-tad-dinov2.tar	multicentre-tad-dinov2/seed42/
/mnt/d/download/Project coding/EOMT/checkpoint_backups/multicentre-tad-dinov2.tar	multicentre-tad-dinov2/seed42/seed42_best.ckpt
/mnt/d/download/Project coding/EOMT/checkpoint_backups/multicentre-tad-dinov2.tar	multicentre-tad-dinov2/seed42/seed42_final.ckpt
/mnt/d/download/Project coding/EOMT/checkpoint_backups/multicentre-tad-dinov2.tar	multicentre-tad-dinov2/seed42/seed42_config.yaml
/mnt/d/download/Project coding/EOMT/checkpoint_backups/multicentre-tad-dinov2.tar	multicentre-tad-dinov2/seed42/test_image_order.csv
/mnt/d/download/Project coding/EOMT/checkpoint_backups/multicentre-tad-dinov2.tar	multicentre-tad-dinov2/seed42/seed42_best_swapmin_test_log.txt
/mnt/d/download/Project coding/EOMT/checkpoint_backups/multicentre-tad-dinov2.tar	multicentre-tad-dinov2/seed42/seed42_best_swapmin_per_image.csv
/mnt/d/download/Project coding/EOMT/checkpoint_backups/multicentre-tad-dinov2.tar	multicentre-tad-dinov2/seed42/seed42_best_fixedchannel_test_log.txt
/mnt/d/download/Project coding/EOMT/checkpoint_backups/multicentre-tad-dinov2.tar	multicentre-tad-dinov2/seed42/seed42_best_fixedchannel_per_image.csv
/mnt/d/download/Project coding/EOMT/checkpoint_backups/multicentre-tad-dinov2.tar	multicentre-tad-dinov2/seed42/seed42_final_swapmin_test_log.txt
/mnt/d/download/Project coding/EOMT/checkpoint_backups/multicentre-tad-dinov2.tar	multicentre-tad-dinov2/seed42/seed42_final_swapmin_per_image.csv
/mnt/d/download/Project coding/EOMT/checkpoint_backups/multicentre-tad-dinov2.tar	multicentre-tad-dinov2/seed42/seed42_final_fixedchannel_test_log.txt
/mnt/d/download/Project coding/EOMT/checkpoint_backups/multicentre-tad-dinov2.tar	multicentre-tad-dinov2/seed42/seed42_final_fixedchannel_per_image.csv
/mnt/d/download/Project coding/EOMT/checkpoint_backups/multicentre-tad-dinov2.tar	multicentre-tad-dinov2/seed0/
/mnt/d/download/Project coding/EOMT/checkpoint_backups/multicentre-tad-dinov2.tar	multicentre-tad-dinov2/seed0/seed0_best.ckpt
/mnt/d/download/Project coding/EOMT/checkpoint_backups/multicentre-tad-dinov2.tar	multicentre-tad-dinov2/seed0/seed0_final.ckpt
/mnt/d/download/Project coding/EOMT/checkpoint_backups/multicentre-tad-dinov2.tar	multicentre-tad-dinov2/seed0/seed0_config.yaml
/mnt/d/download/Project coding/EOMT/checkpoint_backups/multicentre-tad-dinov2.tar	multicentre-tad-dinov2/seed0/test_image_order.csv
/mnt/d/download/Project coding/EOMT/checkpoint_backups/multicentre-tad-dinov2.tar	multicentre-tad-dinov2/seed0/seed0_best_swapmin_test_log.txt
/mnt/d/download/Project coding/EOMT/checkpoint_backups/multicentre-tad-dinov2.tar	multicentre-tad-dinov2/seed0/seed0_best_swapmin_per_image.csv
/mnt/d/download/Project coding/EOMT/checkpoint_backups/multicentre-tad-dinov2.tar	multicentre-tad-dinov2/seed0/seed0_best_fixedchannel_test_log.txt
/mnt/d/download/Project coding/EOMT/checkpoint_backups/multicentre-tad-dinov2.tar	multicentre-tad-dinov2/seed0/seed0_best_fixedchannel_per_image.csv
/mnt/d/download/Project coding/EOMT/checkpoint_backups/multicentre-tad-dinov2.tar	multicentre-tad-dinov2/seed0/seed0_final_swapmin_test_log.txt
/mnt/d/download/Project coding/EOMT/checkpoint_backups/multicentre-tad-dinov2.tar	multicentre-tad-dinov2/seed0/seed0_final_swapmin_per_image.csv
/mnt/d/download/Project coding/EOMT/checkpoint_backups/multicentre-tad-dinov2.tar	multicentre-tad-dinov2/seed0/seed0_final_fixedchannel_test_log.txt
/mnt/d/download/Project coding/EOMT/checkpoint_backups/multicentre-tad-dinov2.tar	multicentre-tad-dinov2/seed0/seed0_final_fixedchannel_per_image.csv
/mnt/d/download/Project coding/EOMT/checkpoint_backups/multicentre-tad-dinov2.tar	multicentre-tad-dinov2/seed123/
/mnt/d/download/Project coding/EOMT/checkpoint_backups/multicentre-tad-dinov2.tar	multicentre-tad-dinov2/seed123/seed123_best.ckpt
/mnt/d/download/Project coding/EOMT/checkpoint_backups/multicentre-tad-dinov2.tar	multicentre-tad-dinov2/seed123/seed123_final.ckpt
/mnt/d/download/Project coding/EOMT/checkpoint_backups/multicentre-tad-dinov2.tar	multicentre-tad-dinov2/seed123/seed123_config.yaml
/mnt/d/download/Project coding/EOMT/checkpoint_backups/multicentre-tad-dinov2.tar	multicentre-tad-dinov2/seed123/test_image_order.csv
/mnt/d/download/Project coding/EOMT/checkpoint_backups/multicentre-tad-dinov2.tar	multicentre-tad-dinov2/seed123/seed123_best_swapmin_test_log.txt
/mnt/d/download/Project coding/EOMT/checkpoint_backups/multicentre-tad-dinov2.tar	multicentre-tad-dinov2/seed123/seed123_best_swapmin_per_image.csv
/mnt/d/download/Project coding/EOMT/checkpoint_backups/multicentre-tad-dinov2.tar	multicentre-tad-dinov2/seed123/seed123_best_fixedchannel_test_log.txt
/mnt/d/download/Project coding/EOMT/checkpoint_backups/multicentre-tad-dinov2.tar	multicentre-tad-dinov2/seed123/seed123_best_fixedchannel_per_image.csv
/mnt/d/download/Project coding/EOMT/checkpoint_backups/multicentre-tad-dinov2.tar	multicentre-tad-dinov2/seed123/seed123_final_swapmin_test_log.txt
/mnt/d/download/Project coding/EOMT/checkpoint_backups/multicentre-tad-dinov2.tar	multicentre-tad-dinov2/seed123/seed123_final_swapmin_per_image.csv
/mnt/d/download/Project coding/EOMT/checkpoint_backups/multicentre-tad-dinov2.tar	multicentre-tad-dinov2/seed123/seed123_final_fixedchannel_test_log.txt
/mnt/d/download/Project coding/EOMT/checkpoint_backups/multicentre-tad-dinov2.tar	multicentre-tad-dinov2/seed123/seed123_final_fixedchannel_per_image.csv
/mnt/d/download/Project coding/EOMT/checkpoint_backups/multicentre-tad-dinov2.tar	multicentre-tad-dinov2/seed2024/
/mnt/d/download/Project coding/EOMT/checkpoint_backups/multicentre-tad-dinov2.tar	multicentre-tad-dinov2/seed2024/seed2024_best.ckpt
/mnt/d/download/Project coding/EOMT/checkpoint_backups/multicentre-tad-dinov2.tar	multicentre-tad-dinov2/seed2024/seed2024_final.ckpt
/mnt/d/download/Project coding/EOMT/checkpoint_backups/multicentre-tad-dinov2.tar	multicentre-tad-dinov2/seed2024/seed2024_config.yaml
/mnt/d/download/Project coding/EOMT/checkpoint_backups/multicentre-tad-dinov2.tar	multicentre-tad-dinov2/seed2024/test_image_order.csv
/mnt/d/download/Project coding/EOMT/checkpoint_backups/multicentre-tad-dinov2.tar	multicentre-tad-dinov2/seed2024/seed2024_best_swapmin_test_log.txt
/mnt/d/download/Project coding/EOMT/checkpoint_backups/multicentre-tad-dinov2.tar	multicentre-tad-dinov2/seed2024/seed2024_best_swapmin_per_image.csv
/mnt/d/download/Project coding/EOMT/checkpoint_backups/multicentre-tad-dinov2.tar	multicentre-tad-dinov2/seed2024/seed2024_best_fixedchannel_test_log.txt
/mnt/d/download/Project coding/EOMT/checkpoint_backups/multicentre-tad-dinov2.tar	multicentre-tad-dinov2/seed2024/seed2024_best_fixedchannel_per_image.csv
/mnt/d/download/Project coding/EOMT/checkpoint_backups/multicentre-tad-dinov2.tar	multicentre-tad-dinov2/seed2024/seed2024_final_swapmin_test_log.txt
/mnt/d/download/Project coding/EOMT/checkpoint_backups/multicentre-tad-dinov2.tar	multicentre-tad-dinov2/seed2024/seed2024_final_swapmin_per_image.csv
/mnt/d/download/Project coding/EOMT/checkpoint_backups/multicentre-tad-dinov2.tar	multicentre-tad-dinov2/seed2024/seed2024_final_fixedchannel_test_log.txt
/mnt/d/download/Project coding/EOMT/checkpoint_backups/multicentre-tad-dinov2.tar	multicentre-tad-dinov2/seed2024/seed2024_final_fixedchannel_per_image.csv
/mnt/d/download/Project coding/EOMT/checkpoint_backups/multicentre-tad-dinov2.tar	multicentre-tad-dinov2/seed3407/
/mnt/d/download/Project coding/EOMT/checkpoint_backups/multicentre-tad-dinov2.tar	multicentre-tad-dinov2/seed3407/seed3407_best.ckpt
/mnt/d/download/Project coding/EOMT/checkpoint_backups/multicentre-tad-dinov2.tar	multicentre-tad-dinov2/seed3407/seed3407_final.ckpt
/mnt/d/download/Project coding/EOMT/checkpoint_backups/multicentre-tad-dinov2.tar	multicentre-tad-dinov2/seed3407/seed3407_config.yaml
/mnt/d/download/Project coding/EOMT/checkpoint_backups/multicentre-tad-dinov2.tar	multicentre-tad-dinov2/seed3407/test_image_order.csv
/mnt/d/download/Project coding/EOMT/checkpoint_backups/multicentre-tad-dinov2.tar	multicentre-tad-dinov2/seed3407/seed3407_best_swapmin_test_log.txt
/mnt/d/download/Project coding/EOMT/checkpoint_backups/multicentre-tad-dinov2.tar	multicentre-tad-dinov2/seed3407/seed3407_best_swapmin_per_image.csv
/mnt/d/download/Project coding/EOMT/checkpoint_backups/multicentre-tad-dinov2.tar	multicentre-tad-dinov2/seed3407/seed3407_best_fixedchannel_test_log.txt
/mnt/d/download/Project coding/EOMT/checkpoint_backups/multicentre-tad-dinov2.tar	multicentre-tad-dinov2/seed3407/seed3407_best_fixedchannel_per_image.csv
/mnt/d/download/Project coding/EOMT/checkpoint_backups/multicentre-tad-dinov2.tar	multicentre-tad-dinov2/seed3407/seed3407_final_swapmin_test_log.txt
/mnt/d/download/Project coding/EOMT/checkpoint_backups/multicentre-tad-dinov2.tar	multicentre-tad-dinov2/seed3407/seed3407_final_swapmin_per_image.csv
/mnt/d/download/Project coding/EOMT/checkpoint_backups/multicentre-tad-dinov2.tar	multicentre-tad-dinov2/seed3407/seed3407_final_fixedchannel_test_log.txt
/mnt/d/download/Project coding/EOMT/checkpoint_backups/multicentre-tad-dinov2.tar	multicentre-tad-dinov2/seed3407/seed3407_final_fixedchannel_per_image.csv
/mnt/d/download/Project coding/EOMT/checkpoint_backups/multicentre-tad-dinov2.tar	multicentre-tad-dinov2/ensemble_best_swapmin_log.txt
/mnt/d/download/Project coding/EOMT/checkpoint_backups/multicentre-tad-dinov2.tar	multicentre-tad-dinov2/ensemble_best_fixedchannel_log.txt
/mnt/d/download/Project coding/EOMT/checkpoint_backups/multicentre-tad-dinov2.tar	multicentre-tad-dinov2/ensemble_final_swapmin_log.txt
/mnt/d/download/Project coding/EOMT/checkpoint_backups/multicentre-tad-dinov2.tar	multicentre-tad-dinov2/ensemble_final_fixedchannel_log.txt
/mnt/d/download/Project coding/EOMT/checkpoint_backups/multicentre-tad-dinov3.tar	multicentre-tad-dinov3/
/mnt/d/download/Project coding/EOMT/checkpoint_backups/multicentre-tad-dinov3.tar	multicentre-tad-dinov3/seed42/
/mnt/d/download/Project coding/EOMT/checkpoint_backups/multicentre-tad-dinov3.tar	multicentre-tad-dinov3/seed42/seed42_best.ckpt
/mnt/d/download/Project coding/EOMT/checkpoint_backups/multicentre-tad-dinov3.tar	multicentre-tad-dinov3/seed42/seed42_final.ckpt
/mnt/d/download/Project coding/EOMT/checkpoint_backups/multicentre-tad-dinov3.tar	multicentre-tad-dinov3/seed42/seed42_config.yaml
/mnt/d/download/Project coding/EOMT/checkpoint_backups/multicentre-tad-dinov3.tar	multicentre-tad-dinov3/seed42/test_image_order.csv
/mnt/d/download/Project coding/EOMT/checkpoint_backups/multicentre-tad-dinov3.tar	multicentre-tad-dinov3/seed42/seed42_best_swapmin_test_log.txt
/mnt/d/download/Project coding/EOMT/checkpoint_backups/multicentre-tad-dinov3.tar	multicentre-tad-dinov3/seed42/seed42_best_swapmin_per_image.csv
/mnt/d/download/Project coding/EOMT/checkpoint_backups/multicentre-tad-dinov3.tar	multicentre-tad-dinov3/seed42/seed42_best_fixedchannel_test_log.txt
/mnt/d/download/Project coding/EOMT/checkpoint_backups/multicentre-tad-dinov3.tar	multicentre-tad-dinov3/seed42/seed42_best_fixedchannel_per_image.csv
/mnt/d/download/Project coding/EOMT/checkpoint_backups/multicentre-tad-dinov3.tar	multicentre-tad-dinov3/seed42/seed42_final_swapmin_test_log.txt
/mnt/d/download/Project coding/EOMT/checkpoint_backups/multicentre-tad-dinov3.tar	multicentre-tad-dinov3/seed42/seed42_final_swapmin_per_image.csv
/mnt/d/download/Project coding/EOMT/checkpoint_backups/multicentre-tad-dinov3.tar	multicentre-tad-dinov3/seed42/seed42_final_fixedchannel_test_log.txt
/mnt/d/download/Project coding/EOMT/checkpoint_backups/multicentre-tad-dinov3.tar	multicentre-tad-dinov3/seed42/seed42_final_fixedchannel_per_image.csv
/mnt/d/download/Project coding/EOMT/checkpoint_backups/multicentre-tad-dinov3.tar	multicentre-tad-dinov3/seed0/
/mnt/d/download/Project coding/EOMT/checkpoint_backups/multicentre-tad-dinov3.tar	multicentre-tad-dinov3/seed0/seed0_best.ckpt
/mnt/d/download/Project coding/EOMT/checkpoint_backups/multicentre-tad-dinov3.tar	multicentre-tad-dinov3/seed0/seed0_final.ckpt
/mnt/d/download/Project coding/EOMT/checkpoint_backups/multicentre-tad-dinov3.tar	multicentre-tad-dinov3/seed0/seed0_config.yaml
/mnt/d/download/Project coding/EOMT/checkpoint_backups/multicentre-tad-dinov3.tar	multicentre-tad-dinov3/seed0/test_image_order.csv
/mnt/d/download/Project coding/EOMT/checkpoint_backups/multicentre-tad-dinov3.tar	multicentre-tad-dinov3/seed0/seed0_best_swapmin_test_log.txt
/mnt/d/download/Project coding/EOMT/checkpoint_backups/multicentre-tad-dinov3.tar	multicentre-tad-dinov3/seed0/seed0_best_swapmin_per_image.csv
/mnt/d/download/Project coding/EOMT/checkpoint_backups/multicentre-tad-dinov3.tar	multicentre-tad-dinov3/seed0/seed0_best_fixedchannel_test_log.txt
/mnt/d/download/Project coding/EOMT/checkpoint_backups/multicentre-tad-dinov3.tar	multicentre-tad-dinov3/seed0/seed0_best_fixedchannel_per_image.csv
/mnt/d/download/Project coding/EOMT/checkpoint_backups/multicentre-tad-dinov3.tar	multicentre-tad-dinov3/seed0/seed0_final_swapmin_test_log.txt
/mnt/d/download/Project coding/EOMT/checkpoint_backups/multicentre-tad-dinov3.tar	multicentre-tad-dinov3/seed0/seed0_final_swapmin_per_image.csv
/mnt/d/download/Project coding/EOMT/checkpoint_backups/multicentre-tad-dinov3.tar	multicentre-tad-dinov3/seed0/seed0_final_fixedchannel_test_log.txt
/mnt/d/download/Project coding/EOMT/checkpoint_backups/multicentre-tad-dinov3.tar	multicentre-tad-dinov3/seed0/seed0_final_fixedchannel_per_image.csv
/mnt/d/download/Project coding/EOMT/checkpoint_backups/multicentre-tad-dinov3.tar	multicentre-tad-dinov3/seed123/
/mnt/d/download/Project coding/EOMT/checkpoint_backups/multicentre-tad-dinov3.tar	multicentre-tad-dinov3/seed123/seed123_best.ckpt
/mnt/d/download/Project coding/EOMT/checkpoint_backups/multicentre-tad-dinov3.tar	multicentre-tad-dinov3/seed123/seed123_final.ckpt
/mnt/d/download/Project coding/EOMT/checkpoint_backups/multicentre-tad-dinov3.tar	multicentre-tad-dinov3/seed123/seed123_config.yaml
/mnt/d/download/Project coding/EOMT/checkpoint_backups/multicentre-tad-dinov3.tar	multicentre-tad-dinov3/seed123/test_image_order.csv
/mnt/d/download/Project coding/EOMT/checkpoint_backups/multicentre-tad-dinov3.tar	multicentre-tad-dinov3/seed123/seed123_best_swapmin_test_log.txt
/mnt/d/download/Project coding/EOMT/checkpoint_backups/multicentre-tad-dinov3.tar	multicentre-tad-dinov3/seed123/seed123_best_swapmin_per_image.csv
/mnt/d/download/Project coding/EOMT/checkpoint_backups/multicentre-tad-dinov3.tar	multicentre-tad-dinov3/seed123/seed123_best_fixedchannel_test_log.txt
/mnt/d/download/Project coding/EOMT/checkpoint_backups/multicentre-tad-dinov3.tar	multicentre-tad-dinov3/seed123/seed123_best_fixedchannel_per_image.csv
/mnt/d/download/Project coding/EOMT/checkpoint_backups/multicentre-tad-dinov3.tar	multicentre-tad-dinov3/seed123/seed123_final_swapmin_test_log.txt
/mnt/d/download/Project coding/EOMT/checkpoint_backups/multicentre-tad-dinov3.tar	multicentre-tad-dinov3/seed123/seed123_final_swapmin_per_image.csv
/mnt/d/download/Project coding/EOMT/checkpoint_backups/multicentre-tad-dinov3.tar	multicentre-tad-dinov3/seed123/seed123_final_fixedchannel_test_log.txt
/mnt/d/download/Project coding/EOMT/checkpoint_backups/multicentre-tad-dinov3.tar	multicentre-tad-dinov3/seed123/seed123_final_fixedchannel_per_image.csv
/mnt/d/download/Project coding/EOMT/checkpoint_backups/multicentre-tad-dinov3.tar	multicentre-tad-dinov3/seed2024/
/mnt/d/download/Project coding/EOMT/checkpoint_backups/multicentre-tad-dinov3.tar	multicentre-tad-dinov3/seed2024/seed2024_best.ckpt
/mnt/d/download/Project coding/EOMT/checkpoint_backups/multicentre-tad-dinov3.tar	multicentre-tad-dinov3/seed2024/seed2024_final.ckpt
/mnt/d/download/Project coding/EOMT/checkpoint_backups/multicentre-tad-dinov3.tar	multicentre-tad-dinov3/seed2024/seed2024_config.yaml
/mnt/d/download/Project coding/EOMT/checkpoint_backups/multicentre-tad-dinov3.tar	multicentre-tad-dinov3/seed2024/test_image_order.csv
/mnt/d/download/Project coding/EOMT/checkpoint_backups/multicentre-tad-dinov3.tar	multicentre-tad-dinov3/seed2024/seed2024_best_swapmin_test_log.txt
/mnt/d/download/Project coding/EOMT/checkpoint_backups/multicentre-tad-dinov3.tar	multicentre-tad-dinov3/seed2024/seed2024_best_swapmin_per_image.csv
/mnt/d/download/Project coding/EOMT/checkpoint_backups/multicentre-tad-dinov3.tar	multicentre-tad-dinov3/seed2024/seed2024_best_fixedchannel_test_log.txt
/mnt/d/download/Project coding/EOMT/checkpoint_backups/multicentre-tad-dinov3.tar	multicentre-tad-dinov3/seed2024/seed2024_best_fixedchannel_per_image.csv
/mnt/d/download/Project coding/EOMT/checkpoint_backups/multicentre-tad-dinov3.tar	multicentre-tad-dinov3/seed2024/seed2024_final_swapmin_test_log.txt
/mnt/d/download/Project coding/EOMT/checkpoint_backups/multicentre-tad-dinov3.tar	multicentre-tad-dinov3/seed2024/seed2024_final_swapmin_per_image.csv
/mnt/d/download/Project coding/EOMT/checkpoint_backups/multicentre-tad-dinov3.tar	multicentre-tad-dinov3/seed2024/seed2024_final_fixedchannel_test_log.txt
/mnt/d/download/Project coding/EOMT/checkpoint_backups/multicentre-tad-dinov3.tar	multicentre-tad-dinov3/seed2024/seed2024_final_fixedchannel_per_image.csv
/mnt/d/download/Project coding/EOMT/checkpoint_backups/multicentre-tad-dinov3.tar	multicentre-tad-dinov3/seed3407/
/mnt/d/download/Project coding/EOMT/checkpoint_backups/multicentre-tad-dinov3.tar	multicentre-tad-dinov3/seed3407/seed3407_best.ckpt
/mnt/d/download/Project coding/EOMT/checkpoint_backups/multicentre-tad-dinov3.tar	multicentre-tad-dinov3/seed3407/seed3407_final.ckpt
/mnt/d/download/Project coding/EOMT/checkpoint_backups/multicentre-tad-dinov3.tar	multicentre-tad-dinov3/seed3407/seed3407_config.yaml
/mnt/d/download/Project coding/EOMT/checkpoint_backups/multicentre-tad-dinov3.tar	multicentre-tad-dinov3/seed3407/test_image_order.csv
/mnt/d/download/Project coding/EOMT/checkpoint_backups/multicentre-tad-dinov3.tar	multicentre-tad-dinov3/seed3407/seed3407_best_swapmin_test_log.txt
/mnt/d/download/Project coding/EOMT/checkpoint_backups/multicentre-tad-dinov3.tar	multicentre-tad-dinov3/seed3407/seed3407_best_swapmin_per_image.csv
/mnt/d/download/Project coding/EOMT/checkpoint_backups/multicentre-tad-dinov3.tar	multicentre-tad-dinov3/seed3407/seed3407_best_fixedchannel_test_log.txt
/mnt/d/download/Project coding/EOMT/checkpoint_backups/multicentre-tad-dinov3.tar	multicentre-tad-dinov3/seed3407/seed3407_best_fixedchannel_per_image.csv
/mnt/d/download/Project coding/EOMT/checkpoint_backups/multicentre-tad-dinov3.tar	multicentre-tad-dinov3/seed3407/seed3407_final_swapmin_test_log.txt
/mnt/d/download/Project coding/EOMT/checkpoint_backups/multicentre-tad-dinov3.tar	multicentre-tad-dinov3/seed3407/seed3407_final_swapmin_per_image.csv
/mnt/d/download/Project coding/EOMT/checkpoint_backups/multicentre-tad-dinov3.tar	multicentre-tad-dinov3/seed3407/seed3407_final_fixedchannel_test_log.txt
/mnt/d/download/Project coding/EOMT/checkpoint_backups/multicentre-tad-dinov3.tar	multicentre-tad-dinov3/seed3407/seed3407_final_fixedchannel_per_image.csv
/mnt/d/download/Project coding/EOMT/checkpoint_backups/multicentre-tad-dinov3.tar	multicentre-tad-dinov3/ensemble_best_swapmin_log.txt
/mnt/d/download/Project coding/EOMT/checkpoint_backups/multicentre-tad-dinov3.tar	multicentre-tad-dinov3/ensemble_best_fixedchannel_log.txt
/mnt/d/download/Project coding/EOMT/checkpoint_backups/multicentre-tad-dinov3.tar	multicentre-tad-dinov3/ensemble_final_swapmin_log.txt
/mnt/d/download/Project coding/EOMT/checkpoint_backups/multicentre-tad-dinov3.tar	multicentre-tad-dinov3/ensemble_final_fixedchannel_log.txt
/mnt/d/download/Project coding/EOMT/checkpoint_backups/rtmpose-ucl-bpd-seed42-formal-canary-20260808.tar	root/autodl-tmp/rtmpose_reproduction/UCL_BPD_seed42_canary/
/mnt/d/download/Project coding/EOMT/checkpoint_backups/rtmpose-ucl-bpd-seed42-formal-canary-20260808.tar	root/autodl-tmp/rtmpose_reproduction/UCL_BPD_seed42_canary/20260808_043518/
/mnt/d/download/Project coding/EOMT/checkpoint_backups/rtmpose-ucl-bpd-seed42-formal-canary-20260808.tar	root/autodl-tmp/rtmpose_reproduction/UCL_BPD_seed42_canary/20260808_043518/20260808_043518.log
/mnt/d/download/Project coding/EOMT/checkpoint_backups/rtmpose-ucl-bpd-seed42-formal-canary-20260808.tar	root/autodl-tmp/rtmpose_reproduction/UCL_BPD_seed42_canary/20260808_043518/vis_data/
/mnt/d/download/Project coding/EOMT/checkpoint_backups/rtmpose-ucl-bpd-seed42-formal-canary-20260808.tar	root/autodl-tmp/rtmpose_reproduction/UCL_BPD_seed42_canary/20260808_043518/vis_data/config.py
/mnt/d/download/Project coding/EOMT/checkpoint_backups/rtmpose-ucl-bpd-seed42-formal-canary-20260808.tar	root/autodl-tmp/rtmpose_reproduction/UCL_BPD_seed42_canary/20260808_043518/vis_data/20260808_043518.json
/mnt/d/download/Project coding/EOMT/checkpoint_backups/rtmpose-ucl-bpd-seed42-formal-canary-20260808.tar	root/autodl-tmp/rtmpose_reproduction/UCL_BPD_seed42_canary/20260808_043518/vis_data/scalars.json
/mnt/d/download/Project coding/EOMT/checkpoint_backups/rtmpose-ucl-bpd-seed42-formal-canary-20260808.tar	root/autodl-tmp/rtmpose_reproduction/UCL_BPD_seed42_canary/UCL_BPD_seed42_canary.py
/mnt/d/download/Project coding/EOMT/checkpoint_backups/rtmpose-ucl-bpd-seed42-formal-canary-20260808.tar	root/autodl-tmp/rtmpose_reproduction/UCL_BPD_seed42_canary/last_checkpoint
/mnt/d/download/Project coding/EOMT/checkpoint_backups/rtmpose-ucl-bpd-seed42-formal-canary-20260808.tar	root/autodl-tmp/rtmpose_reproduction/UCL_BPD_seed42_canary/epoch_200.pth
/mnt/d/download/Project coding/EOMT/checkpoint_backups/rtmpose-ucl-bpd-seed42-formal-canary-20260808.tar	root/autodl-tmp/rtmpose_reproduction/UCL_BPD_seed42_canary_predictions.json
/mnt/d/download/Project coding/EOMT/checkpoint_backups/rtmpose-ucl-bpd-seed42-formal-canary-20260808.tar	root/autodl-tmp/rtmpose_reproduction/UCL_BPD_seed42_canary_per_image.csv
/mnt/d/download/Project coding/EOMT/checkpoint_backups/rtmpose-ucl-bpd-seed42-formal-canary-20260808.tar	root/autodl-tmp/rtmpose_reproduction/UCL_BPD_seed42_canary_summary.json
/mnt/d/download/Project coding/EOMT/checkpoint_backups/rtmpose-ucl-bpd-seed42-formal-canary-20260808.tar	root/autodl-tmp/rtmpose_reproduction/UCL_BPD_seed42_canary_provenance.json
/mnt/d/download/Project coding/EOMT/checkpoint_backups/rtmpose-ucl-bpd-seed42-formal-canary-20260808.tar	root/autodl-tmp/rtmpose_reproduction/UCL_BPD_seed42_canary_overlays/
/mnt/d/download/Project coding/EOMT/checkpoint_backups/rtmpose-ucl-bpd-seed42-formal-canary-20260808.tar	root/autodl-tmp/rtmpose_reproduction/UCL_BPD_seed42_canary_overlays/best/
/mnt/d/download/Project coding/EOMT/checkpoint_backups/rtmpose-ucl-bpd-seed42-formal-canary-20260808.tar	root/autodl-tmp/rtmpose_reproduction/UCL_BPD_seed42_canary_overlays/best/01_001.488_032_HC.png
/mnt/d/download/Project coding/EOMT/checkpoint_backups/rtmpose-ucl-bpd-seed42-formal-canary-20260808.tar	root/autodl-tmp/rtmpose_reproduction/UCL_BPD_seed42_canary_overlays/best/02_001.646_005_HC.png
/mnt/d/download/Project coding/EOMT/checkpoint_backups/rtmpose-ucl-bpd-seed42-formal-canary-20260808.tar	root/autodl-tmp/rtmpose_reproduction/UCL_BPD_seed42_canary_overlays/best/03_001.717_007_7HC.png
/mnt/d/download/Project coding/EOMT/checkpoint_backups/rtmpose-ucl-bpd-seed42-formal-canary-20260808.tar	root/autodl-tmp/rtmpose_reproduction/UCL_BPD_seed42_canary_overlays/best/04_001.995_007_13HC.png
/mnt/d/download/Project coding/EOMT/checkpoint_backups/rtmpose-ucl-bpd-seed42-formal-canary-20260808.tar	root/autodl-tmp/rtmpose_reproduction/UCL_BPD_seed42_canary_overlays/best/05_002.218_007_10HC.png
/mnt/d/download/Project coding/EOMT/checkpoint_backups/rtmpose-ucl-bpd-seed42-formal-canary-20260808.tar	root/autodl-tmp/rtmpose_reproduction/UCL_BPD_seed42_canary_overlays/best/06_002.225_052_HC.png
/mnt/d/download/Project coding/EOMT/checkpoint_backups/rtmpose-ucl-bpd-seed42-formal-canary-20260808.tar	root/autodl-tmp/rtmpose_reproduction/UCL_BPD_seed42_canary_overlays/best/07_002.574_004_HC.png
/mnt/d/download/Project coding/EOMT/checkpoint_backups/rtmpose-ucl-bpd-seed42-formal-canary-20260808.tar	root/autodl-tmp/rtmpose_reproduction/UCL_BPD_seed42_canary_overlays/best/08_002.795_005_4HC.png
/mnt/d/download/Project coding/EOMT/checkpoint_backups/rtmpose-ucl-bpd-seed42-formal-canary-20260808.tar	root/autodl-tmp/rtmpose_reproduction/UCL_BPD_seed42_canary_overlays/best/09_003.075_047_HC.png
/mnt/d/download/Project coding/EOMT/checkpoint_backups/rtmpose-ucl-bpd-seed42-formal-canary-20260808.tar	root/autodl-tmp/rtmpose_reproduction/UCL_BPD_seed42_canary_overlays/best/10_003.248_007_2HC.png
/mnt/d/download/Project coding/EOMT/checkpoint_backups/rtmpose-ucl-bpd-seed42-formal-canary-20260808.tar	root/autodl-tmp/rtmpose_reproduction/UCL_BPD_seed42_canary_overlays/median/
/mnt/d/download/Project coding/EOMT/checkpoint_backups/rtmpose-ucl-bpd-seed42-formal-canary-20260808.tar	root/autodl-tmp/rtmpose_reproduction/UCL_BPD_seed42_canary_overlays/median/11_005.217_034_4HC.png
/mnt/d/download/Project coding/EOMT/checkpoint_backups/rtmpose-ucl-bpd-seed42-formal-canary-20260808.tar	root/autodl-tmp/rtmpose_reproduction/UCL_BPD_seed42_canary_overlays/median/12_005.353_007_11HC.png
/mnt/d/download/Project coding/EOMT/checkpoint_backups/rtmpose-ucl-bpd-seed42-formal-canary-20260808.tar	root/autodl-tmp/rtmpose_reproduction/UCL_BPD_seed42_canary_overlays/median/13_005.366_006_HC.png
/mnt/d/download/Project coding/EOMT/checkpoint_backups/rtmpose-ucl-bpd-seed42-formal-canary-20260808.tar	root/autodl-tmp/rtmpose_reproduction/UCL_BPD_seed42_canary_overlays/worst/
/mnt/d/download/Project coding/EOMT/checkpoint_backups/rtmpose-ucl-bpd-seed42-formal-canary-20260808.tar	root/autodl-tmp/rtmpose_reproduction/UCL_BPD_seed42_canary_overlays/worst/14_075.587_005_12HC.png
/mnt/d/download/Project coding/EOMT/checkpoint_backups/rtmpose-ucl-bpd-seed42-formal-canary-20260808.tar	root/autodl-tmp/rtmpose_reproduction/UCL_BPD_seed42_canary_overlays/worst/15_070.442_005_14HC.png
/mnt/d/download/Project coding/EOMT/checkpoint_backups/rtmpose-ucl-bpd-seed42-formal-canary-20260808.tar	root/autodl-tmp/rtmpose_reproduction/UCL_BPD_seed42_canary_overlays/worst/16_039.707_009_HC.png
/mnt/d/download/Project coding/EOMT/checkpoint_backups/rtmpose-ucl-bpd-seed42-formal-canary-20260808.tar	root/autodl-tmp/rtmpose_reproduction/UCL_BPD_seed42_canary_overlays/worst/17_024.497_007_12HC.png
/mnt/d/download/Project coding/EOMT/checkpoint_backups/rtmpose-ucl-bpd-seed42-formal-canary-20260808.tar	root/autodl-tmp/rtmpose_reproduction/UCL_BPD_seed42_canary_overlays/worst/18_021.402_005_6HC.png
/mnt/d/download/Project coding/EOMT/checkpoint_backups/rtmpose-ucl-bpd-seed42-formal-canary-20260808.tar	root/autodl-tmp/rtmpose_reproduction/UCL_BPD_seed42_canary_overlays/worst/19_021.250_005_2HC.png
/mnt/d/download/Project coding/EOMT/checkpoint_backups/rtmpose-ucl-bpd-seed42-formal-canary-20260808.tar	root/autodl-tmp/rtmpose_reproduction/UCL_BPD_seed42_canary_overlays/worst/20_018.274_005_11HC.png
/mnt/d/download/Project coding/EOMT/checkpoint_backups/rtmpose-ucl-bpd-seed42-formal-canary-20260808.tar	root/autodl-tmp/rtmpose_reproduction/UCL_BPD_seed42_canary_overlays/worst/21_016.134_005_8HC.png
/mnt/d/download/Project coding/EOMT/checkpoint_backups/rtmpose-ucl-bpd-seed42-formal-canary-20260808.tar	root/autodl-tmp/rtmpose_reproduction/UCL_BPD_seed42_canary_overlays/worst/22_014.504_005_13HC.png
/mnt/d/download/Project coding/EOMT/checkpoint_backups/rtmpose-ucl-bpd-seed42-formal-canary-20260808.tar	root/autodl-tmp/rtmpose_reproduction/UCL_BPD_seed42_canary_overlays/worst/23_013.358_050_HC.png
/mnt/d/download/Project coding/EOMT/checkpoint_backups/rtmpose-ucl-bpd-seed42-formal-canary-20260808.tar	root/autodl-tmp/rtmpose_reproduction/UCL_BPD_seed42_canary_overlays/overlay_manifest.tsv
/mnt/d/download/Project coding/EOMT/checkpoint_backups/rtmpose-ucl-bpd-seed42-formal-canary-20260808.tar	root/autodl-tmp/rtmpose_reproduction/configs/UCL_BPD_seed42_canary.py
/mnt/d/download/Project coding/EOMT/checkpoint_backups/rtmpose-ucl-bpd-seed42-formal-canary-20260808.tar	root/autodl-tmp/rtmpose_reproduction/coco/UCL_BPD_internal_split.json
/mnt/d/download/Project coding/EOMT/checkpoint_backups/rtmpose-ucl-bpd-seed42-formal-canary-20260808.tar	root/autodl-tmp/rtmpose_reproduction/coco/UCL_BPD_internal_train.json
/mnt/d/download/Project coding/EOMT/checkpoint_backups/rtmpose-ucl-bpd-seed42-formal-canary-20260808.tar	root/autodl-tmp/rtmpose_reproduction/coco/UCL_BPD_internal_train_excluded.json
/mnt/d/download/Project coding/EOMT/checkpoint_backups/rtmpose-ucl-bpd-seed42-formal-canary-20260808.tar	root/autodl-tmp/rtmpose_reproduction/coco/UCL_BPD_internal_val.json
/mnt/d/download/Project coding/EOMT/checkpoint_backups/rtmpose-ucl-bpd-seed42-formal-canary-20260808.tar	root/autodl-tmp/rtmpose_reproduction/coco/UCL_BPD_internal_val_excluded.json
/mnt/d/download/Project coding/EOMT/checkpoint_backups/rtmpose-ucl-bpd-seed42-formal-canary-20260808.tar	root/autodl-tmp/rtmpose_reproduction/coco/UCL_BPD_test.json
/mnt/d/download/Project coding/EOMT/checkpoint_backups/rtmpose-ucl-bpd-seed42-formal-canary-20260808.tar	root/autodl-tmp/rtmpose_reproduction/coco/UCL_BPD_test_excluded.json
/mnt/d/download/Project coding/EOMT/checkpoint_backups/rtmpose-ucl-bpd-seed42-formal-canary-20260808.tar	root/eomt/rtmpose_ucl_bpd_seed42_preflight_20260808.log
/mnt/d/download/Project coding/EOMT/checkpoint_backups/rtmpose-ucl-bpd-seed42-formal-canary-20260808.tar	root/eomt/rtmpose_ucl_bpd_seed42_smoke_20260808.log
/mnt/d/download/Project coding/EOMT/checkpoint_backups/rtmpose-ucl-bpd-seed42-formal-canary-20260808.tar	root/eomt/rtmpose_ucl_bpd_seed42_canary_20260808.log
/mnt/d/download/Project coding/EOMT/checkpoint_backups/rtmpose-ucl-bpd-seed42-formal-canary-20260808.tar	root/eomt/rtmpose_reproduction/mmpose_commit.txt
/mnt/d/download/Project coding/EOMT/checkpoint_backups/rtmpose-ucl-bpd-seed42-formal-canary-20260808.tar	root/eomt/rtmpose_reproduction/official_recipe_source_commit.txt
/mnt/d/download/Project coding/EOMT/checkpoint_backups/ucl-bpd-eomt-dinov2-5seed-permutation-invariant-20260808.tar	root/autodl-tmp/saved_checkpoints/dinov2_bpd_fpn_udp_rotate_scale/
/mnt/d/download/Project coding/EOMT/checkpoint_backups/ucl-bpd-eomt-dinov2-5seed-permutation-invariant-20260808.tar	root/autodl-tmp/saved_checkpoints/dinov2_bpd_fpn_udp_rotate_scale/seed42/
/mnt/d/download/Project coding/EOMT/checkpoint_backups/ucl-bpd-eomt-dinov2-5seed-permutation-invariant-20260808.tar	root/autodl-tmp/saved_checkpoints/dinov2_bpd_fpn_udp_rotate_scale/seed42/seed42_final.ckpt
/mnt/d/download/Project coding/EOMT/checkpoint_backups/ucl-bpd-eomt-dinov2-5seed-permutation-invariant-20260808.tar	root/autodl-tmp/saved_checkpoints/dinov2_bpd_fpn_udp_rotate_scale/seed42/seed42_config.yaml
/mnt/d/download/Project coding/EOMT/checkpoint_backups/ucl-bpd-eomt-dinov2-5seed-permutation-invariant-20260808.tar	root/autodl-tmp/saved_checkpoints/dinov2_bpd_fpn_udp_rotate_scale/seed0/
/mnt/d/download/Project coding/EOMT/checkpoint_backups/ucl-bpd-eomt-dinov2-5seed-permutation-invariant-20260808.tar	root/autodl-tmp/saved_checkpoints/dinov2_bpd_fpn_udp_rotate_scale/seed0/seed0_final.ckpt
/mnt/d/download/Project coding/EOMT/checkpoint_backups/ucl-bpd-eomt-dinov2-5seed-permutation-invariant-20260808.tar	root/autodl-tmp/saved_checkpoints/dinov2_bpd_fpn_udp_rotate_scale/seed0/seed0_config.yaml
/mnt/d/download/Project coding/EOMT/checkpoint_backups/ucl-bpd-eomt-dinov2-5seed-permutation-invariant-20260808.tar	root/autodl-tmp/saved_checkpoints/dinov2_bpd_fpn_udp_rotate_scale/seed123/
/mnt/d/download/Project coding/EOMT/checkpoint_backups/ucl-bpd-eomt-dinov2-5seed-permutation-invariant-20260808.tar	root/autodl-tmp/saved_checkpoints/dinov2_bpd_fpn_udp_rotate_scale/seed123/seed123_final.ckpt
/mnt/d/download/Project coding/EOMT/checkpoint_backups/ucl-bpd-eomt-dinov2-5seed-permutation-invariant-20260808.tar	root/autodl-tmp/saved_checkpoints/dinov2_bpd_fpn_udp_rotate_scale/seed123/seed123_config.yaml
/mnt/d/download/Project coding/EOMT/checkpoint_backups/ucl-bpd-eomt-dinov2-5seed-permutation-invariant-20260808.tar	root/autodl-tmp/saved_checkpoints/dinov2_bpd_fpn_udp_rotate_scale/seed2024/
/mnt/d/download/Project coding/EOMT/checkpoint_backups/ucl-bpd-eomt-dinov2-5seed-permutation-invariant-20260808.tar	root/autodl-tmp/saved_checkpoints/dinov2_bpd_fpn_udp_rotate_scale/seed2024/seed2024_final.ckpt
/mnt/d/download/Project coding/EOMT/checkpoint_backups/ucl-bpd-eomt-dinov2-5seed-permutation-invariant-20260808.tar	root/autodl-tmp/saved_checkpoints/dinov2_bpd_fpn_udp_rotate_scale/seed2024/seed2024_config.yaml
/mnt/d/download/Project coding/EOMT/checkpoint_backups/ucl-bpd-eomt-dinov2-5seed-permutation-invariant-20260808.tar	root/autodl-tmp/saved_checkpoints/dinov2_bpd_fpn_udp_rotate_scale/seed3407/
/mnt/d/download/Project coding/EOMT/checkpoint_backups/ucl-bpd-eomt-dinov2-5seed-permutation-invariant-20260808.tar	root/autodl-tmp/saved_checkpoints/dinov2_bpd_fpn_udp_rotate_scale/seed3407/seed3407_final.ckpt
/mnt/d/download/Project coding/EOMT/checkpoint_backups/ucl-bpd-eomt-dinov2-5seed-permutation-invariant-20260808.tar	root/autodl-tmp/saved_checkpoints/dinov2_bpd_fpn_udp_rotate_scale/seed3407/seed3407_config.yaml
/mnt/d/download/Project coding/EOMT/checkpoint_backups/ucl-bpd-eomt-dinov2-5seed-permutation-invariant-20260808.tar	root/autodl-tmp/saved_checkpoints/dinov2_bpd_fpn_udp_rotate_scale/dinov2_bpd_fpn_udp_rotate_scale_results.tsv
/mnt/d/download/Project coding/EOMT/checkpoint_backups/ucl-bpd-eomt-dinov2-5seed-permutation-invariant-20260808.tar	root/autodl-tmp/ucl_eomt_per_image/bpd_dinov2/
/mnt/d/download/Project coding/EOMT/checkpoint_backups/ucl-bpd-eomt-dinov2-5seed-permutation-invariant-20260808.tar	root/autodl-tmp/ucl_eomt_per_image/bpd_dinov2/seed42/
/mnt/d/download/Project coding/EOMT/checkpoint_backups/ucl-bpd-eomt-dinov2-5seed-permutation-invariant-20260808.tar	root/autodl-tmp/ucl_eomt_per_image/bpd_dinov2/seed42/test_image_order.csv
/mnt/d/download/Project coding/EOMT/checkpoint_backups/ucl-bpd-eomt-dinov2-5seed-permutation-invariant-20260808.tar	root/autodl-tmp/ucl_eomt_per_image/bpd_dinov2/seed42/final_fixedchannel_per_image.csv
/mnt/d/download/Project coding/EOMT/checkpoint_backups/ucl-bpd-eomt-dinov2-5seed-permutation-invariant-20260808.tar	root/autodl-tmp/ucl_eomt_per_image/bpd_dinov2/seed42/final_swapmin_per_image.csv
/mnt/d/download/Project coding/EOMT/checkpoint_backups/ucl-bpd-eomt-dinov2-5seed-permutation-invariant-20260808.tar	root/autodl-tmp/ucl_eomt_per_image/bpd_dinov2/seed0/
/mnt/d/download/Project coding/EOMT/checkpoint_backups/ucl-bpd-eomt-dinov2-5seed-permutation-invariant-20260808.tar	root/autodl-tmp/ucl_eomt_per_image/bpd_dinov2/seed0/test_image_order.csv
/mnt/d/download/Project coding/EOMT/checkpoint_backups/ucl-bpd-eomt-dinov2-5seed-permutation-invariant-20260808.tar	root/autodl-tmp/ucl_eomt_per_image/bpd_dinov2/seed0/final_fixedchannel_per_image.csv
/mnt/d/download/Project coding/EOMT/checkpoint_backups/ucl-bpd-eomt-dinov2-5seed-permutation-invariant-20260808.tar	root/autodl-tmp/ucl_eomt_per_image/bpd_dinov2/seed0/final_swapmin_per_image.csv
/mnt/d/download/Project coding/EOMT/checkpoint_backups/ucl-bpd-eomt-dinov2-5seed-permutation-invariant-20260808.tar	root/autodl-tmp/ucl_eomt_per_image/bpd_dinov2/seed123/
/mnt/d/download/Project coding/EOMT/checkpoint_backups/ucl-bpd-eomt-dinov2-5seed-permutation-invariant-20260808.tar	root/autodl-tmp/ucl_eomt_per_image/bpd_dinov2/seed123/test_image_order.csv
/mnt/d/download/Project coding/EOMT/checkpoint_backups/ucl-bpd-eomt-dinov2-5seed-permutation-invariant-20260808.tar	root/autodl-tmp/ucl_eomt_per_image/bpd_dinov2/seed123/final_fixedchannel_per_image.csv
/mnt/d/download/Project coding/EOMT/checkpoint_backups/ucl-bpd-eomt-dinov2-5seed-permutation-invariant-20260808.tar	root/autodl-tmp/ucl_eomt_per_image/bpd_dinov2/seed123/final_swapmin_per_image.csv
/mnt/d/download/Project coding/EOMT/checkpoint_backups/ucl-bpd-eomt-dinov2-5seed-permutation-invariant-20260808.tar	root/autodl-tmp/ucl_eomt_per_image/bpd_dinov2/seed2024/
/mnt/d/download/Project coding/EOMT/checkpoint_backups/ucl-bpd-eomt-dinov2-5seed-permutation-invariant-20260808.tar	root/autodl-tmp/ucl_eomt_per_image/bpd_dinov2/seed2024/test_image_order.csv
/mnt/d/download/Project coding/EOMT/checkpoint_backups/ucl-bpd-eomt-dinov2-5seed-permutation-invariant-20260808.tar	root/autodl-tmp/ucl_eomt_per_image/bpd_dinov2/seed2024/final_fixedchannel_per_image.csv
/mnt/d/download/Project coding/EOMT/checkpoint_backups/ucl-bpd-eomt-dinov2-5seed-permutation-invariant-20260808.tar	root/autodl-tmp/ucl_eomt_per_image/bpd_dinov2/seed2024/final_swapmin_per_image.csv
/mnt/d/download/Project coding/EOMT/checkpoint_backups/ucl-bpd-eomt-dinov2-5seed-permutation-invariant-20260808.tar	root/autodl-tmp/ucl_eomt_per_image/bpd_dinov2/seed3407/
/mnt/d/download/Project coding/EOMT/checkpoint_backups/ucl-bpd-eomt-dinov2-5seed-permutation-invariant-20260808.tar	root/autodl-tmp/ucl_eomt_per_image/bpd_dinov2/seed3407/test_image_order.csv
/mnt/d/download/Project coding/EOMT/checkpoint_backups/ucl-bpd-eomt-dinov2-5seed-permutation-invariant-20260808.tar	root/autodl-tmp/ucl_eomt_per_image/bpd_dinov2/seed3407/final_fixedchannel_per_image.csv
/mnt/d/download/Project coding/EOMT/checkpoint_backups/ucl-bpd-eomt-dinov2-5seed-permutation-invariant-20260808.tar	root/autodl-tmp/ucl_eomt_per_image/bpd_dinov2/seed3407/final_swapmin_per_image.csv
/mnt/d/download/Project coding/EOMT/checkpoint_backups/ucl-bpd-eomt-dinov2-5seed-permutation-invariant-20260808.tar	root/autodl-tmp/endpoint_ordering_analysis/permutation_invariant_final_20260808_with_bpd_dinov2/
/mnt/d/download/Project coding/EOMT/checkpoint_backups/ucl-bpd-eomt-dinov2-5seed-permutation-invariant-20260808.tar	root/autodl-tmp/endpoint_ordering_analysis/permutation_invariant_final_20260808_with_bpd_dinov2/common_subset/
/mnt/d/download/Project coding/EOMT/checkpoint_backups/ucl-bpd-eomt-dinov2-5seed-permutation-invariant-20260808.tar	root/autodl-tmp/endpoint_ordering_analysis/permutation_invariant_final_20260808_with_bpd_dinov2/common_subset/ucl_bpd_hrnet_per_image.csv
/mnt/d/download/Project coding/EOMT/checkpoint_backups/ucl-bpd-eomt-dinov2-5seed-permutation-invariant-20260808.tar	root/autodl-tmp/endpoint_ordering_analysis/permutation_invariant_final_20260808_with_bpd_dinov2/common_subset/ucl_bpd_eomt_dinov2_per_image.csv
/mnt/d/download/Project coding/EOMT/checkpoint_backups/ucl-bpd-eomt-dinov2-5seed-permutation-invariant-20260808.tar	root/autodl-tmp/endpoint_ordering_analysis/permutation_invariant_final_20260808_with_bpd_dinov2/common_subset/ucl_ofd_hrnet_per_image.csv
/mnt/d/download/Project coding/EOMT/checkpoint_backups/ucl-bpd-eomt-dinov2-5seed-permutation-invariant-20260808.tar	root/autodl-tmp/endpoint_ordering_analysis/permutation_invariant_final_20260808_with_bpd_dinov2/common_subset/ucl_ofd_eomt_dinov2_per_image.csv
/mnt/d/download/Project coding/EOMT/checkpoint_backups/ucl-bpd-eomt-dinov2-5seed-permutation-invariant-20260808.tar	root/autodl-tmp/endpoint_ordering_analysis/permutation_invariant_final_20260808_with_bpd_dinov2/common_subset/ucl_ofd_eomt_dinov3_per_image.csv
/mnt/d/download/Project coding/EOMT/checkpoint_backups/ucl-bpd-eomt-dinov2-5seed-permutation-invariant-20260808.tar	root/autodl-tmp/endpoint_ordering_analysis/permutation_invariant_final_20260808_with_bpd_dinov2/common_subset/ucl_apad_hrnet_per_image.csv
/mnt/d/download/Project coding/EOMT/checkpoint_backups/ucl-bpd-eomt-dinov2-5seed-permutation-invariant-20260808.tar	root/autodl-tmp/endpoint_ordering_analysis/permutation_invariant_final_20260808_with_bpd_dinov2/common_subset/ucl_apad_eomt_dinov2_per_image.csv
/mnt/d/download/Project coding/EOMT/checkpoint_backups/ucl-bpd-eomt-dinov2-5seed-permutation-invariant-20260808.tar	root/autodl-tmp/endpoint_ordering_analysis/permutation_invariant_final_20260808_with_bpd_dinov2/common_subset/ucl_apad_eomt_dinov3_per_image.csv
/mnt/d/download/Project coding/EOMT/checkpoint_backups/ucl-bpd-eomt-dinov2-5seed-permutation-invariant-20260808.tar	root/autodl-tmp/endpoint_ordering_analysis/permutation_invariant_final_20260808_with_bpd_dinov2/common_subset/ucl_tad_hrnet_per_image.csv
/mnt/d/download/Project coding/EOMT/checkpoint_backups/ucl-bpd-eomt-dinov2-5seed-permutation-invariant-20260808.tar	root/autodl-tmp/endpoint_ordering_analysis/permutation_invariant_final_20260808_with_bpd_dinov2/common_subset/ucl_tad_eomt_dinov2_per_image.csv
/mnt/d/download/Project coding/EOMT/checkpoint_backups/ucl-bpd-eomt-dinov2-5seed-permutation-invariant-20260808.tar	root/autodl-tmp/endpoint_ordering_analysis/permutation_invariant_final_20260808_with_bpd_dinov2/common_subset/ucl_tad_eomt_dinov3_per_image.csv
/mnt/d/download/Project coding/EOMT/checkpoint_backups/ucl-bpd-eomt-dinov2-5seed-permutation-invariant-20260808.tar	root/autodl-tmp/endpoint_ordering_analysis/permutation_invariant_final_20260808_with_bpd_dinov2/common_subset/ucl_fl_hrnet_per_image.csv
/mnt/d/download/Project coding/EOMT/checkpoint_backups/ucl-bpd-eomt-dinov2-5seed-permutation-invariant-20260808.tar	root/autodl-tmp/endpoint_ordering_analysis/permutation_invariant_final_20260808_with_bpd_dinov2/common_subset/ucl_fl_eomt_dinov2_per_image.csv
/mnt/d/download/Project coding/EOMT/checkpoint_backups/ucl-bpd-eomt-dinov2-5seed-permutation-invariant-20260808.tar	root/autodl-tmp/endpoint_ordering_analysis/permutation_invariant_final_20260808_with_bpd_dinov2/common_subset/ucl_fl_eomt_dinov3_per_image.csv
/mnt/d/download/Project coding/EOMT/checkpoint_backups/ucl-bpd-eomt-dinov2-5seed-permutation-invariant-20260808.tar	root/autodl-tmp/endpoint_ordering_analysis/permutation_invariant_final_20260808_with_bpd_dinov2/common_subset/multicentre_bpd_hrnet_per_image.csv
/mnt/d/download/Project coding/EOMT/checkpoint_backups/ucl-bpd-eomt-dinov2-5seed-permutation-invariant-20260808.tar	root/autodl-tmp/endpoint_ordering_analysis/permutation_invariant_final_20260808_with_bpd_dinov2/common_subset/multicentre_bpd_eomt_dinov2_per_image.csv
/mnt/d/download/Project coding/EOMT/checkpoint_backups/ucl-bpd-eomt-dinov2-5seed-permutation-invariant-20260808.tar	root/autodl-tmp/endpoint_ordering_analysis/permutation_invariant_final_20260808_with_bpd_dinov2/common_subset/multicentre_bpd_eomt_dinov3_per_image.csv
/mnt/d/download/Project coding/EOMT/checkpoint_backups/ucl-bpd-eomt-dinov2-5seed-permutation-invariant-20260808.tar	root/autodl-tmp/endpoint_ordering_analysis/permutation_invariant_final_20260808_with_bpd_dinov2/common_subset/multicentre_ofd_hrnet_per_image.csv
/mnt/d/download/Project coding/EOMT/checkpoint_backups/ucl-bpd-eomt-dinov2-5seed-permutation-invariant-20260808.tar	root/autodl-tmp/endpoint_ordering_analysis/permutation_invariant_final_20260808_with_bpd_dinov2/common_subset/multicentre_ofd_eomt_dinov2_per_image.csv
/mnt/d/download/Project coding/EOMT/checkpoint_backups/ucl-bpd-eomt-dinov2-5seed-permutation-invariant-20260808.tar	root/autodl-tmp/endpoint_ordering_analysis/permutation_invariant_final_20260808_with_bpd_dinov2/common_subset/multicentre_ofd_eomt_dinov3_per_image.csv
/mnt/d/download/Project coding/EOMT/checkpoint_backups/ucl-bpd-eomt-dinov2-5seed-permutation-invariant-20260808.tar	root/autodl-tmp/endpoint_ordering_analysis/permutation_invariant_final_20260808_with_bpd_dinov2/common_subset/multicentre_apad_hrnet_per_image.csv
/mnt/d/download/Project coding/EOMT/checkpoint_backups/ucl-bpd-eomt-dinov2-5seed-permutation-invariant-20260808.tar	root/autodl-tmp/endpoint_ordering_analysis/permutation_invariant_final_20260808_with_bpd_dinov2/common_subset/multicentre_apad_eomt_dinov2_per_image.csv
/mnt/d/download/Project coding/EOMT/checkpoint_backups/ucl-bpd-eomt-dinov2-5seed-permutation-invariant-20260808.tar	root/autodl-tmp/endpoint_ordering_analysis/permutation_invariant_final_20260808_with_bpd_dinov2/common_subset/multicentre_apad_eomt_dinov3_per_image.csv
/mnt/d/download/Project coding/EOMT/checkpoint_backups/ucl-bpd-eomt-dinov2-5seed-permutation-invariant-20260808.tar	root/autodl-tmp/endpoint_ordering_analysis/permutation_invariant_final_20260808_with_bpd_dinov2/common_subset/multicentre_tad_hrnet_per_image.csv
/mnt/d/download/Project coding/EOMT/checkpoint_backups/ucl-bpd-eomt-dinov2-5seed-permutation-invariant-20260808.tar	root/autodl-tmp/endpoint_ordering_analysis/permutation_invariant_final_20260808_with_bpd_dinov2/common_subset/multicentre_tad_eomt_dinov2_per_image.csv
/mnt/d/download/Project coding/EOMT/checkpoint_backups/ucl-bpd-eomt-dinov2-5seed-permutation-invariant-20260808.tar	root/autodl-tmp/endpoint_ordering_analysis/permutation_invariant_final_20260808_with_bpd_dinov2/common_subset/multicentre_tad_eomt_dinov3_per_image.csv
/mnt/d/download/Project coding/EOMT/checkpoint_backups/ucl-bpd-eomt-dinov2-5seed-permutation-invariant-20260808.tar	root/autodl-tmp/endpoint_ordering_analysis/permutation_invariant_final_20260808_with_bpd_dinov2/common_subset/multicentre_fl_hrnet_per_image.csv
/mnt/d/download/Project coding/EOMT/checkpoint_backups/ucl-bpd-eomt-dinov2-5seed-permutation-invariant-20260808.tar	root/autodl-tmp/endpoint_ordering_analysis/permutation_invariant_final_20260808_with_bpd_dinov2/common_subset/multicentre_fl_eomt_dinov2_per_image.csv
/mnt/d/download/Project coding/EOMT/checkpoint_backups/ucl-bpd-eomt-dinov2-5seed-permutation-invariant-20260808.tar	root/autodl-tmp/endpoint_ordering_analysis/permutation_invariant_final_20260808_with_bpd_dinov2/common_subset/multicentre_fl_eomt_dinov3_per_image.csv
/mnt/d/download/Project coding/EOMT/checkpoint_backups/ucl-bpd-eomt-dinov2-5seed-permutation-invariant-20260808.tar	root/autodl-tmp/endpoint_ordering_analysis/permutation_invariant_final_20260808_with_bpd_dinov2/common_subset/endpoint_ordering_seed_summary.tsv
/mnt/d/download/Project coding/EOMT/checkpoint_backups/ucl-bpd-eomt-dinov2-5seed-permutation-invariant-20260808.tar	root/autodl-tmp/endpoint_ordering_analysis/permutation_invariant_final_20260808_with_bpd_dinov2/common_subset/endpoint_ordering_summary.tsv
/mnt/d/download/Project coding/EOMT/checkpoint_backups/ucl-bpd-eomt-dinov2-5seed-permutation-invariant-20260808.tar	root/autodl-tmp/endpoint_ordering_analysis/permutation_invariant_final_20260808_with_bpd_dinov2/ucl_bpd_hrnet_per_image.csv
/mnt/d/download/Project coding/EOMT/checkpoint_backups/ucl-bpd-eomt-dinov2-5seed-permutation-invariant-20260808.tar	root/autodl-tmp/endpoint_ordering_analysis/permutation_invariant_final_20260808_with_bpd_dinov2/ucl_bpd_eomt_dinov2_per_image.csv
/mnt/d/download/Project coding/EOMT/checkpoint_backups/ucl-bpd-eomt-dinov2-5seed-permutation-invariant-20260808.tar	root/autodl-tmp/endpoint_ordering_analysis/permutation_invariant_final_20260808_with_bpd_dinov2/ucl_ofd_hrnet_per_image.csv
/mnt/d/download/Project coding/EOMT/checkpoint_backups/ucl-bpd-eomt-dinov2-5seed-permutation-invariant-20260808.tar	root/autodl-tmp/endpoint_ordering_analysis/permutation_invariant_final_20260808_with_bpd_dinov2/ucl_ofd_eomt_dinov2_per_image.csv
/mnt/d/download/Project coding/EOMT/checkpoint_backups/ucl-bpd-eomt-dinov2-5seed-permutation-invariant-20260808.tar	root/autodl-tmp/endpoint_ordering_analysis/permutation_invariant_final_20260808_with_bpd_dinov2/ucl_ofd_eomt_dinov3_per_image.csv
/mnt/d/download/Project coding/EOMT/checkpoint_backups/ucl-bpd-eomt-dinov2-5seed-permutation-invariant-20260808.tar	root/autodl-tmp/endpoint_ordering_analysis/permutation_invariant_final_20260808_with_bpd_dinov2/ucl_apad_hrnet_per_image.csv
/mnt/d/download/Project coding/EOMT/checkpoint_backups/ucl-bpd-eomt-dinov2-5seed-permutation-invariant-20260808.tar	root/autodl-tmp/endpoint_ordering_analysis/permutation_invariant_final_20260808_with_bpd_dinov2/ucl_apad_eomt_dinov2_per_image.csv
/mnt/d/download/Project coding/EOMT/checkpoint_backups/ucl-bpd-eomt-dinov2-5seed-permutation-invariant-20260808.tar	root/autodl-tmp/endpoint_ordering_analysis/permutation_invariant_final_20260808_with_bpd_dinov2/ucl_apad_eomt_dinov3_per_image.csv
/mnt/d/download/Project coding/EOMT/checkpoint_backups/ucl-bpd-eomt-dinov2-5seed-permutation-invariant-20260808.tar	root/autodl-tmp/endpoint_ordering_analysis/permutation_invariant_final_20260808_with_bpd_dinov2/ucl_tad_hrnet_per_image.csv
/mnt/d/download/Project coding/EOMT/checkpoint_backups/ucl-bpd-eomt-dinov2-5seed-permutation-invariant-20260808.tar	root/autodl-tmp/endpoint_ordering_analysis/permutation_invariant_final_20260808_with_bpd_dinov2/ucl_tad_eomt_dinov2_per_image.csv
/mnt/d/download/Project coding/EOMT/checkpoint_backups/ucl-bpd-eomt-dinov2-5seed-permutation-invariant-20260808.tar	root/autodl-tmp/endpoint_ordering_analysis/permutation_invariant_final_20260808_with_bpd_dinov2/ucl_tad_eomt_dinov3_per_image.csv
/mnt/d/download/Project coding/EOMT/checkpoint_backups/ucl-bpd-eomt-dinov2-5seed-permutation-invariant-20260808.tar	root/autodl-tmp/endpoint_ordering_analysis/permutation_invariant_final_20260808_with_bpd_dinov2/ucl_fl_hrnet_per_image.csv
/mnt/d/download/Project coding/EOMT/checkpoint_backups/ucl-bpd-eomt-dinov2-5seed-permutation-invariant-20260808.tar	root/autodl-tmp/endpoint_ordering_analysis/permutation_invariant_final_20260808_with_bpd_dinov2/ucl_fl_eomt_dinov2_per_image.csv
/mnt/d/download/Project coding/EOMT/checkpoint_backups/ucl-bpd-eomt-dinov2-5seed-permutation-invariant-20260808.tar	root/autodl-tmp/endpoint_ordering_analysis/permutation_invariant_final_20260808_with_bpd_dinov2/ucl_fl_eomt_dinov3_per_image.csv
/mnt/d/download/Project coding/EOMT/checkpoint_backups/ucl-bpd-eomt-dinov2-5seed-permutation-invariant-20260808.tar	root/autodl-tmp/endpoint_ordering_analysis/permutation_invariant_final_20260808_with_bpd_dinov2/multicentre_bpd_hrnet_per_image.csv
/mnt/d/download/Project coding/EOMT/checkpoint_backups/ucl-bpd-eomt-dinov2-5seed-permutation-invariant-20260808.tar	root/autodl-tmp/endpoint_ordering_analysis/permutation_invariant_final_20260808_with_bpd_dinov2/multicentre_bpd_eomt_dinov2_per_image.csv
/mnt/d/download/Project coding/EOMT/checkpoint_backups/ucl-bpd-eomt-dinov2-5seed-permutation-invariant-20260808.tar	root/autodl-tmp/endpoint_ordering_analysis/permutation_invariant_final_20260808_with_bpd_dinov2/multicentre_bpd_eomt_dinov3_per_image.csv
/mnt/d/download/Project coding/EOMT/checkpoint_backups/ucl-bpd-eomt-dinov2-5seed-permutation-invariant-20260808.tar	root/autodl-tmp/endpoint_ordering_analysis/permutation_invariant_final_20260808_with_bpd_dinov2/multicentre_ofd_hrnet_per_image.csv
/mnt/d/download/Project coding/EOMT/checkpoint_backups/ucl-bpd-eomt-dinov2-5seed-permutation-invariant-20260808.tar	root/autodl-tmp/endpoint_ordering_analysis/permutation_invariant_final_20260808_with_bpd_dinov2/multicentre_ofd_eomt_dinov2_per_image.csv
/mnt/d/download/Project coding/EOMT/checkpoint_backups/ucl-bpd-eomt-dinov2-5seed-permutation-invariant-20260808.tar	root/autodl-tmp/endpoint_ordering_analysis/permutation_invariant_final_20260808_with_bpd_dinov2/multicentre_ofd_eomt_dinov3_per_image.csv
/mnt/d/download/Project coding/EOMT/checkpoint_backups/ucl-bpd-eomt-dinov2-5seed-permutation-invariant-20260808.tar	root/autodl-tmp/endpoint_ordering_analysis/permutation_invariant_final_20260808_with_bpd_dinov2/multicentre_apad_hrnet_per_image.csv
/mnt/d/download/Project coding/EOMT/checkpoint_backups/ucl-bpd-eomt-dinov2-5seed-permutation-invariant-20260808.tar	root/autodl-tmp/endpoint_ordering_analysis/permutation_invariant_final_20260808_with_bpd_dinov2/multicentre_apad_eomt_dinov2_per_image.csv
/mnt/d/download/Project coding/EOMT/checkpoint_backups/ucl-bpd-eomt-dinov2-5seed-permutation-invariant-20260808.tar	root/autodl-tmp/endpoint_ordering_analysis/permutation_invariant_final_20260808_with_bpd_dinov2/multicentre_apad_eomt_dinov3_per_image.csv
/mnt/d/download/Project coding/EOMT/checkpoint_backups/ucl-bpd-eomt-dinov2-5seed-permutation-invariant-20260808.tar	root/autodl-tmp/endpoint_ordering_analysis/permutation_invariant_final_20260808_with_bpd_dinov2/multicentre_tad_hrnet_per_image.csv
/mnt/d/download/Project coding/EOMT/checkpoint_backups/ucl-bpd-eomt-dinov2-5seed-permutation-invariant-20260808.tar	root/autodl-tmp/endpoint_ordering_analysis/permutation_invariant_final_20260808_with_bpd_dinov2/multicentre_tad_eomt_dinov2_per_image.csv
/mnt/d/download/Project coding/EOMT/checkpoint_backups/ucl-bpd-eomt-dinov2-5seed-permutation-invariant-20260808.tar	root/autodl-tmp/endpoint_ordering_analysis/permutation_invariant_final_20260808_with_bpd_dinov2/multicentre_tad_eomt_dinov3_per_image.csv
/mnt/d/download/Project coding/EOMT/checkpoint_backups/ucl-bpd-eomt-dinov2-5seed-permutation-invariant-20260808.tar	root/autodl-tmp/endpoint_ordering_analysis/permutation_invariant_final_20260808_with_bpd_dinov2/multicentre_fl_hrnet_per_image.csv
/mnt/d/download/Project coding/EOMT/checkpoint_backups/ucl-bpd-eomt-dinov2-5seed-permutation-invariant-20260808.tar	root/autodl-tmp/endpoint_ordering_analysis/permutation_invariant_final_20260808_with_bpd_dinov2/multicentre_fl_eomt_dinov2_per_image.csv
/mnt/d/download/Project coding/EOMT/checkpoint_backups/ucl-bpd-eomt-dinov2-5seed-permutation-invariant-20260808.tar	root/autodl-tmp/endpoint_ordering_analysis/permutation_invariant_final_20260808_with_bpd_dinov2/multicentre_fl_eomt_dinov3_per_image.csv
/mnt/d/download/Project coding/EOMT/checkpoint_backups/ucl-bpd-eomt-dinov2-5seed-permutation-invariant-20260808.tar	root/autodl-tmp/endpoint_ordering_analysis/permutation_invariant_final_20260808_with_bpd_dinov2/endpoint_ordering_seed_summary.tsv
/mnt/d/download/Project coding/EOMT/checkpoint_backups/ucl-bpd-eomt-dinov2-5seed-permutation-invariant-20260808.tar	root/autodl-tmp/endpoint_ordering_analysis/permutation_invariant_final_20260808_with_bpd_dinov2/endpoint_ordering_summary.tsv
/mnt/d/download/Project coding/EOMT/checkpoint_backups/ucl-bpd-eomt-dinov2-5seed-permutation-invariant-20260808.tar	root/autodl-tmp/endpoint_ordering_analysis/permutation_invariant_final_20260808_with_bpd_dinov2/raw_channel_vs_prediction_xsort_summary.tsv
/mnt/d/download/Project coding/EOMT/checkpoint_backups/ucl-bpd-eomt-dinov2-5seed-permutation-invariant-20260808.tar	root/autodl-tmp/endpoint_ordering_analysis/permutation_invariant_final_20260808_with_bpd_dinov2/correspondence_diagnostic_summary.tsv
/mnt/d/download/Project coding/EOMT/checkpoint_backups/ucl-bpd-eomt-dinov2-5seed-permutation-invariant-20260808.tar	root/autodl-tmp/endpoint_ordering_analysis/permutation_invariant_final_20260808_with_bpd_dinov2/dod_vectors.tsv
/mnt/d/download/Project coding/EOMT/checkpoint_backups/ucl-bpd-eomt-dinov2-5seed-permutation-invariant-20260808.tar	root/autodl-tmp/endpoint_ordering_analysis/permutation_invariant_final_20260808_with_bpd_dinov2/excluded_images.tsv
/mnt/d/download/Project coding/EOMT/checkpoint_backups/ucl-bpd-eomt-dinov2-5seed-permutation-invariant-20260808.tar	root/autodl-tmp/endpoint_ordering_analysis/permutation_invariant_final_20260808_with_bpd_dinov2/cross_method_gt_consistency_warnings.tsv
/mnt/d/download/Project coding/EOMT/checkpoint_backups/ucl-bpd-eomt-dinov2-5seed-permutation-invariant-20260808.tar	root/autodl-tmp/endpoint_ordering_analysis/permutation_invariant_final_20260808_with_bpd_dinov2/permutation_invariant_nme_final_table.tsv
/mnt/d/download/Project coding/EOMT/checkpoint_backups/ucl-bpd-eomt-dinov2-5seed-permutation-invariant-20260808.tar	root/autodl-tmp/endpoint_ordering_analysis/permutation_invariant_final_20260808_with_bpd_dinov2/permutation_invariant_nme_final_table.md
/mnt/d/download/Project coding/EOMT/checkpoint_backups/ucl-bpd-eomt-dinov2-5seed-permutation-invariant-20260808.tar	root/eomt/dinov2_bpd_fpn_udp_rotate_scale_results.tsv
/mnt/d/download/Project coding/EOMT/checkpoint_backups/ucl-bpd-eomt-dinov2-5seed-permutation-invariant-20260808.tar	root/eomt/checkpoints/.dinov2_bpd_fpn_udp_rotate_scale_completed_seeds.txt
/mnt/d/download/Project coding/EOMT/checkpoint_backups/ucl-bpd-eomt-dinov2-5seed-permutation-invariant-20260808.tar	root/eomt/ucl_bpd_dinov2_recovery_5seed.log
/mnt/d/download/Project coding/EOMT/checkpoint_backups/ucl-bpd-eomt-dinov3-5seed-and-complete-30of30-20260808.tar	root/eomt/checkpoints/bpd-dinov3-fpn-udp-rotate-scale/seed0/seed0_final.ckpt
/mnt/d/download/Project coding/EOMT/checkpoint_backups/ucl-bpd-eomt-dinov3-5seed-and-complete-30of30-20260808.tar	root/eomt/checkpoints/bpd-dinov3-fpn-udp-rotate-scale/seed123/seed123_final.ckpt
/mnt/d/download/Project coding/EOMT/checkpoint_backups/ucl-bpd-eomt-dinov3-5seed-and-complete-30of30-20260808.tar	root/eomt/checkpoints/bpd-dinov3-fpn-udp-rotate-scale/seed2024/seed2024_final.ckpt
/mnt/d/download/Project coding/EOMT/checkpoint_backups/ucl-bpd-eomt-dinov3-5seed-and-complete-30of30-20260808.tar	root/eomt/checkpoints/bpd-dinov3-fpn-udp-rotate-scale/seed3407/seed3407_final.ckpt
/mnt/d/download/Project coding/EOMT/checkpoint_backups/ucl-bpd-eomt-dinov3-5seed-and-complete-30of30-20260808.tar	root/eomt/checkpoints/bpd-dinov3-fpn-udp-rotate-scale/seed42/seed42_final.ckpt
/mnt/d/download/Project coding/EOMT/checkpoint_backups/ucl-bpd-eomt-dinov3-5seed-and-complete-30of30-20260808.tar	root/eomt/checkpoints/bpd-dinov3-fpn-udp-rotate-scale/seed0/seed0_config.yaml
/mnt/d/download/Project coding/EOMT/checkpoint_backups/ucl-bpd-eomt-dinov3-5seed-and-complete-30of30-20260808.tar	root/eomt/checkpoints/bpd-dinov3-fpn-udp-rotate-scale/seed123/seed123_config.yaml
/mnt/d/download/Project coding/EOMT/checkpoint_backups/ucl-bpd-eomt-dinov3-5seed-and-complete-30of30-20260808.tar	root/eomt/checkpoints/bpd-dinov3-fpn-udp-rotate-scale/seed2024/seed2024_config.yaml
/mnt/d/download/Project coding/EOMT/checkpoint_backups/ucl-bpd-eomt-dinov3-5seed-and-complete-30of30-20260808.tar	root/eomt/checkpoints/bpd-dinov3-fpn-udp-rotate-scale/seed3407/seed3407_config.yaml
/mnt/d/download/Project coding/EOMT/checkpoint_backups/ucl-bpd-eomt-dinov3-5seed-and-complete-30of30-20260808.tar	root/eomt/checkpoints/bpd-dinov3-fpn-udp-rotate-scale/seed42/seed42_config.yaml
/mnt/d/download/Project coding/EOMT/checkpoint_backups/ucl-bpd-eomt-dinov3-5seed-and-complete-30of30-20260808.tar	root/eomt/checkpoints/.dinov3_bpd_fpn_udp_rotate_scale_completed_seeds.txt
/mnt/d/download/Project coding/EOMT/checkpoint_backups/ucl-bpd-eomt-dinov3-5seed-and-complete-30of30-20260808.tar	root/eomt/dinov3_bpd_fpn_udp_rotate_scale_results.tsv
/mnt/d/download/Project coding/EOMT/checkpoint_backups/ucl-bpd-eomt-dinov3-5seed-and-complete-30of30-20260808.tar	root/eomt/ucl_bpd_dinov3_recovery_5seed.log
/mnt/d/download/Project coding/EOMT/checkpoint_backups/ucl-bpd-eomt-dinov3-5seed-and-complete-30of30-20260808.tar	root/eomt/permutation_invariant_complete_30of30.log
/mnt/d/download/Project coding/EOMT/checkpoint_backups/ucl-bpd-eomt-dinov3-5seed-and-complete-30of30-20260808.tar	root/autodl-tmp/ucl_eomt_per_image/bpd_dinov3/
/mnt/d/download/Project coding/EOMT/checkpoint_backups/ucl-bpd-eomt-dinov3-5seed-and-complete-30of30-20260808.tar	root/autodl-tmp/ucl_eomt_per_image/bpd_dinov3/seed42/
/mnt/d/download/Project coding/EOMT/checkpoint_backups/ucl-bpd-eomt-dinov3-5seed-and-complete-30of30-20260808.tar	root/autodl-tmp/ucl_eomt_per_image/bpd_dinov3/seed42/test_image_order.csv
/mnt/d/download/Project coding/EOMT/checkpoint_backups/ucl-bpd-eomt-dinov3-5seed-and-complete-30of30-20260808.tar	root/autodl-tmp/ucl_eomt_per_image/bpd_dinov3/seed42/final_fixedchannel_per_image.csv
/mnt/d/download/Project coding/EOMT/checkpoint_backups/ucl-bpd-eomt-dinov3-5seed-and-complete-30of30-20260808.tar	root/autodl-tmp/ucl_eomt_per_image/bpd_dinov3/seed42/final_swapmin_per_image.csv
/mnt/d/download/Project coding/EOMT/checkpoint_backups/ucl-bpd-eomt-dinov3-5seed-and-complete-30of30-20260808.tar	root/autodl-tmp/ucl_eomt_per_image/bpd_dinov3/seed0/
/mnt/d/download/Project coding/EOMT/checkpoint_backups/ucl-bpd-eomt-dinov3-5seed-and-complete-30of30-20260808.tar	root/autodl-tmp/ucl_eomt_per_image/bpd_dinov3/seed0/test_image_order.csv
/mnt/d/download/Project coding/EOMT/checkpoint_backups/ucl-bpd-eomt-dinov3-5seed-and-complete-30of30-20260808.tar	root/autodl-tmp/ucl_eomt_per_image/bpd_dinov3/seed0/final_fixedchannel_per_image.csv
/mnt/d/download/Project coding/EOMT/checkpoint_backups/ucl-bpd-eomt-dinov3-5seed-and-complete-30of30-20260808.tar	root/autodl-tmp/ucl_eomt_per_image/bpd_dinov3/seed0/final_swapmin_per_image.csv
/mnt/d/download/Project coding/EOMT/checkpoint_backups/ucl-bpd-eomt-dinov3-5seed-and-complete-30of30-20260808.tar	root/autodl-tmp/ucl_eomt_per_image/bpd_dinov3/seed123/
/mnt/d/download/Project coding/EOMT/checkpoint_backups/ucl-bpd-eomt-dinov3-5seed-and-complete-30of30-20260808.tar	root/autodl-tmp/ucl_eomt_per_image/bpd_dinov3/seed123/test_image_order.csv
/mnt/d/download/Project coding/EOMT/checkpoint_backups/ucl-bpd-eomt-dinov3-5seed-and-complete-30of30-20260808.tar	root/autodl-tmp/ucl_eomt_per_image/bpd_dinov3/seed123/final_fixedchannel_per_image.csv
/mnt/d/download/Project coding/EOMT/checkpoint_backups/ucl-bpd-eomt-dinov3-5seed-and-complete-30of30-20260808.tar	root/autodl-tmp/ucl_eomt_per_image/bpd_dinov3/seed123/final_swapmin_per_image.csv
/mnt/d/download/Project coding/EOMT/checkpoint_backups/ucl-bpd-eomt-dinov3-5seed-and-complete-30of30-20260808.tar	root/autodl-tmp/ucl_eomt_per_image/bpd_dinov3/seed2024/
/mnt/d/download/Project coding/EOMT/checkpoint_backups/ucl-bpd-eomt-dinov3-5seed-and-complete-30of30-20260808.tar	root/autodl-tmp/ucl_eomt_per_image/bpd_dinov3/seed2024/test_image_order.csv
/mnt/d/download/Project coding/EOMT/checkpoint_backups/ucl-bpd-eomt-dinov3-5seed-and-complete-30of30-20260808.tar	root/autodl-tmp/ucl_eomt_per_image/bpd_dinov3/seed2024/final_fixedchannel_per_image.csv
/mnt/d/download/Project coding/EOMT/checkpoint_backups/ucl-bpd-eomt-dinov3-5seed-and-complete-30of30-20260808.tar	root/autodl-tmp/ucl_eomt_per_image/bpd_dinov3/seed2024/final_swapmin_per_image.csv
/mnt/d/download/Project coding/EOMT/checkpoint_backups/ucl-bpd-eomt-dinov3-5seed-and-complete-30of30-20260808.tar	root/autodl-tmp/ucl_eomt_per_image/bpd_dinov3/seed3407/
/mnt/d/download/Project coding/EOMT/checkpoint_backups/ucl-bpd-eomt-dinov3-5seed-and-complete-30of30-20260808.tar	root/autodl-tmp/ucl_eomt_per_image/bpd_dinov3/seed3407/test_image_order.csv
/mnt/d/download/Project coding/EOMT/checkpoint_backups/ucl-bpd-eomt-dinov3-5seed-and-complete-30of30-20260808.tar	root/autodl-tmp/ucl_eomt_per_image/bpd_dinov3/seed3407/final_fixedchannel_per_image.csv
/mnt/d/download/Project coding/EOMT/checkpoint_backups/ucl-bpd-eomt-dinov3-5seed-and-complete-30of30-20260808.tar	root/autodl-tmp/ucl_eomt_per_image/bpd_dinov3/seed3407/final_swapmin_per_image.csv
/mnt/d/download/Project coding/EOMT/checkpoint_backups/ucl-bpd-eomt-dinov3-5seed-and-complete-30of30-20260808.tar	root/autodl-tmp/ucl_eomt_per_image/driver_logs/bpd_dinov3_seed0_fixed.log
/mnt/d/download/Project coding/EOMT/checkpoint_backups/ucl-bpd-eomt-dinov3-5seed-and-complete-30of30-20260808.tar	root/autodl-tmp/ucl_eomt_per_image/driver_logs/bpd_dinov3_seed0_order.log
/mnt/d/download/Project coding/EOMT/checkpoint_backups/ucl-bpd-eomt-dinov3-5seed-and-complete-30of30-20260808.tar	root/autodl-tmp/ucl_eomt_per_image/driver_logs/bpd_dinov3_seed0_permutation.log
/mnt/d/download/Project coding/EOMT/checkpoint_backups/ucl-bpd-eomt-dinov3-5seed-and-complete-30of30-20260808.tar	root/autodl-tmp/ucl_eomt_per_image/driver_logs/bpd_dinov3_seed123_fixed.log
/mnt/d/download/Project coding/EOMT/checkpoint_backups/ucl-bpd-eomt-dinov3-5seed-and-complete-30of30-20260808.tar	root/autodl-tmp/ucl_eomt_per_image/driver_logs/bpd_dinov3_seed123_order.log
/mnt/d/download/Project coding/EOMT/checkpoint_backups/ucl-bpd-eomt-dinov3-5seed-and-complete-30of30-20260808.tar	root/autodl-tmp/ucl_eomt_per_image/driver_logs/bpd_dinov3_seed123_permutation.log
/mnt/d/download/Project coding/EOMT/checkpoint_backups/ucl-bpd-eomt-dinov3-5seed-and-complete-30of30-20260808.tar	root/autodl-tmp/ucl_eomt_per_image/driver_logs/bpd_dinov3_seed2024_fixed.log
/mnt/d/download/Project coding/EOMT/checkpoint_backups/ucl-bpd-eomt-dinov3-5seed-and-complete-30of30-20260808.tar	root/autodl-tmp/ucl_eomt_per_image/driver_logs/bpd_dinov3_seed2024_order.log
/mnt/d/download/Project coding/EOMT/checkpoint_backups/ucl-bpd-eomt-dinov3-5seed-and-complete-30of30-20260808.tar	root/autodl-tmp/ucl_eomt_per_image/driver_logs/bpd_dinov3_seed2024_permutation.log
/mnt/d/download/Project coding/EOMT/checkpoint_backups/ucl-bpd-eomt-dinov3-5seed-and-complete-30of30-20260808.tar	root/autodl-tmp/ucl_eomt_per_image/driver_logs/bpd_dinov3_seed3407_fixed.log
/mnt/d/download/Project coding/EOMT/checkpoint_backups/ucl-bpd-eomt-dinov3-5seed-and-complete-30of30-20260808.tar	root/autodl-tmp/ucl_eomt_per_image/driver_logs/bpd_dinov3_seed3407_order.log
/mnt/d/download/Project coding/EOMT/checkpoint_backups/ucl-bpd-eomt-dinov3-5seed-and-complete-30of30-20260808.tar	root/autodl-tmp/ucl_eomt_per_image/driver_logs/bpd_dinov3_seed3407_permutation.log
/mnt/d/download/Project coding/EOMT/checkpoint_backups/ucl-bpd-eomt-dinov3-5seed-and-complete-30of30-20260808.tar	root/autodl-tmp/ucl_eomt_per_image/driver_logs/bpd_dinov3_seed42_fixed.log
/mnt/d/download/Project coding/EOMT/checkpoint_backups/ucl-bpd-eomt-dinov3-5seed-and-complete-30of30-20260808.tar	root/autodl-tmp/ucl_eomt_per_image/driver_logs/bpd_dinov3_seed42_order.log
/mnt/d/download/Project coding/EOMT/checkpoint_backups/ucl-bpd-eomt-dinov3-5seed-and-complete-30of30-20260808.tar	root/autodl-tmp/ucl_eomt_per_image/driver_logs/bpd_dinov3_seed42_permutation.log
/mnt/d/download/Project coding/EOMT/checkpoint_backups/ucl-bpd-eomt-dinov3-5seed-and-complete-30of30-20260808.tar	root/autodl-tmp/endpoint_ordering_analysis/permutation_invariant_final_20260808_complete_30of30/
/mnt/d/download/Project coding/EOMT/checkpoint_backups/ucl-bpd-eomt-dinov3-5seed-and-complete-30of30-20260808.tar	root/autodl-tmp/endpoint_ordering_analysis/permutation_invariant_final_20260808_complete_30of30/common_subset/
/mnt/d/download/Project coding/EOMT/checkpoint_backups/ucl-bpd-eomt-dinov3-5seed-and-complete-30of30-20260808.tar	root/autodl-tmp/endpoint_ordering_analysis/permutation_invariant_final_20260808_complete_30of30/common_subset/ucl_bpd_hrnet_per_image.csv
/mnt/d/download/Project coding/EOMT/checkpoint_backups/ucl-bpd-eomt-dinov3-5seed-and-complete-30of30-20260808.tar	root/autodl-tmp/endpoint_ordering_analysis/permutation_invariant_final_20260808_complete_30of30/common_subset/ucl_bpd_eomt_dinov2_per_image.csv
/mnt/d/download/Project coding/EOMT/checkpoint_backups/ucl-bpd-eomt-dinov3-5seed-and-complete-30of30-20260808.tar	root/autodl-tmp/endpoint_ordering_analysis/permutation_invariant_final_20260808_complete_30of30/common_subset/ucl_bpd_eomt_dinov3_per_image.csv
/mnt/d/download/Project coding/EOMT/checkpoint_backups/ucl-bpd-eomt-dinov3-5seed-and-complete-30of30-20260808.tar	root/autodl-tmp/endpoint_ordering_analysis/permutation_invariant_final_20260808_complete_30of30/common_subset/ucl_ofd_hrnet_per_image.csv
/mnt/d/download/Project coding/EOMT/checkpoint_backups/ucl-bpd-eomt-dinov3-5seed-and-complete-30of30-20260808.tar	root/autodl-tmp/endpoint_ordering_analysis/permutation_invariant_final_20260808_complete_30of30/common_subset/ucl_ofd_eomt_dinov2_per_image.csv
/mnt/d/download/Project coding/EOMT/checkpoint_backups/ucl-bpd-eomt-dinov3-5seed-and-complete-30of30-20260808.tar	root/autodl-tmp/endpoint_ordering_analysis/permutation_invariant_final_20260808_complete_30of30/common_subset/ucl_ofd_eomt_dinov3_per_image.csv
/mnt/d/download/Project coding/EOMT/checkpoint_backups/ucl-bpd-eomt-dinov3-5seed-and-complete-30of30-20260808.tar	root/autodl-tmp/endpoint_ordering_analysis/permutation_invariant_final_20260808_complete_30of30/common_subset/ucl_apad_hrnet_per_image.csv
/mnt/d/download/Project coding/EOMT/checkpoint_backups/ucl-bpd-eomt-dinov3-5seed-and-complete-30of30-20260808.tar	root/autodl-tmp/endpoint_ordering_analysis/permutation_invariant_final_20260808_complete_30of30/common_subset/ucl_apad_eomt_dinov2_per_image.csv
/mnt/d/download/Project coding/EOMT/checkpoint_backups/ucl-bpd-eomt-dinov3-5seed-and-complete-30of30-20260808.tar	root/autodl-tmp/endpoint_ordering_analysis/permutation_invariant_final_20260808_complete_30of30/common_subset/ucl_apad_eomt_dinov3_per_image.csv
/mnt/d/download/Project coding/EOMT/checkpoint_backups/ucl-bpd-eomt-dinov3-5seed-and-complete-30of30-20260808.tar	root/autodl-tmp/endpoint_ordering_analysis/permutation_invariant_final_20260808_complete_30of30/common_subset/ucl_tad_hrnet_per_image.csv
/mnt/d/download/Project coding/EOMT/checkpoint_backups/ucl-bpd-eomt-dinov3-5seed-and-complete-30of30-20260808.tar	root/autodl-tmp/endpoint_ordering_analysis/permutation_invariant_final_20260808_complete_30of30/common_subset/ucl_tad_eomt_dinov2_per_image.csv
/mnt/d/download/Project coding/EOMT/checkpoint_backups/ucl-bpd-eomt-dinov3-5seed-and-complete-30of30-20260808.tar	root/autodl-tmp/endpoint_ordering_analysis/permutation_invariant_final_20260808_complete_30of30/common_subset/ucl_tad_eomt_dinov3_per_image.csv
/mnt/d/download/Project coding/EOMT/checkpoint_backups/ucl-bpd-eomt-dinov3-5seed-and-complete-30of30-20260808.tar	root/autodl-tmp/endpoint_ordering_analysis/permutation_invariant_final_20260808_complete_30of30/common_subset/ucl_fl_hrnet_per_image.csv
/mnt/d/download/Project coding/EOMT/checkpoint_backups/ucl-bpd-eomt-dinov3-5seed-and-complete-30of30-20260808.tar	root/autodl-tmp/endpoint_ordering_analysis/permutation_invariant_final_20260808_complete_30of30/common_subset/ucl_fl_eomt_dinov2_per_image.csv
/mnt/d/download/Project coding/EOMT/checkpoint_backups/ucl-bpd-eomt-dinov3-5seed-and-complete-30of30-20260808.tar	root/autodl-tmp/endpoint_ordering_analysis/permutation_invariant_final_20260808_complete_30of30/common_subset/ucl_fl_eomt_dinov3_per_image.csv
/mnt/d/download/Project coding/EOMT/checkpoint_backups/ucl-bpd-eomt-dinov3-5seed-and-complete-30of30-20260808.tar	root/autodl-tmp/endpoint_ordering_analysis/permutation_invariant_final_20260808_complete_30of30/common_subset/multicentre_bpd_hrnet_per_image.csv
/mnt/d/download/Project coding/EOMT/checkpoint_backups/ucl-bpd-eomt-dinov3-5seed-and-complete-30of30-20260808.tar	root/autodl-tmp/endpoint_ordering_analysis/permutation_invariant_final_20260808_complete_30of30/common_subset/multicentre_bpd_eomt_dinov2_per_image.csv
/mnt/d/download/Project coding/EOMT/checkpoint_backups/ucl-bpd-eomt-dinov3-5seed-and-complete-30of30-20260808.tar	root/autodl-tmp/endpoint_ordering_analysis/permutation_invariant_final_20260808_complete_30of30/common_subset/multicentre_bpd_eomt_dinov3_per_image.csv
/mnt/d/download/Project coding/EOMT/checkpoint_backups/ucl-bpd-eomt-dinov3-5seed-and-complete-30of30-20260808.tar	root/autodl-tmp/endpoint_ordering_analysis/permutation_invariant_final_20260808_complete_30of30/common_subset/multicentre_ofd_hrnet_per_image.csv
/mnt/d/download/Project coding/EOMT/checkpoint_backups/ucl-bpd-eomt-dinov3-5seed-and-complete-30of30-20260808.tar	root/autodl-tmp/endpoint_ordering_analysis/permutation_invariant_final_20260808_complete_30of30/common_subset/multicentre_ofd_eomt_dinov2_per_image.csv
/mnt/d/download/Project coding/EOMT/checkpoint_backups/ucl-bpd-eomt-dinov3-5seed-and-complete-30of30-20260808.tar	root/autodl-tmp/endpoint_ordering_analysis/permutation_invariant_final_20260808_complete_30of30/common_subset/multicentre_ofd_eomt_dinov3_per_image.csv
/mnt/d/download/Project coding/EOMT/checkpoint_backups/ucl-bpd-eomt-dinov3-5seed-and-complete-30of30-20260808.tar	root/autodl-tmp/endpoint_ordering_analysis/permutation_invariant_final_20260808_complete_30of30/common_subset/multicentre_apad_hrnet_per_image.csv
/mnt/d/download/Project coding/EOMT/checkpoint_backups/ucl-bpd-eomt-dinov3-5seed-and-complete-30of30-20260808.tar	root/autodl-tmp/endpoint_ordering_analysis/permutation_invariant_final_20260808_complete_30of30/common_subset/multicentre_apad_eomt_dinov2_per_image.csv
/mnt/d/download/Project coding/EOMT/checkpoint_backups/ucl-bpd-eomt-dinov3-5seed-and-complete-30of30-20260808.tar	root/autodl-tmp/endpoint_ordering_analysis/permutation_invariant_final_20260808_complete_30of30/common_subset/multicentre_apad_eomt_dinov3_per_image.csv
/mnt/d/download/Project coding/EOMT/checkpoint_backups/ucl-bpd-eomt-dinov3-5seed-and-complete-30of30-20260808.tar	root/autodl-tmp/endpoint_ordering_analysis/permutation_invariant_final_20260808_complete_30of30/common_subset/multicentre_tad_hrnet_per_image.csv
/mnt/d/download/Project coding/EOMT/checkpoint_backups/ucl-bpd-eomt-dinov3-5seed-and-complete-30of30-20260808.tar	root/autodl-tmp/endpoint_ordering_analysis/permutation_invariant_final_20260808_complete_30of30/common_subset/multicentre_tad_eomt_dinov2_per_image.csv
/mnt/d/download/Project coding/EOMT/checkpoint_backups/ucl-bpd-eomt-dinov3-5seed-and-complete-30of30-20260808.tar	root/autodl-tmp/endpoint_ordering_analysis/permutation_invariant_final_20260808_complete_30of30/common_subset/multicentre_tad_eomt_dinov3_per_image.csv
/mnt/d/download/Project coding/EOMT/checkpoint_backups/ucl-bpd-eomt-dinov3-5seed-and-complete-30of30-20260808.tar	root/autodl-tmp/endpoint_ordering_analysis/permutation_invariant_final_20260808_complete_30of30/common_subset/multicentre_fl_hrnet_per_image.csv
/mnt/d/download/Project coding/EOMT/checkpoint_backups/ucl-bpd-eomt-dinov3-5seed-and-complete-30of30-20260808.tar	root/autodl-tmp/endpoint_ordering_analysis/permutation_invariant_final_20260808_complete_30of30/common_subset/multicentre_fl_eomt_dinov2_per_image.csv
/mnt/d/download/Project coding/EOMT/checkpoint_backups/ucl-bpd-eomt-dinov3-5seed-and-complete-30of30-20260808.tar	root/autodl-tmp/endpoint_ordering_analysis/permutation_invariant_final_20260808_complete_30of30/common_subset/multicentre_fl_eomt_dinov3_per_image.csv
/mnt/d/download/Project coding/EOMT/checkpoint_backups/ucl-bpd-eomt-dinov3-5seed-and-complete-30of30-20260808.tar	root/autodl-tmp/endpoint_ordering_analysis/permutation_invariant_final_20260808_complete_30of30/common_subset/endpoint_ordering_seed_summary.tsv
/mnt/d/download/Project coding/EOMT/checkpoint_backups/ucl-bpd-eomt-dinov3-5seed-and-complete-30of30-20260808.tar	root/autodl-tmp/endpoint_ordering_analysis/permutation_invariant_final_20260808_complete_30of30/common_subset/endpoint_ordering_summary.tsv
/mnt/d/download/Project coding/EOMT/checkpoint_backups/ucl-bpd-eomt-dinov3-5seed-and-complete-30of30-20260808.tar	root/autodl-tmp/endpoint_ordering_analysis/permutation_invariant_final_20260808_complete_30of30/ucl_bpd_hrnet_per_image.csv
/mnt/d/download/Project coding/EOMT/checkpoint_backups/ucl-bpd-eomt-dinov3-5seed-and-complete-30of30-20260808.tar	root/autodl-tmp/endpoint_ordering_analysis/permutation_invariant_final_20260808_complete_30of30/ucl_bpd_eomt_dinov2_per_image.csv
/mnt/d/download/Project coding/EOMT/checkpoint_backups/ucl-bpd-eomt-dinov3-5seed-and-complete-30of30-20260808.tar	root/autodl-tmp/endpoint_ordering_analysis/permutation_invariant_final_20260808_complete_30of30/ucl_bpd_eomt_dinov3_per_image.csv
/mnt/d/download/Project coding/EOMT/checkpoint_backups/ucl-bpd-eomt-dinov3-5seed-and-complete-30of30-20260808.tar	root/autodl-tmp/endpoint_ordering_analysis/permutation_invariant_final_20260808_complete_30of30/ucl_ofd_hrnet_per_image.csv
/mnt/d/download/Project coding/EOMT/checkpoint_backups/ucl-bpd-eomt-dinov3-5seed-and-complete-30of30-20260808.tar	root/autodl-tmp/endpoint_ordering_analysis/permutation_invariant_final_20260808_complete_30of30/ucl_ofd_eomt_dinov2_per_image.csv
/mnt/d/download/Project coding/EOMT/checkpoint_backups/ucl-bpd-eomt-dinov3-5seed-and-complete-30of30-20260808.tar	root/autodl-tmp/endpoint_ordering_analysis/permutation_invariant_final_20260808_complete_30of30/ucl_ofd_eomt_dinov3_per_image.csv
/mnt/d/download/Project coding/EOMT/checkpoint_backups/ucl-bpd-eomt-dinov3-5seed-and-complete-30of30-20260808.tar	root/autodl-tmp/endpoint_ordering_analysis/permutation_invariant_final_20260808_complete_30of30/ucl_apad_hrnet_per_image.csv
/mnt/d/download/Project coding/EOMT/checkpoint_backups/ucl-bpd-eomt-dinov3-5seed-and-complete-30of30-20260808.tar	root/autodl-tmp/endpoint_ordering_analysis/permutation_invariant_final_20260808_complete_30of30/ucl_apad_eomt_dinov2_per_image.csv
/mnt/d/download/Project coding/EOMT/checkpoint_backups/ucl-bpd-eomt-dinov3-5seed-and-complete-30of30-20260808.tar	root/autodl-tmp/endpoint_ordering_analysis/permutation_invariant_final_20260808_complete_30of30/ucl_apad_eomt_dinov3_per_image.csv
/mnt/d/download/Project coding/EOMT/checkpoint_backups/ucl-bpd-eomt-dinov3-5seed-and-complete-30of30-20260808.tar	root/autodl-tmp/endpoint_ordering_analysis/permutation_invariant_final_20260808_complete_30of30/ucl_tad_hrnet_per_image.csv
/mnt/d/download/Project coding/EOMT/checkpoint_backups/ucl-bpd-eomt-dinov3-5seed-and-complete-30of30-20260808.tar	root/autodl-tmp/endpoint_ordering_analysis/permutation_invariant_final_20260808_complete_30of30/ucl_tad_eomt_dinov2_per_image.csv
/mnt/d/download/Project coding/EOMT/checkpoint_backups/ucl-bpd-eomt-dinov3-5seed-and-complete-30of30-20260808.tar	root/autodl-tmp/endpoint_ordering_analysis/permutation_invariant_final_20260808_complete_30of30/ucl_tad_eomt_dinov3_per_image.csv
/mnt/d/download/Project coding/EOMT/checkpoint_backups/ucl-bpd-eomt-dinov3-5seed-and-complete-30of30-20260808.tar	root/autodl-tmp/endpoint_ordering_analysis/permutation_invariant_final_20260808_complete_30of30/ucl_fl_hrnet_per_image.csv
/mnt/d/download/Project coding/EOMT/checkpoint_backups/ucl-bpd-eomt-dinov3-5seed-and-complete-30of30-20260808.tar	root/autodl-tmp/endpoint_ordering_analysis/permutation_invariant_final_20260808_complete_30of30/ucl_fl_eomt_dinov2_per_image.csv
/mnt/d/download/Project coding/EOMT/checkpoint_backups/ucl-bpd-eomt-dinov3-5seed-and-complete-30of30-20260808.tar	root/autodl-tmp/endpoint_ordering_analysis/permutation_invariant_final_20260808_complete_30of30/ucl_fl_eomt_dinov3_per_image.csv
/mnt/d/download/Project coding/EOMT/checkpoint_backups/ucl-bpd-eomt-dinov3-5seed-and-complete-30of30-20260808.tar	root/autodl-tmp/endpoint_ordering_analysis/permutation_invariant_final_20260808_complete_30of30/multicentre_bpd_hrnet_per_image.csv
/mnt/d/download/Project coding/EOMT/checkpoint_backups/ucl-bpd-eomt-dinov3-5seed-and-complete-30of30-20260808.tar	root/autodl-tmp/endpoint_ordering_analysis/permutation_invariant_final_20260808_complete_30of30/multicentre_bpd_eomt_dinov2_per_image.csv
/mnt/d/download/Project coding/EOMT/checkpoint_backups/ucl-bpd-eomt-dinov3-5seed-and-complete-30of30-20260808.tar	root/autodl-tmp/endpoint_ordering_analysis/permutation_invariant_final_20260808_complete_30of30/multicentre_bpd_eomt_dinov3_per_image.csv
/mnt/d/download/Project coding/EOMT/checkpoint_backups/ucl-bpd-eomt-dinov3-5seed-and-complete-30of30-20260808.tar	root/autodl-tmp/endpoint_ordering_analysis/permutation_invariant_final_20260808_complete_30of30/multicentre_ofd_hrnet_per_image.csv
/mnt/d/download/Project coding/EOMT/checkpoint_backups/ucl-bpd-eomt-dinov3-5seed-and-complete-30of30-20260808.tar	root/autodl-tmp/endpoint_ordering_analysis/permutation_invariant_final_20260808_complete_30of30/multicentre_ofd_eomt_dinov2_per_image.csv
/mnt/d/download/Project coding/EOMT/checkpoint_backups/ucl-bpd-eomt-dinov3-5seed-and-complete-30of30-20260808.tar	root/autodl-tmp/endpoint_ordering_analysis/permutation_invariant_final_20260808_complete_30of30/multicentre_ofd_eomt_dinov3_per_image.csv
/mnt/d/download/Project coding/EOMT/checkpoint_backups/ucl-bpd-eomt-dinov3-5seed-and-complete-30of30-20260808.tar	root/autodl-tmp/endpoint_ordering_analysis/permutation_invariant_final_20260808_complete_30of30/multicentre_apad_hrnet_per_image.csv
/mnt/d/download/Project coding/EOMT/checkpoint_backups/ucl-bpd-eomt-dinov3-5seed-and-complete-30of30-20260808.tar	root/autodl-tmp/endpoint_ordering_analysis/permutation_invariant_final_20260808_complete_30of30/multicentre_apad_eomt_dinov2_per_image.csv
/mnt/d/download/Project coding/EOMT/checkpoint_backups/ucl-bpd-eomt-dinov3-5seed-and-complete-30of30-20260808.tar	root/autodl-tmp/endpoint_ordering_analysis/permutation_invariant_final_20260808_complete_30of30/multicentre_apad_eomt_dinov3_per_image.csv
/mnt/d/download/Project coding/EOMT/checkpoint_backups/ucl-bpd-eomt-dinov3-5seed-and-complete-30of30-20260808.tar	root/autodl-tmp/endpoint_ordering_analysis/permutation_invariant_final_20260808_complete_30of30/multicentre_tad_hrnet_per_image.csv
/mnt/d/download/Project coding/EOMT/checkpoint_backups/ucl-bpd-eomt-dinov3-5seed-and-complete-30of30-20260808.tar	root/autodl-tmp/endpoint_ordering_analysis/permutation_invariant_final_20260808_complete_30of30/multicentre_tad_eomt_dinov2_per_image.csv
/mnt/d/download/Project coding/EOMT/checkpoint_backups/ucl-bpd-eomt-dinov3-5seed-and-complete-30of30-20260808.tar	root/autodl-tmp/endpoint_ordering_analysis/permutation_invariant_final_20260808_complete_30of30/multicentre_tad_eomt_dinov3_per_image.csv
/mnt/d/download/Project coding/EOMT/checkpoint_backups/ucl-bpd-eomt-dinov3-5seed-and-complete-30of30-20260808.tar	root/autodl-tmp/endpoint_ordering_analysis/permutation_invariant_final_20260808_complete_30of30/multicentre_fl_hrnet_per_image.csv
/mnt/d/download/Project coding/EOMT/checkpoint_backups/ucl-bpd-eomt-dinov3-5seed-and-complete-30of30-20260808.tar	root/autodl-tmp/endpoint_ordering_analysis/permutation_invariant_final_20260808_complete_30of30/multicentre_fl_eomt_dinov2_per_image.csv
/mnt/d/download/Project coding/EOMT/checkpoint_backups/ucl-bpd-eomt-dinov3-5seed-and-complete-30of30-20260808.tar	root/autodl-tmp/endpoint_ordering_analysis/permutation_invariant_final_20260808_complete_30of30/multicentre_fl_eomt_dinov3_per_image.csv
/mnt/d/download/Project coding/EOMT/checkpoint_backups/ucl-bpd-eomt-dinov3-5seed-and-complete-30of30-20260808.tar	root/autodl-tmp/endpoint_ordering_analysis/permutation_invariant_final_20260808_complete_30of30/endpoint_ordering_seed_summary.tsv
/mnt/d/download/Project coding/EOMT/checkpoint_backups/ucl-bpd-eomt-dinov3-5seed-and-complete-30of30-20260808.tar	root/autodl-tmp/endpoint_ordering_analysis/permutation_invariant_final_20260808_complete_30of30/endpoint_ordering_summary.tsv
/mnt/d/download/Project coding/EOMT/checkpoint_backups/ucl-bpd-eomt-dinov3-5seed-and-complete-30of30-20260808.tar	root/autodl-tmp/endpoint_ordering_analysis/permutation_invariant_final_20260808_complete_30of30/raw_channel_vs_prediction_xsort_summary.tsv
/mnt/d/download/Project coding/EOMT/checkpoint_backups/ucl-bpd-eomt-dinov3-5seed-and-complete-30of30-20260808.tar	root/autodl-tmp/endpoint_ordering_analysis/permutation_invariant_final_20260808_complete_30of30/correspondence_diagnostic_summary.tsv
/mnt/d/download/Project coding/EOMT/checkpoint_backups/ucl-bpd-eomt-dinov3-5seed-and-complete-30of30-20260808.tar	root/autodl-tmp/endpoint_ordering_analysis/permutation_invariant_final_20260808_complete_30of30/dod_vectors.tsv
/mnt/d/download/Project coding/EOMT/checkpoint_backups/ucl-bpd-eomt-dinov3-5seed-and-complete-30of30-20260808.tar	root/autodl-tmp/endpoint_ordering_analysis/permutation_invariant_final_20260808_complete_30of30/excluded_images.tsv
/mnt/d/download/Project coding/EOMT/checkpoint_backups/ucl-bpd-eomt-dinov3-5seed-and-complete-30of30-20260808.tar	root/autodl-tmp/endpoint_ordering_analysis/permutation_invariant_final_20260808_complete_30of30/cross_method_gt_consistency_warnings.tsv
/mnt/d/download/Project coding/EOMT/checkpoint_backups/ucl-bpd-eomt-dinov3-5seed-and-complete-30of30-20260808.tar	root/autodl-tmp/endpoint_ordering_analysis/permutation_invariant_final_20260808_complete_30of30/permutation_invariant_nme_final_table.tsv
/mnt/d/download/Project coding/EOMT/checkpoint_backups/ucl-bpd-eomt-dinov3-5seed-and-complete-30of30-20260808.tar	root/autodl-tmp/endpoint_ordering_analysis/permutation_invariant_final_20260808_complete_30of30/permutation_invariant_nme_final_table.md
/mnt/d/download/Project coding/EOMT/checkpoint_backups/ucl-eomt-paired-analysis.tar	ucl_eomt_per_image/
/mnt/d/download/Project coding/EOMT/checkpoint_backups/ucl-eomt-paired-analysis.tar	ucl_eomt_per_image/driver_logs/
/mnt/d/download/Project coding/EOMT/checkpoint_backups/ucl-eomt-paired-analysis.tar	ucl_eomt_per_image/driver_logs/ofd_dinov2_seed42_order.log
/mnt/d/download/Project coding/EOMT/checkpoint_backups/ucl-eomt-paired-analysis.tar	ucl_eomt_per_image/driver_logs/ofd_dinov2_seed42_fixed.log
/mnt/d/download/Project coding/EOMT/checkpoint_backups/ucl-eomt-paired-analysis.tar	ucl_eomt_per_image/driver_logs/ofd_dinov2_seed42_swap.log
/mnt/d/download/Project coding/EOMT/checkpoint_backups/ucl-eomt-paired-analysis.tar	ucl_eomt_per_image/driver_logs/ofd_dinov2_seed0_order.log
/mnt/d/download/Project coding/EOMT/checkpoint_backups/ucl-eomt-paired-analysis.tar	ucl_eomt_per_image/driver_logs/ofd_dinov2_seed0_fixed.log
/mnt/d/download/Project coding/EOMT/checkpoint_backups/ucl-eomt-paired-analysis.tar	ucl_eomt_per_image/driver_logs/ofd_dinov2_seed0_swap.log
/mnt/d/download/Project coding/EOMT/checkpoint_backups/ucl-eomt-paired-analysis.tar	ucl_eomt_per_image/driver_logs/ofd_dinov2_seed123_order.log
/mnt/d/download/Project coding/EOMT/checkpoint_backups/ucl-eomt-paired-analysis.tar	ucl_eomt_per_image/driver_logs/ofd_dinov2_seed123_fixed.log
/mnt/d/download/Project coding/EOMT/checkpoint_backups/ucl-eomt-paired-analysis.tar	ucl_eomt_per_image/driver_logs/ofd_dinov2_seed123_swap.log
/mnt/d/download/Project coding/EOMT/checkpoint_backups/ucl-eomt-paired-analysis.tar	ucl_eomt_per_image/driver_logs/ofd_dinov2_seed2024_order.log
/mnt/d/download/Project coding/EOMT/checkpoint_backups/ucl-eomt-paired-analysis.tar	ucl_eomt_per_image/driver_logs/ofd_dinov2_seed2024_fixed.log
/mnt/d/download/Project coding/EOMT/checkpoint_backups/ucl-eomt-paired-analysis.tar	ucl_eomt_per_image/driver_logs/ofd_dinov2_seed2024_swap.log
/mnt/d/download/Project coding/EOMT/checkpoint_backups/ucl-eomt-paired-analysis.tar	ucl_eomt_per_image/driver_logs/ofd_dinov2_seed3407_order.log
/mnt/d/download/Project coding/EOMT/checkpoint_backups/ucl-eomt-paired-analysis.tar	ucl_eomt_per_image/driver_logs/ofd_dinov2_seed3407_fixed.log
/mnt/d/download/Project coding/EOMT/checkpoint_backups/ucl-eomt-paired-analysis.tar	ucl_eomt_per_image/driver_logs/ofd_dinov2_seed3407_swap.log
/mnt/d/download/Project coding/EOMT/checkpoint_backups/ucl-eomt-paired-analysis.tar	ucl_eomt_per_image/driver_logs/ofd_dinov3_seed42_order.log
/mnt/d/download/Project coding/EOMT/checkpoint_backups/ucl-eomt-paired-analysis.tar	ucl_eomt_per_image/driver_logs/ofd_dinov3_seed42_fixed.log
/mnt/d/download/Project coding/EOMT/checkpoint_backups/ucl-eomt-paired-analysis.tar	ucl_eomt_per_image/driver_logs/ofd_dinov3_seed42_swap.log
/mnt/d/download/Project coding/EOMT/checkpoint_backups/ucl-eomt-paired-analysis.tar	ucl_eomt_per_image/driver_logs/ofd_dinov3_seed0_order.log
/mnt/d/download/Project coding/EOMT/checkpoint_backups/ucl-eomt-paired-analysis.tar	ucl_eomt_per_image/driver_logs/ofd_dinov3_seed0_fixed.log
/mnt/d/download/Project coding/EOMT/checkpoint_backups/ucl-eomt-paired-analysis.tar	ucl_eomt_per_image/driver_logs/ofd_dinov3_seed0_swap.log
/mnt/d/download/Project coding/EOMT/checkpoint_backups/ucl-eomt-paired-analysis.tar	ucl_eomt_per_image/driver_logs/ofd_dinov3_seed123_order.log
/mnt/d/download/Project coding/EOMT/checkpoint_backups/ucl-eomt-paired-analysis.tar	ucl_eomt_per_image/driver_logs/ofd_dinov3_seed123_fixed.log
/mnt/d/download/Project coding/EOMT/checkpoint_backups/ucl-eomt-paired-analysis.tar	ucl_eomt_per_image/driver_logs/ofd_dinov3_seed123_swap.log
/mnt/d/download/Project coding/EOMT/checkpoint_backups/ucl-eomt-paired-analysis.tar	ucl_eomt_per_image/driver_logs/ofd_dinov3_seed2024_order.log
/mnt/d/download/Project coding/EOMT/checkpoint_backups/ucl-eomt-paired-analysis.tar	ucl_eomt_per_image/driver_logs/ofd_dinov3_seed2024_fixed.log
/mnt/d/download/Project coding/EOMT/checkpoint_backups/ucl-eomt-paired-analysis.tar	ucl_eomt_per_image/driver_logs/ofd_dinov3_seed2024_swap.log
/mnt/d/download/Project coding/EOMT/checkpoint_backups/ucl-eomt-paired-analysis.tar	ucl_eomt_per_image/driver_logs/ofd_dinov3_seed3407_order.log
/mnt/d/download/Project coding/EOMT/checkpoint_backups/ucl-eomt-paired-analysis.tar	ucl_eomt_per_image/driver_logs/ofd_dinov3_seed3407_fixed.log
/mnt/d/download/Project coding/EOMT/checkpoint_backups/ucl-eomt-paired-analysis.tar	ucl_eomt_per_image/driver_logs/ofd_dinov3_seed3407_swap.log
/mnt/d/download/Project coding/EOMT/checkpoint_backups/ucl-eomt-paired-analysis.tar	ucl_eomt_per_image/driver_logs/apad_dinov2_seed42_order.log
/mnt/d/download/Project coding/EOMT/checkpoint_backups/ucl-eomt-paired-analysis.tar	ucl_eomt_per_image/driver_logs/apad_dinov2_seed42_fixed.log
/mnt/d/download/Project coding/EOMT/checkpoint_backups/ucl-eomt-paired-analysis.tar	ucl_eomt_per_image/driver_logs/apad_dinov2_seed42_swap.log
/mnt/d/download/Project coding/EOMT/checkpoint_backups/ucl-eomt-paired-analysis.tar	ucl_eomt_per_image/driver_logs/apad_dinov2_seed0_order.log
/mnt/d/download/Project coding/EOMT/checkpoint_backups/ucl-eomt-paired-analysis.tar	ucl_eomt_per_image/driver_logs/apad_dinov2_seed0_fixed.log
/mnt/d/download/Project coding/EOMT/checkpoint_backups/ucl-eomt-paired-analysis.tar	ucl_eomt_per_image/driver_logs/apad_dinov2_seed0_swap.log
/mnt/d/download/Project coding/EOMT/checkpoint_backups/ucl-eomt-paired-analysis.tar	ucl_eomt_per_image/driver_logs/apad_dinov2_seed123_order.log
/mnt/d/download/Project coding/EOMT/checkpoint_backups/ucl-eomt-paired-analysis.tar	ucl_eomt_per_image/driver_logs/apad_dinov2_seed123_fixed.log
/mnt/d/download/Project coding/EOMT/checkpoint_backups/ucl-eomt-paired-analysis.tar	ucl_eomt_per_image/driver_logs/apad_dinov2_seed123_swap.log
/mnt/d/download/Project coding/EOMT/checkpoint_backups/ucl-eomt-paired-analysis.tar	ucl_eomt_per_image/driver_logs/apad_dinov2_seed2024_order.log
/mnt/d/download/Project coding/EOMT/checkpoint_backups/ucl-eomt-paired-analysis.tar	ucl_eomt_per_image/driver_logs/apad_dinov2_seed2024_fixed.log
/mnt/d/download/Project coding/EOMT/checkpoint_backups/ucl-eomt-paired-analysis.tar	ucl_eomt_per_image/driver_logs/apad_dinov2_seed2024_swap.log
/mnt/d/download/Project coding/EOMT/checkpoint_backups/ucl-eomt-paired-analysis.tar	ucl_eomt_per_image/driver_logs/apad_dinov2_seed3407_order.log
/mnt/d/download/Project coding/EOMT/checkpoint_backups/ucl-eomt-paired-analysis.tar	ucl_eomt_per_image/driver_logs/apad_dinov2_seed3407_fixed.log
/mnt/d/download/Project coding/EOMT/checkpoint_backups/ucl-eomt-paired-analysis.tar	ucl_eomt_per_image/driver_logs/apad_dinov2_seed3407_swap.log
/mnt/d/download/Project coding/EOMT/checkpoint_backups/ucl-eomt-paired-analysis.tar	ucl_eomt_per_image/driver_logs/apad_dinov3_seed42_order.log
/mnt/d/download/Project coding/EOMT/checkpoint_backups/ucl-eomt-paired-analysis.tar	ucl_eomt_per_image/driver_logs/apad_dinov3_seed42_fixed.log
/mnt/d/download/Project coding/EOMT/checkpoint_backups/ucl-eomt-paired-analysis.tar	ucl_eomt_per_image/driver_logs/apad_dinov3_seed42_swap.log
/mnt/d/download/Project coding/EOMT/checkpoint_backups/ucl-eomt-paired-analysis.tar	ucl_eomt_per_image/driver_logs/apad_dinov3_seed0_order.log
/mnt/d/download/Project coding/EOMT/checkpoint_backups/ucl-eomt-paired-analysis.tar	ucl_eomt_per_image/driver_logs/apad_dinov3_seed0_fixed.log
/mnt/d/download/Project coding/EOMT/checkpoint_backups/ucl-eomt-paired-analysis.tar	ucl_eomt_per_image/driver_logs/apad_dinov3_seed0_swap.log
/mnt/d/download/Project coding/EOMT/checkpoint_backups/ucl-eomt-paired-analysis.tar	ucl_eomt_per_image/driver_logs/apad_dinov3_seed123_order.log
/mnt/d/download/Project coding/EOMT/checkpoint_backups/ucl-eomt-paired-analysis.tar	ucl_eomt_per_image/driver_logs/apad_dinov3_seed123_fixed.log
/mnt/d/download/Project coding/EOMT/checkpoint_backups/ucl-eomt-paired-analysis.tar	ucl_eomt_per_image/driver_logs/apad_dinov3_seed123_swap.log
/mnt/d/download/Project coding/EOMT/checkpoint_backups/ucl-eomt-paired-analysis.tar	ucl_eomt_per_image/driver_logs/apad_dinov3_seed2024_order.log
/mnt/d/download/Project coding/EOMT/checkpoint_backups/ucl-eomt-paired-analysis.tar	ucl_eomt_per_image/driver_logs/apad_dinov3_seed2024_fixed.log
/mnt/d/download/Project coding/EOMT/checkpoint_backups/ucl-eomt-paired-analysis.tar	ucl_eomt_per_image/driver_logs/apad_dinov3_seed2024_swap.log
/mnt/d/download/Project coding/EOMT/checkpoint_backups/ucl-eomt-paired-analysis.tar	ucl_eomt_per_image/driver_logs/apad_dinov3_seed3407_order.log
/mnt/d/download/Project coding/EOMT/checkpoint_backups/ucl-eomt-paired-analysis.tar	ucl_eomt_per_image/driver_logs/apad_dinov3_seed3407_fixed.log
/mnt/d/download/Project coding/EOMT/checkpoint_backups/ucl-eomt-paired-analysis.tar	ucl_eomt_per_image/driver_logs/apad_dinov3_seed3407_swap.log
/mnt/d/download/Project coding/EOMT/checkpoint_backups/ucl-eomt-paired-analysis.tar	ucl_eomt_per_image/driver_logs/tad_dinov2_seed42_order.log
/mnt/d/download/Project coding/EOMT/checkpoint_backups/ucl-eomt-paired-analysis.tar	ucl_eomt_per_image/driver_logs/tad_dinov2_seed42_fixed.log
/mnt/d/download/Project coding/EOMT/checkpoint_backups/ucl-eomt-paired-analysis.tar	ucl_eomt_per_image/driver_logs/tad_dinov2_seed42_swap.log
/mnt/d/download/Project coding/EOMT/checkpoint_backups/ucl-eomt-paired-analysis.tar	ucl_eomt_per_image/driver_logs/tad_dinov2_seed0_order.log
/mnt/d/download/Project coding/EOMT/checkpoint_backups/ucl-eomt-paired-analysis.tar	ucl_eomt_per_image/driver_logs/tad_dinov2_seed0_fixed.log
/mnt/d/download/Project coding/EOMT/checkpoint_backups/ucl-eomt-paired-analysis.tar	ucl_eomt_per_image/driver_logs/tad_dinov2_seed0_swap.log
/mnt/d/download/Project coding/EOMT/checkpoint_backups/ucl-eomt-paired-analysis.tar	ucl_eomt_per_image/driver_logs/tad_dinov2_seed123_order.log
/mnt/d/download/Project coding/EOMT/checkpoint_backups/ucl-eomt-paired-analysis.tar	ucl_eomt_per_image/driver_logs/tad_dinov2_seed123_fixed.log
/mnt/d/download/Project coding/EOMT/checkpoint_backups/ucl-eomt-paired-analysis.tar	ucl_eomt_per_image/driver_logs/tad_dinov2_seed123_swap.log
/mnt/d/download/Project coding/EOMT/checkpoint_backups/ucl-eomt-paired-analysis.tar	ucl_eomt_per_image/driver_logs/tad_dinov2_seed2024_order.log
/mnt/d/download/Project coding/EOMT/checkpoint_backups/ucl-eomt-paired-analysis.tar	ucl_eomt_per_image/driver_logs/tad_dinov2_seed2024_fixed.log
/mnt/d/download/Project coding/EOMT/checkpoint_backups/ucl-eomt-paired-analysis.tar	ucl_eomt_per_image/driver_logs/tad_dinov2_seed2024_swap.log
/mnt/d/download/Project coding/EOMT/checkpoint_backups/ucl-eomt-paired-analysis.tar	ucl_eomt_per_image/driver_logs/tad_dinov2_seed3407_order.log
/mnt/d/download/Project coding/EOMT/checkpoint_backups/ucl-eomt-paired-analysis.tar	ucl_eomt_per_image/driver_logs/tad_dinov2_seed3407_fixed.log
/mnt/d/download/Project coding/EOMT/checkpoint_backups/ucl-eomt-paired-analysis.tar	ucl_eomt_per_image/driver_logs/tad_dinov2_seed3407_swap.log
/mnt/d/download/Project coding/EOMT/checkpoint_backups/ucl-eomt-paired-analysis.tar	ucl_eomt_per_image/driver_logs/tad_dinov3_seed42_order.log
/mnt/d/download/Project coding/EOMT/checkpoint_backups/ucl-eomt-paired-analysis.tar	ucl_eomt_per_image/driver_logs/tad_dinov3_seed42_fixed.log
/mnt/d/download/Project coding/EOMT/checkpoint_backups/ucl-eomt-paired-analysis.tar	ucl_eomt_per_image/driver_logs/tad_dinov3_seed42_swap.log
/mnt/d/download/Project coding/EOMT/checkpoint_backups/ucl-eomt-paired-analysis.tar	ucl_eomt_per_image/driver_logs/tad_dinov3_seed0_order.log
/mnt/d/download/Project coding/EOMT/checkpoint_backups/ucl-eomt-paired-analysis.tar	ucl_eomt_per_image/driver_logs/tad_dinov3_seed0_fixed.log
/mnt/d/download/Project coding/EOMT/checkpoint_backups/ucl-eomt-paired-analysis.tar	ucl_eomt_per_image/driver_logs/tad_dinov3_seed0_swap.log
/mnt/d/download/Project coding/EOMT/checkpoint_backups/ucl-eomt-paired-analysis.tar	ucl_eomt_per_image/driver_logs/tad_dinov3_seed123_order.log
/mnt/d/download/Project coding/EOMT/checkpoint_backups/ucl-eomt-paired-analysis.tar	ucl_eomt_per_image/driver_logs/tad_dinov3_seed123_fixed.log
/mnt/d/download/Project coding/EOMT/checkpoint_backups/ucl-eomt-paired-analysis.tar	ucl_eomt_per_image/driver_logs/tad_dinov3_seed123_swap.log
/mnt/d/download/Project coding/EOMT/checkpoint_backups/ucl-eomt-paired-analysis.tar	ucl_eomt_per_image/driver_logs/tad_dinov3_seed2024_order.log
/mnt/d/download/Project coding/EOMT/checkpoint_backups/ucl-eomt-paired-analysis.tar	ucl_eomt_per_image/driver_logs/tad_dinov3_seed2024_fixed.log
/mnt/d/download/Project coding/EOMT/checkpoint_backups/ucl-eomt-paired-analysis.tar	ucl_eomt_per_image/driver_logs/tad_dinov3_seed2024_swap.log
/mnt/d/download/Project coding/EOMT/checkpoint_backups/ucl-eomt-paired-analysis.tar	ucl_eomt_per_image/driver_logs/tad_dinov3_seed3407_order.log
/mnt/d/download/Project coding/EOMT/checkpoint_backups/ucl-eomt-paired-analysis.tar	ucl_eomt_per_image/driver_logs/tad_dinov3_seed3407_fixed.log
/mnt/d/download/Project coding/EOMT/checkpoint_backups/ucl-eomt-paired-analysis.tar	ucl_eomt_per_image/driver_logs/tad_dinov3_seed3407_swap.log
/mnt/d/download/Project coding/EOMT/checkpoint_backups/ucl-eomt-paired-analysis.tar	ucl_eomt_per_image/driver_logs/fl_dinov2_seed42_order.log
/mnt/d/download/Project coding/EOMT/checkpoint_backups/ucl-eomt-paired-analysis.tar	ucl_eomt_per_image/driver_logs/fl_dinov2_seed42_fixed.log
/mnt/d/download/Project coding/EOMT/checkpoint_backups/ucl-eomt-paired-analysis.tar	ucl_eomt_per_image/driver_logs/fl_dinov2_seed42_swap.log
/mnt/d/download/Project coding/EOMT/checkpoint_backups/ucl-eomt-paired-analysis.tar	ucl_eomt_per_image/driver_logs/fl_dinov2_seed0_order.log
/mnt/d/download/Project coding/EOMT/checkpoint_backups/ucl-eomt-paired-analysis.tar	ucl_eomt_per_image/driver_logs/fl_dinov2_seed0_fixed.log
/mnt/d/download/Project coding/EOMT/checkpoint_backups/ucl-eomt-paired-analysis.tar	ucl_eomt_per_image/driver_logs/fl_dinov2_seed0_swap.log
/mnt/d/download/Project coding/EOMT/checkpoint_backups/ucl-eomt-paired-analysis.tar	ucl_eomt_per_image/driver_logs/fl_dinov2_seed123_order.log
/mnt/d/download/Project coding/EOMT/checkpoint_backups/ucl-eomt-paired-analysis.tar	ucl_eomt_per_image/driver_logs/fl_dinov2_seed123_fixed.log
/mnt/d/download/Project coding/EOMT/checkpoint_backups/ucl-eomt-paired-analysis.tar	ucl_eomt_per_image/driver_logs/fl_dinov2_seed123_swap.log
/mnt/d/download/Project coding/EOMT/checkpoint_backups/ucl-eomt-paired-analysis.tar	ucl_eomt_per_image/driver_logs/fl_dinov2_seed2024_order.log
/mnt/d/download/Project coding/EOMT/checkpoint_backups/ucl-eomt-paired-analysis.tar	ucl_eomt_per_image/driver_logs/fl_dinov2_seed2024_fixed.log
/mnt/d/download/Project coding/EOMT/checkpoint_backups/ucl-eomt-paired-analysis.tar	ucl_eomt_per_image/driver_logs/fl_dinov2_seed2024_swap.log
/mnt/d/download/Project coding/EOMT/checkpoint_backups/ucl-eomt-paired-analysis.tar	ucl_eomt_per_image/driver_logs/fl_dinov2_seed3407_order.log
/mnt/d/download/Project coding/EOMT/checkpoint_backups/ucl-eomt-paired-analysis.tar	ucl_eomt_per_image/driver_logs/fl_dinov2_seed3407_fixed.log
/mnt/d/download/Project coding/EOMT/checkpoint_backups/ucl-eomt-paired-analysis.tar	ucl_eomt_per_image/driver_logs/fl_dinov2_seed3407_swap.log
/mnt/d/download/Project coding/EOMT/checkpoint_backups/ucl-eomt-paired-analysis.tar	ucl_eomt_per_image/driver_logs/fl_dinov3_seed42_order.log
/mnt/d/download/Project coding/EOMT/checkpoint_backups/ucl-eomt-paired-analysis.tar	ucl_eomt_per_image/driver_logs/fl_dinov3_seed42_fixed.log
/mnt/d/download/Project coding/EOMT/checkpoint_backups/ucl-eomt-paired-analysis.tar	ucl_eomt_per_image/driver_logs/fl_dinov3_seed42_swap.log
/mnt/d/download/Project coding/EOMT/checkpoint_backups/ucl-eomt-paired-analysis.tar	ucl_eomt_per_image/driver_logs/fl_dinov3_seed0_order.log
/mnt/d/download/Project coding/EOMT/checkpoint_backups/ucl-eomt-paired-analysis.tar	ucl_eomt_per_image/driver_logs/fl_dinov3_seed0_fixed.log
/mnt/d/download/Project coding/EOMT/checkpoint_backups/ucl-eomt-paired-analysis.tar	ucl_eomt_per_image/driver_logs/fl_dinov3_seed0_swap.log
/mnt/d/download/Project coding/EOMT/checkpoint_backups/ucl-eomt-paired-analysis.tar	ucl_eomt_per_image/driver_logs/fl_dinov3_seed123_order.log
/mnt/d/download/Project coding/EOMT/checkpoint_backups/ucl-eomt-paired-analysis.tar	ucl_eomt_per_image/driver_logs/fl_dinov3_seed123_fixed.log
/mnt/d/download/Project coding/EOMT/checkpoint_backups/ucl-eomt-paired-analysis.tar	ucl_eomt_per_image/driver_logs/fl_dinov3_seed123_swap.log
/mnt/d/download/Project coding/EOMT/checkpoint_backups/ucl-eomt-paired-analysis.tar	ucl_eomt_per_image/driver_logs/fl_dinov3_seed2024_order.log
/mnt/d/download/Project coding/EOMT/checkpoint_backups/ucl-eomt-paired-analysis.tar	ucl_eomt_per_image/driver_logs/fl_dinov3_seed2024_fixed.log
/mnt/d/download/Project coding/EOMT/checkpoint_backups/ucl-eomt-paired-analysis.tar	ucl_eomt_per_image/driver_logs/fl_dinov3_seed2024_swap.log
/mnt/d/download/Project coding/EOMT/checkpoint_backups/ucl-eomt-paired-analysis.tar	ucl_eomt_per_image/driver_logs/fl_dinov3_seed3407_order.log
/mnt/d/download/Project coding/EOMT/checkpoint_backups/ucl-eomt-paired-analysis.tar	ucl_eomt_per_image/driver_logs/fl_dinov3_seed3407_fixed.log
/mnt/d/download/Project coding/EOMT/checkpoint_backups/ucl-eomt-paired-analysis.tar	ucl_eomt_per_image/driver_logs/fl_dinov3_seed3407_swap.log
/mnt/d/download/Project coding/EOMT/checkpoint_backups/ucl-eomt-paired-analysis.tar	ucl_eomt_per_image/ofd_dinov2/
/mnt/d/download/Project coding/EOMT/checkpoint_backups/ucl-eomt-paired-analysis.tar	ucl_eomt_per_image/ofd_dinov2/seed42/
/mnt/d/download/Project coding/EOMT/checkpoint_backups/ucl-eomt-paired-analysis.tar	ucl_eomt_per_image/ofd_dinov2/seed42/test_image_order.csv
/mnt/d/download/Project coding/EOMT/checkpoint_backups/ucl-eomt-paired-analysis.tar	ucl_eomt_per_image/ofd_dinov2/seed42/final_fixedchannel_per_image.csv
/mnt/d/download/Project coding/EOMT/checkpoint_backups/ucl-eomt-paired-analysis.tar	ucl_eomt_per_image/ofd_dinov2/seed42/final_swapmin_per_image.csv
/mnt/d/download/Project coding/EOMT/checkpoint_backups/ucl-eomt-paired-analysis.tar	ucl_eomt_per_image/ofd_dinov2/seed0/
/mnt/d/download/Project coding/EOMT/checkpoint_backups/ucl-eomt-paired-analysis.tar	ucl_eomt_per_image/ofd_dinov2/seed0/test_image_order.csv
/mnt/d/download/Project coding/EOMT/checkpoint_backups/ucl-eomt-paired-analysis.tar	ucl_eomt_per_image/ofd_dinov2/seed0/final_fixedchannel_per_image.csv
/mnt/d/download/Project coding/EOMT/checkpoint_backups/ucl-eomt-paired-analysis.tar	ucl_eomt_per_image/ofd_dinov2/seed0/final_swapmin_per_image.csv
/mnt/d/download/Project coding/EOMT/checkpoint_backups/ucl-eomt-paired-analysis.tar	ucl_eomt_per_image/ofd_dinov2/seed123/
/mnt/d/download/Project coding/EOMT/checkpoint_backups/ucl-eomt-paired-analysis.tar	ucl_eomt_per_image/ofd_dinov2/seed123/test_image_order.csv
/mnt/d/download/Project coding/EOMT/checkpoint_backups/ucl-eomt-paired-analysis.tar	ucl_eomt_per_image/ofd_dinov2/seed123/final_fixedchannel_per_image.csv
/mnt/d/download/Project coding/EOMT/checkpoint_backups/ucl-eomt-paired-analysis.tar	ucl_eomt_per_image/ofd_dinov2/seed123/final_swapmin_per_image.csv
/mnt/d/download/Project coding/EOMT/checkpoint_backups/ucl-eomt-paired-analysis.tar	ucl_eomt_per_image/ofd_dinov2/seed2024/
/mnt/d/download/Project coding/EOMT/checkpoint_backups/ucl-eomt-paired-analysis.tar	ucl_eomt_per_image/ofd_dinov2/seed2024/test_image_order.csv
/mnt/d/download/Project coding/EOMT/checkpoint_backups/ucl-eomt-paired-analysis.tar	ucl_eomt_per_image/ofd_dinov2/seed2024/final_fixedchannel_per_image.csv
/mnt/d/download/Project coding/EOMT/checkpoint_backups/ucl-eomt-paired-analysis.tar	ucl_eomt_per_image/ofd_dinov2/seed2024/final_swapmin_per_image.csv
/mnt/d/download/Project coding/EOMT/checkpoint_backups/ucl-eomt-paired-analysis.tar	ucl_eomt_per_image/ofd_dinov2/seed3407/
/mnt/d/download/Project coding/EOMT/checkpoint_backups/ucl-eomt-paired-analysis.tar	ucl_eomt_per_image/ofd_dinov2/seed3407/test_image_order.csv
/mnt/d/download/Project coding/EOMT/checkpoint_backups/ucl-eomt-paired-analysis.tar	ucl_eomt_per_image/ofd_dinov2/seed3407/final_fixedchannel_per_image.csv
/mnt/d/download/Project coding/EOMT/checkpoint_backups/ucl-eomt-paired-analysis.tar	ucl_eomt_per_image/ofd_dinov2/seed3407/final_swapmin_per_image.csv
/mnt/d/download/Project coding/EOMT/checkpoint_backups/ucl-eomt-paired-analysis.tar	ucl_eomt_per_image/ofd_dinov3/
/mnt/d/download/Project coding/EOMT/checkpoint_backups/ucl-eomt-paired-analysis.tar	ucl_eomt_per_image/ofd_dinov3/seed42/
/mnt/d/download/Project coding/EOMT/checkpoint_backups/ucl-eomt-paired-analysis.tar	ucl_eomt_per_image/ofd_dinov3/seed42/test_image_order.csv
/mnt/d/download/Project coding/EOMT/checkpoint_backups/ucl-eomt-paired-analysis.tar	ucl_eomt_per_image/ofd_dinov3/seed42/final_fixedchannel_per_image.csv
/mnt/d/download/Project coding/EOMT/checkpoint_backups/ucl-eomt-paired-analysis.tar	ucl_eomt_per_image/ofd_dinov3/seed42/final_swapmin_per_image.csv
/mnt/d/download/Project coding/EOMT/checkpoint_backups/ucl-eomt-paired-analysis.tar	ucl_eomt_per_image/ofd_dinov3/seed0/
/mnt/d/download/Project coding/EOMT/checkpoint_backups/ucl-eomt-paired-analysis.tar	ucl_eomt_per_image/ofd_dinov3/seed0/test_image_order.csv
/mnt/d/download/Project coding/EOMT/checkpoint_backups/ucl-eomt-paired-analysis.tar	ucl_eomt_per_image/ofd_dinov3/seed0/final_fixedchannel_per_image.csv
/mnt/d/download/Project coding/EOMT/checkpoint_backups/ucl-eomt-paired-analysis.tar	ucl_eomt_per_image/ofd_dinov3/seed0/final_swapmin_per_image.csv
/mnt/d/download/Project coding/EOMT/checkpoint_backups/ucl-eomt-paired-analysis.tar	ucl_eomt_per_image/ofd_dinov3/seed123/
/mnt/d/download/Project coding/EOMT/checkpoint_backups/ucl-eomt-paired-analysis.tar	ucl_eomt_per_image/ofd_dinov3/seed123/test_image_order.csv
/mnt/d/download/Project coding/EOMT/checkpoint_backups/ucl-eomt-paired-analysis.tar	ucl_eomt_per_image/ofd_dinov3/seed123/final_fixedchannel_per_image.csv
/mnt/d/download/Project coding/EOMT/checkpoint_backups/ucl-eomt-paired-analysis.tar	ucl_eomt_per_image/ofd_dinov3/seed123/final_swapmin_per_image.csv
/mnt/d/download/Project coding/EOMT/checkpoint_backups/ucl-eomt-paired-analysis.tar	ucl_eomt_per_image/ofd_dinov3/seed2024/
/mnt/d/download/Project coding/EOMT/checkpoint_backups/ucl-eomt-paired-analysis.tar	ucl_eomt_per_image/ofd_dinov3/seed2024/test_image_order.csv
/mnt/d/download/Project coding/EOMT/checkpoint_backups/ucl-eomt-paired-analysis.tar	ucl_eomt_per_image/ofd_dinov3/seed2024/final_fixedchannel_per_image.csv
/mnt/d/download/Project coding/EOMT/checkpoint_backups/ucl-eomt-paired-analysis.tar	ucl_eomt_per_image/ofd_dinov3/seed2024/final_swapmin_per_image.csv
/mnt/d/download/Project coding/EOMT/checkpoint_backups/ucl-eomt-paired-analysis.tar	ucl_eomt_per_image/ofd_dinov3/seed3407/
/mnt/d/download/Project coding/EOMT/checkpoint_backups/ucl-eomt-paired-analysis.tar	ucl_eomt_per_image/ofd_dinov3/seed3407/test_image_order.csv
/mnt/d/download/Project coding/EOMT/checkpoint_backups/ucl-eomt-paired-analysis.tar	ucl_eomt_per_image/ofd_dinov3/seed3407/final_fixedchannel_per_image.csv
/mnt/d/download/Project coding/EOMT/checkpoint_backups/ucl-eomt-paired-analysis.tar	ucl_eomt_per_image/ofd_dinov3/seed3407/final_swapmin_per_image.csv
/mnt/d/download/Project coding/EOMT/checkpoint_backups/ucl-eomt-paired-analysis.tar	ucl_eomt_per_image/apad_dinov2/
/mnt/d/download/Project coding/EOMT/checkpoint_backups/ucl-eomt-paired-analysis.tar	ucl_eomt_per_image/apad_dinov2/seed42/
/mnt/d/download/Project coding/EOMT/checkpoint_backups/ucl-eomt-paired-analysis.tar	ucl_eomt_per_image/apad_dinov2/seed42/test_image_order.csv
/mnt/d/download/Project coding/EOMT/checkpoint_backups/ucl-eomt-paired-analysis.tar	ucl_eomt_per_image/apad_dinov2/seed42/final_fixedchannel_per_image.csv
/mnt/d/download/Project coding/EOMT/checkpoint_backups/ucl-eomt-paired-analysis.tar	ucl_eomt_per_image/apad_dinov2/seed42/final_swapmin_per_image.csv
/mnt/d/download/Project coding/EOMT/checkpoint_backups/ucl-eomt-paired-analysis.tar	ucl_eomt_per_image/apad_dinov2/seed0/
/mnt/d/download/Project coding/EOMT/checkpoint_backups/ucl-eomt-paired-analysis.tar	ucl_eomt_per_image/apad_dinov2/seed0/test_image_order.csv
/mnt/d/download/Project coding/EOMT/checkpoint_backups/ucl-eomt-paired-analysis.tar	ucl_eomt_per_image/apad_dinov2/seed0/final_fixedchannel_per_image.csv
/mnt/d/download/Project coding/EOMT/checkpoint_backups/ucl-eomt-paired-analysis.tar	ucl_eomt_per_image/apad_dinov2/seed0/final_swapmin_per_image.csv
/mnt/d/download/Project coding/EOMT/checkpoint_backups/ucl-eomt-paired-analysis.tar	ucl_eomt_per_image/apad_dinov2/seed123/
/mnt/d/download/Project coding/EOMT/checkpoint_backups/ucl-eomt-paired-analysis.tar	ucl_eomt_per_image/apad_dinov2/seed123/test_image_order.csv
/mnt/d/download/Project coding/EOMT/checkpoint_backups/ucl-eomt-paired-analysis.tar	ucl_eomt_per_image/apad_dinov2/seed123/final_fixedchannel_per_image.csv
/mnt/d/download/Project coding/EOMT/checkpoint_backups/ucl-eomt-paired-analysis.tar	ucl_eomt_per_image/apad_dinov2/seed123/final_swapmin_per_image.csv
/mnt/d/download/Project coding/EOMT/checkpoint_backups/ucl-eomt-paired-analysis.tar	ucl_eomt_per_image/apad_dinov2/seed2024/
/mnt/d/download/Project coding/EOMT/checkpoint_backups/ucl-eomt-paired-analysis.tar	ucl_eomt_per_image/apad_dinov2/seed2024/test_image_order.csv
/mnt/d/download/Project coding/EOMT/checkpoint_backups/ucl-eomt-paired-analysis.tar	ucl_eomt_per_image/apad_dinov2/seed2024/final_fixedchannel_per_image.csv
/mnt/d/download/Project coding/EOMT/checkpoint_backups/ucl-eomt-paired-analysis.tar	ucl_eomt_per_image/apad_dinov2/seed2024/final_swapmin_per_image.csv
/mnt/d/download/Project coding/EOMT/checkpoint_backups/ucl-eomt-paired-analysis.tar	ucl_eomt_per_image/apad_dinov2/seed3407/
/mnt/d/download/Project coding/EOMT/checkpoint_backups/ucl-eomt-paired-analysis.tar	ucl_eomt_per_image/apad_dinov2/seed3407/test_image_order.csv
/mnt/d/download/Project coding/EOMT/checkpoint_backups/ucl-eomt-paired-analysis.tar	ucl_eomt_per_image/apad_dinov2/seed3407/final_fixedchannel_per_image.csv
/mnt/d/download/Project coding/EOMT/checkpoint_backups/ucl-eomt-paired-analysis.tar	ucl_eomt_per_image/apad_dinov2/seed3407/final_swapmin_per_image.csv
/mnt/d/download/Project coding/EOMT/checkpoint_backups/ucl-eomt-paired-analysis.tar	ucl_eomt_per_image/apad_dinov3/
/mnt/d/download/Project coding/EOMT/checkpoint_backups/ucl-eomt-paired-analysis.tar	ucl_eomt_per_image/apad_dinov3/seed42/
/mnt/d/download/Project coding/EOMT/checkpoint_backups/ucl-eomt-paired-analysis.tar	ucl_eomt_per_image/apad_dinov3/seed42/test_image_order.csv
/mnt/d/download/Project coding/EOMT/checkpoint_backups/ucl-eomt-paired-analysis.tar	ucl_eomt_per_image/apad_dinov3/seed42/final_fixedchannel_per_image.csv
/mnt/d/download/Project coding/EOMT/checkpoint_backups/ucl-eomt-paired-analysis.tar	ucl_eomt_per_image/apad_dinov3/seed42/final_swapmin_per_image.csv
/mnt/d/download/Project coding/EOMT/checkpoint_backups/ucl-eomt-paired-analysis.tar	ucl_eomt_per_image/apad_dinov3/seed0/
/mnt/d/download/Project coding/EOMT/checkpoint_backups/ucl-eomt-paired-analysis.tar	ucl_eomt_per_image/apad_dinov3/seed0/test_image_order.csv
/mnt/d/download/Project coding/EOMT/checkpoint_backups/ucl-eomt-paired-analysis.tar	ucl_eomt_per_image/apad_dinov3/seed0/final_fixedchannel_per_image.csv
/mnt/d/download/Project coding/EOMT/checkpoint_backups/ucl-eomt-paired-analysis.tar	ucl_eomt_per_image/apad_dinov3/seed0/final_swapmin_per_image.csv
/mnt/d/download/Project coding/EOMT/checkpoint_backups/ucl-eomt-paired-analysis.tar	ucl_eomt_per_image/apad_dinov3/seed123/
/mnt/d/download/Project coding/EOMT/checkpoint_backups/ucl-eomt-paired-analysis.tar	ucl_eomt_per_image/apad_dinov3/seed123/test_image_order.csv
/mnt/d/download/Project coding/EOMT/checkpoint_backups/ucl-eomt-paired-analysis.tar	ucl_eomt_per_image/apad_dinov3/seed123/final_fixedchannel_per_image.csv
/mnt/d/download/Project coding/EOMT/checkpoint_backups/ucl-eomt-paired-analysis.tar	ucl_eomt_per_image/apad_dinov3/seed123/final_swapmin_per_image.csv
/mnt/d/download/Project coding/EOMT/checkpoint_backups/ucl-eomt-paired-analysis.tar	ucl_eomt_per_image/apad_dinov3/seed2024/
/mnt/d/download/Project coding/EOMT/checkpoint_backups/ucl-eomt-paired-analysis.tar	ucl_eomt_per_image/apad_dinov3/seed2024/test_image_order.csv
/mnt/d/download/Project coding/EOMT/checkpoint_backups/ucl-eomt-paired-analysis.tar	ucl_eomt_per_image/apad_dinov3/seed2024/final_fixedchannel_per_image.csv
/mnt/d/download/Project coding/EOMT/checkpoint_backups/ucl-eomt-paired-analysis.tar	ucl_eomt_per_image/apad_dinov3/seed2024/final_swapmin_per_image.csv
/mnt/d/download/Project coding/EOMT/checkpoint_backups/ucl-eomt-paired-analysis.tar	ucl_eomt_per_image/apad_dinov3/seed3407/
/mnt/d/download/Project coding/EOMT/checkpoint_backups/ucl-eomt-paired-analysis.tar	ucl_eomt_per_image/apad_dinov3/seed3407/test_image_order.csv
/mnt/d/download/Project coding/EOMT/checkpoint_backups/ucl-eomt-paired-analysis.tar	ucl_eomt_per_image/apad_dinov3/seed3407/final_fixedchannel_per_image.csv
/mnt/d/download/Project coding/EOMT/checkpoint_backups/ucl-eomt-paired-analysis.tar	ucl_eomt_per_image/apad_dinov3/seed3407/final_swapmin_per_image.csv
/mnt/d/download/Project coding/EOMT/checkpoint_backups/ucl-eomt-paired-analysis.tar	ucl_eomt_per_image/tad_dinov2/
/mnt/d/download/Project coding/EOMT/checkpoint_backups/ucl-eomt-paired-analysis.tar	ucl_eomt_per_image/tad_dinov2/seed42/
/mnt/d/download/Project coding/EOMT/checkpoint_backups/ucl-eomt-paired-analysis.tar	ucl_eomt_per_image/tad_dinov2/seed42/test_image_order.csv
/mnt/d/download/Project coding/EOMT/checkpoint_backups/ucl-eomt-paired-analysis.tar	ucl_eomt_per_image/tad_dinov2/seed42/final_fixedchannel_per_image.csv
/mnt/d/download/Project coding/EOMT/checkpoint_backups/ucl-eomt-paired-analysis.tar	ucl_eomt_per_image/tad_dinov2/seed42/final_swapmin_per_image.csv
/mnt/d/download/Project coding/EOMT/checkpoint_backups/ucl-eomt-paired-analysis.tar	ucl_eomt_per_image/tad_dinov2/seed0/
/mnt/d/download/Project coding/EOMT/checkpoint_backups/ucl-eomt-paired-analysis.tar	ucl_eomt_per_image/tad_dinov2/seed0/test_image_order.csv
/mnt/d/download/Project coding/EOMT/checkpoint_backups/ucl-eomt-paired-analysis.tar	ucl_eomt_per_image/tad_dinov2/seed0/final_fixedchannel_per_image.csv
/mnt/d/download/Project coding/EOMT/checkpoint_backups/ucl-eomt-paired-analysis.tar	ucl_eomt_per_image/tad_dinov2/seed0/final_swapmin_per_image.csv
/mnt/d/download/Project coding/EOMT/checkpoint_backups/ucl-eomt-paired-analysis.tar	ucl_eomt_per_image/tad_dinov2/seed123/
/mnt/d/download/Project coding/EOMT/checkpoint_backups/ucl-eomt-paired-analysis.tar	ucl_eomt_per_image/tad_dinov2/seed123/test_image_order.csv
/mnt/d/download/Project coding/EOMT/checkpoint_backups/ucl-eomt-paired-analysis.tar	ucl_eomt_per_image/tad_dinov2/seed123/final_fixedchannel_per_image.csv
/mnt/d/download/Project coding/EOMT/checkpoint_backups/ucl-eomt-paired-analysis.tar	ucl_eomt_per_image/tad_dinov2/seed123/final_swapmin_per_image.csv
/mnt/d/download/Project coding/EOMT/checkpoint_backups/ucl-eomt-paired-analysis.tar	ucl_eomt_per_image/tad_dinov2/seed2024/
/mnt/d/download/Project coding/EOMT/checkpoint_backups/ucl-eomt-paired-analysis.tar	ucl_eomt_per_image/tad_dinov2/seed2024/test_image_order.csv
/mnt/d/download/Project coding/EOMT/checkpoint_backups/ucl-eomt-paired-analysis.tar	ucl_eomt_per_image/tad_dinov2/seed2024/final_fixedchannel_per_image.csv
/mnt/d/download/Project coding/EOMT/checkpoint_backups/ucl-eomt-paired-analysis.tar	ucl_eomt_per_image/tad_dinov2/seed2024/final_swapmin_per_image.csv
/mnt/d/download/Project coding/EOMT/checkpoint_backups/ucl-eomt-paired-analysis.tar	ucl_eomt_per_image/tad_dinov2/seed3407/
/mnt/d/download/Project coding/EOMT/checkpoint_backups/ucl-eomt-paired-analysis.tar	ucl_eomt_per_image/tad_dinov2/seed3407/test_image_order.csv
/mnt/d/download/Project coding/EOMT/checkpoint_backups/ucl-eomt-paired-analysis.tar	ucl_eomt_per_image/tad_dinov2/seed3407/final_fixedchannel_per_image.csv
/mnt/d/download/Project coding/EOMT/checkpoint_backups/ucl-eomt-paired-analysis.tar	ucl_eomt_per_image/tad_dinov2/seed3407/final_swapmin_per_image.csv
/mnt/d/download/Project coding/EOMT/checkpoint_backups/ucl-eomt-paired-analysis.tar	ucl_eomt_per_image/tad_dinov3/
/mnt/d/download/Project coding/EOMT/checkpoint_backups/ucl-eomt-paired-analysis.tar	ucl_eomt_per_image/tad_dinov3/seed42/
/mnt/d/download/Project coding/EOMT/checkpoint_backups/ucl-eomt-paired-analysis.tar	ucl_eomt_per_image/tad_dinov3/seed42/test_image_order.csv
/mnt/d/download/Project coding/EOMT/checkpoint_backups/ucl-eomt-paired-analysis.tar	ucl_eomt_per_image/tad_dinov3/seed42/final_fixedchannel_per_image.csv
/mnt/d/download/Project coding/EOMT/checkpoint_backups/ucl-eomt-paired-analysis.tar	ucl_eomt_per_image/tad_dinov3/seed42/final_swapmin_per_image.csv
/mnt/d/download/Project coding/EOMT/checkpoint_backups/ucl-eomt-paired-analysis.tar	ucl_eomt_per_image/tad_dinov3/seed0/
/mnt/d/download/Project coding/EOMT/checkpoint_backups/ucl-eomt-paired-analysis.tar	ucl_eomt_per_image/tad_dinov3/seed0/test_image_order.csv
/mnt/d/download/Project coding/EOMT/checkpoint_backups/ucl-eomt-paired-analysis.tar	ucl_eomt_per_image/tad_dinov3/seed0/final_fixedchannel_per_image.csv
/mnt/d/download/Project coding/EOMT/checkpoint_backups/ucl-eomt-paired-analysis.tar	ucl_eomt_per_image/tad_dinov3/seed0/final_swapmin_per_image.csv
/mnt/d/download/Project coding/EOMT/checkpoint_backups/ucl-eomt-paired-analysis.tar	ucl_eomt_per_image/tad_dinov3/seed123/
/mnt/d/download/Project coding/EOMT/checkpoint_backups/ucl-eomt-paired-analysis.tar	ucl_eomt_per_image/tad_dinov3/seed123/test_image_order.csv
/mnt/d/download/Project coding/EOMT/checkpoint_backups/ucl-eomt-paired-analysis.tar	ucl_eomt_per_image/tad_dinov3/seed123/final_fixedchannel_per_image.csv
/mnt/d/download/Project coding/EOMT/checkpoint_backups/ucl-eomt-paired-analysis.tar	ucl_eomt_per_image/tad_dinov3/seed123/final_swapmin_per_image.csv
/mnt/d/download/Project coding/EOMT/checkpoint_backups/ucl-eomt-paired-analysis.tar	ucl_eomt_per_image/tad_dinov3/seed2024/
/mnt/d/download/Project coding/EOMT/checkpoint_backups/ucl-eomt-paired-analysis.tar	ucl_eomt_per_image/tad_dinov3/seed2024/test_image_order.csv
/mnt/d/download/Project coding/EOMT/checkpoint_backups/ucl-eomt-paired-analysis.tar	ucl_eomt_per_image/tad_dinov3/seed2024/final_fixedchannel_per_image.csv
/mnt/d/download/Project coding/EOMT/checkpoint_backups/ucl-eomt-paired-analysis.tar	ucl_eomt_per_image/tad_dinov3/seed2024/final_swapmin_per_image.csv
/mnt/d/download/Project coding/EOMT/checkpoint_backups/ucl-eomt-paired-analysis.tar	ucl_eomt_per_image/tad_dinov3/seed3407/
/mnt/d/download/Project coding/EOMT/checkpoint_backups/ucl-eomt-paired-analysis.tar	ucl_eomt_per_image/tad_dinov3/seed3407/test_image_order.csv
/mnt/d/download/Project coding/EOMT/checkpoint_backups/ucl-eomt-paired-analysis.tar	ucl_eomt_per_image/tad_dinov3/seed3407/final_fixedchannel_per_image.csv
/mnt/d/download/Project coding/EOMT/checkpoint_backups/ucl-eomt-paired-analysis.tar	ucl_eomt_per_image/tad_dinov3/seed3407/final_swapmin_per_image.csv
/mnt/d/download/Project coding/EOMT/checkpoint_backups/ucl-eomt-paired-analysis.tar	ucl_eomt_per_image/fl_dinov2/
/mnt/d/download/Project coding/EOMT/checkpoint_backups/ucl-eomt-paired-analysis.tar	ucl_eomt_per_image/fl_dinov2/seed42/
/mnt/d/download/Project coding/EOMT/checkpoint_backups/ucl-eomt-paired-analysis.tar	ucl_eomt_per_image/fl_dinov2/seed42/test_image_order.csv
/mnt/d/download/Project coding/EOMT/checkpoint_backups/ucl-eomt-paired-analysis.tar	ucl_eomt_per_image/fl_dinov2/seed42/final_fixedchannel_per_image.csv
/mnt/d/download/Project coding/EOMT/checkpoint_backups/ucl-eomt-paired-analysis.tar	ucl_eomt_per_image/fl_dinov2/seed42/final_swapmin_per_image.csv
/mnt/d/download/Project coding/EOMT/checkpoint_backups/ucl-eomt-paired-analysis.tar	ucl_eomt_per_image/fl_dinov2/seed0/
/mnt/d/download/Project coding/EOMT/checkpoint_backups/ucl-eomt-paired-analysis.tar	ucl_eomt_per_image/fl_dinov2/seed0/test_image_order.csv
/mnt/d/download/Project coding/EOMT/checkpoint_backups/ucl-eomt-paired-analysis.tar	ucl_eomt_per_image/fl_dinov2/seed0/final_fixedchannel_per_image.csv
/mnt/d/download/Project coding/EOMT/checkpoint_backups/ucl-eomt-paired-analysis.tar	ucl_eomt_per_image/fl_dinov2/seed0/final_swapmin_per_image.csv
/mnt/d/download/Project coding/EOMT/checkpoint_backups/ucl-eomt-paired-analysis.tar	ucl_eomt_per_image/fl_dinov2/seed123/
/mnt/d/download/Project coding/EOMT/checkpoint_backups/ucl-eomt-paired-analysis.tar	ucl_eomt_per_image/fl_dinov2/seed123/test_image_order.csv
/mnt/d/download/Project coding/EOMT/checkpoint_backups/ucl-eomt-paired-analysis.tar	ucl_eomt_per_image/fl_dinov2/seed123/final_fixedchannel_per_image.csv
/mnt/d/download/Project coding/EOMT/checkpoint_backups/ucl-eomt-paired-analysis.tar	ucl_eomt_per_image/fl_dinov2/seed123/final_swapmin_per_image.csv
/mnt/d/download/Project coding/EOMT/checkpoint_backups/ucl-eomt-paired-analysis.tar	ucl_eomt_per_image/fl_dinov2/seed2024/
/mnt/d/download/Project coding/EOMT/checkpoint_backups/ucl-eomt-paired-analysis.tar	ucl_eomt_per_image/fl_dinov2/seed2024/test_image_order.csv
/mnt/d/download/Project coding/EOMT/checkpoint_backups/ucl-eomt-paired-analysis.tar	ucl_eomt_per_image/fl_dinov2/seed2024/final_fixedchannel_per_image.csv
/mnt/d/download/Project coding/EOMT/checkpoint_backups/ucl-eomt-paired-analysis.tar	ucl_eomt_per_image/fl_dinov2/seed2024/final_swapmin_per_image.csv
/mnt/d/download/Project coding/EOMT/checkpoint_backups/ucl-eomt-paired-analysis.tar	ucl_eomt_per_image/fl_dinov2/seed3407/
/mnt/d/download/Project coding/EOMT/checkpoint_backups/ucl-eomt-paired-analysis.tar	ucl_eomt_per_image/fl_dinov2/seed3407/test_image_order.csv
/mnt/d/download/Project coding/EOMT/checkpoint_backups/ucl-eomt-paired-analysis.tar	ucl_eomt_per_image/fl_dinov2/seed3407/final_fixedchannel_per_image.csv
/mnt/d/download/Project coding/EOMT/checkpoint_backups/ucl-eomt-paired-analysis.tar	ucl_eomt_per_image/fl_dinov2/seed3407/final_swapmin_per_image.csv
/mnt/d/download/Project coding/EOMT/checkpoint_backups/ucl-eomt-paired-analysis.tar	ucl_eomt_per_image/fl_dinov3/
/mnt/d/download/Project coding/EOMT/checkpoint_backups/ucl-eomt-paired-analysis.tar	ucl_eomt_per_image/fl_dinov3/seed42/
/mnt/d/download/Project coding/EOMT/checkpoint_backups/ucl-eomt-paired-analysis.tar	ucl_eomt_per_image/fl_dinov3/seed42/test_image_order.csv
/mnt/d/download/Project coding/EOMT/checkpoint_backups/ucl-eomt-paired-analysis.tar	ucl_eomt_per_image/fl_dinov3/seed42/final_fixedchannel_per_image.csv
/mnt/d/download/Project coding/EOMT/checkpoint_backups/ucl-eomt-paired-analysis.tar	ucl_eomt_per_image/fl_dinov3/seed42/final_swapmin_per_image.csv
/mnt/d/download/Project coding/EOMT/checkpoint_backups/ucl-eomt-paired-analysis.tar	ucl_eomt_per_image/fl_dinov3/seed0/
/mnt/d/download/Project coding/EOMT/checkpoint_backups/ucl-eomt-paired-analysis.tar	ucl_eomt_per_image/fl_dinov3/seed0/test_image_order.csv
/mnt/d/download/Project coding/EOMT/checkpoint_backups/ucl-eomt-paired-analysis.tar	ucl_eomt_per_image/fl_dinov3/seed0/final_fixedchannel_per_image.csv
/mnt/d/download/Project coding/EOMT/checkpoint_backups/ucl-eomt-paired-analysis.tar	ucl_eomt_per_image/fl_dinov3/seed0/final_swapmin_per_image.csv
/mnt/d/download/Project coding/EOMT/checkpoint_backups/ucl-eomt-paired-analysis.tar	ucl_eomt_per_image/fl_dinov3/seed123/
/mnt/d/download/Project coding/EOMT/checkpoint_backups/ucl-eomt-paired-analysis.tar	ucl_eomt_per_image/fl_dinov3/seed123/test_image_order.csv
/mnt/d/download/Project coding/EOMT/checkpoint_backups/ucl-eomt-paired-analysis.tar	ucl_eomt_per_image/fl_dinov3/seed123/final_fixedchannel_per_image.csv
/mnt/d/download/Project coding/EOMT/checkpoint_backups/ucl-eomt-paired-analysis.tar	ucl_eomt_per_image/fl_dinov3/seed123/final_swapmin_per_image.csv
/mnt/d/download/Project coding/EOMT/checkpoint_backups/ucl-eomt-paired-analysis.tar	ucl_eomt_per_image/fl_dinov3/seed2024/
/mnt/d/download/Project coding/EOMT/checkpoint_backups/ucl-eomt-paired-analysis.tar	ucl_eomt_per_image/fl_dinov3/seed2024/test_image_order.csv
/mnt/d/download/Project coding/EOMT/checkpoint_backups/ucl-eomt-paired-analysis.tar	ucl_eomt_per_image/fl_dinov3/seed2024/final_fixedchannel_per_image.csv
/mnt/d/download/Project coding/EOMT/checkpoint_backups/ucl-eomt-paired-analysis.tar	ucl_eomt_per_image/fl_dinov3/seed2024/final_swapmin_per_image.csv
/mnt/d/download/Project coding/EOMT/checkpoint_backups/ucl-eomt-paired-analysis.tar	ucl_eomt_per_image/fl_dinov3/seed3407/
/mnt/d/download/Project coding/EOMT/checkpoint_backups/ucl-eomt-paired-analysis.tar	ucl_eomt_per_image/fl_dinov3/seed3407/test_image_order.csv
/mnt/d/download/Project coding/EOMT/checkpoint_backups/ucl-eomt-paired-analysis.tar	ucl_eomt_per_image/fl_dinov3/seed3407/final_fixedchannel_per_image.csv
/mnt/d/download/Project coding/EOMT/checkpoint_backups/ucl-eomt-paired-analysis.tar	ucl_eomt_per_image/fl_dinov3/seed3407/final_swapmin_per_image.csv
/mnt/d/download/Project coding/EOMT/checkpoint_backups/ucl-eomt-paired-analysis.tar	ucl_eomt_per_image/ucl_eomt_per_image_results.tsv
/mnt/d/download/Project coding/EOMT/checkpoint_backups/ucl-eomt-paired-analysis.tar	hrnet_512_fixed_5seed/ucl_paired_analysis/
/mnt/d/download/Project coding/EOMT/checkpoint_backups/ucl-eomt-paired-analysis.tar	hrnet_512_fixed_5seed/ucl_paired_analysis/ofd_dinov2_paired_per_image.csv
/mnt/d/download/Project coding/EOMT/checkpoint_backups/ucl-eomt-paired-analysis.tar	hrnet_512_fixed_5seed/ucl_paired_analysis/ofd_dinov3_paired_per_image.csv
/mnt/d/download/Project coding/EOMT/checkpoint_backups/ucl-eomt-paired-analysis.tar	hrnet_512_fixed_5seed/ucl_paired_analysis/apad_dinov2_paired_per_image.csv
/mnt/d/download/Project coding/EOMT/checkpoint_backups/ucl-eomt-paired-analysis.tar	hrnet_512_fixed_5seed/ucl_paired_analysis/apad_dinov3_paired_per_image.csv
/mnt/d/download/Project coding/EOMT/checkpoint_backups/ucl-eomt-paired-analysis.tar	hrnet_512_fixed_5seed/ucl_paired_analysis/tad_dinov2_paired_per_image.csv
/mnt/d/download/Project coding/EOMT/checkpoint_backups/ucl-eomt-paired-analysis.tar	hrnet_512_fixed_5seed/ucl_paired_analysis/tad_dinov3_paired_per_image.csv
/mnt/d/download/Project coding/EOMT/checkpoint_backups/ucl-eomt-paired-analysis.tar	hrnet_512_fixed_5seed/ucl_paired_analysis/fl_dinov2_paired_per_image.csv
/mnt/d/download/Project coding/EOMT/checkpoint_backups/ucl-eomt-paired-analysis.tar	hrnet_512_fixed_5seed/ucl_paired_analysis/fl_dinov3_paired_per_image.csv
/mnt/d/download/Project coding/EOMT/checkpoint_backups/ucl-eomt-paired-analysis.tar	hrnet_512_fixed_5seed/ucl_paired_analysis/ucl_paired_summary.tsv
