1042	2026-07-14 02:08:27.2340478900	/root/eomt/configs/dinov2/ade20k/panoptic/eomt_giant_1280.yaml
1014	2026-07-14 02:08:28.5460794420	/root/eomt/configs/dinov2/ade20k/panoptic/eomt_giant_640.yaml
928	2026-07-14 02:08:29.8181099620	/root/eomt/configs/dinov2/ade20k/panoptic/eomt_large_1280.yaml
900	2026-07-14 02:08:31.0941405110	/root/eomt/configs/dinov2/ade20k/panoptic/eomt_large_640.yaml
661	2026-07-14 02:08:33.0261866290	/root/eomt/configs/dinov2/ade20k/semantic/eomt_large_512.yaml
671	2026-07-14 02:08:35.5942476800	/root/eomt/configs/dinov2/cityscapes/semantic/eomt_large_1024.yaml
727	2026-07-14 02:08:38.1543082680	/root/eomt/configs/dinov2/coco/instance/eomt_large_1280.yaml
685	2026-07-14 02:08:39.4263382680	/root/eomt/configs/dinov2/coco/instance/eomt_large_640.yaml
1019	2026-07-14 02:08:41.3623838000	/root/eomt/configs/dinov2/coco/panoptic/eomt_base_640.yaml
1022	2026-07-14 02:08:42.6424138180	/root/eomt/configs/dinov2/coco/panoptic/eomt_base_640_2x.yaml
1076	2026-07-14 02:08:43.9144435840	/root/eomt/configs/dinov2/coco/panoptic/eomt_giant_1280.yaml
1048	2026-07-14 02:08:45.1864732780	/root/eomt/configs/dinov2/coco/panoptic/eomt_giant_640.yaml
962	2026-07-14 02:08:46.4625029970	/root/eomt/configs/dinov2/coco/panoptic/eomt_large_1280.yaml
934	2026-07-14 02:08:47.7385326530	/root/eomt/configs/dinov2/coco/panoptic/eomt_large_640.yaml
1021	2026-07-14 02:08:49.0105621510	/root/eomt/configs/dinov2/coco/panoptic/eomt_small_640.yaml
1024	2026-07-14 02:08:50.2825915740	/root/eomt/configs/dinov2/coco/panoptic/eomt_small_640_2x.yaml
850	2026-07-14 02:08:54.0226777170	/root/eomt/configs/dinov3/ade20k/semantic/eomt_large_512.yaml
878	2026-07-14 02:08:56.5707360710	/root/eomt/configs/dinov3/coco/instance/eomt_large_1280.yaml
877	2026-07-14 02:08:57.8507652920	/root/eomt/configs/dinov3/coco/instance/eomt_large_640.yaml
1131	2026-07-14 02:08:59.7748090840	/root/eomt/configs/dinov3/coco/panoptic/eomt_base_640_2x.yaml
1122	2026-07-14 02:09:01.0468379580	/root/eomt/configs/dinov3/coco/panoptic/eomt_large_1280.yaml
1120	2026-07-14 02:09:02.3468673920	/root/eomt/configs/dinov3/coco/panoptic/eomt_large_640.yaml
1132	2026-07-14 02:09:03.6188961310	/root/eomt/configs/dinov3/coco/panoptic/eomt_small_640_2x.yaml
2971	2026-07-14 02:09:06.1629534170	/root/eomt/configs/landmark/bpd_coord_direct.yaml
2804	2026-07-14 02:09:07.4549824080	/root/eomt/configs/landmark/bpd_deconv_v2.yaml
3678	2026-07-14 02:09:08.7310109790	/root/eomt/configs/landmark/bpd_deconv_v2_fpn.yaml
3434	2026-07-14 02:09:10.0030393980	/root/eomt/configs/landmark/bpd_deconv_v2_fpn_ema.yaml
4057	2026-07-14 02:09:11.2830679230	/root/eomt/configs/landmark/bpd_deconv_v2_fpn_lora.yaml
4509	2026-07-14 02:09:12.5630963890	/root/eomt/configs/landmark/bpd_deconv_v2_fpn_lora_ema.yaml
4169	2026-07-14 02:09:13.8391247030	/root/eomt/configs/landmark/bpd_deconv_v2_fpn_udp.yaml
4295	2026-07-14 02:09:15.1151529510	/root/eomt/configs/landmark/bpd_deconv_v2_fpn_udp_ema.yaml
3715	2026-07-14 02:09:16.3951812210	/root/eomt/configs/landmark/bpd_deconv_v2_fpn_udp_ema_hc18.yaml
3718	2026-07-14 02:09:17.6712093430	/root/eomt/configs/landmark/bpd_deconv_v2_fpn_udp_hm128.yaml
2777	2026-07-14 02:09:18.9552375800	/root/eomt/configs/landmark/bpd_deconv_v2_frozen.yaml
3494	2026-07-14 02:09:20.2272654840	/root/eomt/configs/landmark/bpd_deconv_v2_hc18.yaml
3122	2026-07-14 02:09:21.5032934130	/root/eomt/configs/landmark/bpd_deconv_v2_hm128.yaml
3746	2026-07-14 02:09:22.7913215440	/root/eomt/configs/landmark/bpd_vit_small.yaml
3939	2026-07-14 02:09:24.0833497000	/root/eomt/configs/landmark/ofd_deconv_v2_fpn_udp.yaml
2304	2026-07-14 02:09:25.3553773520	/root/eomt/configs/landmark/ofd_vit_small.yaml
5057	2026-07-15 00:24:35.8444510910	/root/eomt/configs/landmark/face300w_vit_small.yaml
3680	2026-07-15 03:16:33.1919818510	/root/eomt/configs/landmark/face300w_deconv_v2.yaml
3065	2026-07-15 03:16:41.7838599140	/root/eomt/configs/landmark/face300w_deconv_v2_fpn.yaml
3256	2026-07-15 03:17:01.3555824140	/root/eomt/configs/landmark/face300w_deconv_v2_fpn_udp_ema.yaml
6214	2026-07-17 01:55:01.5423832240	/root/eomt/configs/landmark/face300w_deconv_v2_fpn_udp.yaml
3717	2026-07-18 01:13:11.3867250070	/root/eomt/configs/landmark/bpd_deconv_v2_fpn_udp_loaderseed.yaml
4482	2026-07-19 01:56:51.3986005700	/root/eomt/configs/landmark/bpd_dinov3_fpn_udp_ema.yaml
2926	2026-07-19 01:56:52.9185728440	/root/eomt/configs/landmark/ofd_dinov3_fpn_udp.yaml
3559	2026-07-19 01:56:54.4065457060	/root/eomt/configs/landmark/face300w_dinov3_fpn_udp.yaml
3344	2026-07-19 02:28:07.6918993620	/root/eomt/configs/landmark/bpd_dinov3_fpn_udp.yaml
3971	2026-07-19 07:39:20.9274766510	/root/eomt/configs/landmark/bpd_dinov3_fpn_udp_rotate.yaml
4264	2026-07-20 07:27:47.8265449320	/root/eomt/configs/landmark/bpd_dinov3_fpn_udp_rotate_scale.yaml
3728	2026-07-20 09:10:57.9705267440	/root/eomt/configs/landmark/bpd_dinov2_fpn_udp_rotate_scale.yaml
3829	2026-07-21 03:47:39.5298911790	/root/eomt/configs/landmark/ofd_dinov2_fpn_udp_rotate_scale.yaml
3223	2026-07-21 07:08:38.8911122210	/root/eomt/configs/landmark/ofd_deconv_v2.yaml
3755	2026-07-21 07:17:01.8470895560	/root/eomt/configs/landmark/apad_dinov2_fpn_udp_rotate_scale.yaml
2753	2026-07-21 07:17:03.5430489980	/root/eomt/configs/landmark/tad_dinov2_fpn_udp_rotate_scale.yaml
2744	2026-07-21 07:17:05.2030093160	/root/eomt/configs/landmark/fl_dinov2_fpn_udp_rotate_scale.yaml
2803	2026-07-24 00:19:30.6760490120	/root/eomt/configs/landmark/apad_dinov3_fpn_udp_rotate_scale.yaml
2798	2026-07-24 00:19:33.0720379130	/root/eomt/configs/landmark/tad_dinov3_fpn_udp_rotate_scale.yaml
2787	2026-07-24 00:19:34.9360291070	/root/eomt/configs/landmark/fl_dinov3_fpn_udp_rotate_scale.yaml
3027	2026-07-24 02:17:04.1250778170	/root/eomt/configs/landmark/ofd_dinov3_fpn_udp_rotate_scale.yaml
4025	2026-07-24 08:18:17.0780244520	/root/eomt/configs/landmark/bpd_sigma_screening.yaml
5765	2026-07-24 09:23:16.5164847780	/root/eomt/configs/landmark/bpd_resolution_screening.yaml
4030	2026-07-25 05:49:12.1626026990	/root/eomt/configs/landmark/multicentre_fpn_udp_rotate_scale.yaml
1528826	2026-07-14 03:02:27.1964475470	/root/eomt/ofd_ablation.log
299829077	2026-07-21 03:55:58.8717955510	/root/eomt/checkpoints/ofd-dinov2-fpn-udp-rotate-scale/seed42/seed42_best.ckpt
299829077	2026-07-21 03:57:21.7580812150	/root/eomt/checkpoints/ofd-dinov2-fpn-udp-rotate-scale/seed42/last.ckpt
299829077	2026-07-21 03:57:28.4899416620	/root/eomt/checkpoints/ofd-dinov2-fpn-udp-rotate-scale/seed42/seed42_final.ckpt
2391	2026-07-21 03:57:28.4939415790	/root/eomt/checkpoints/ofd-dinov2-fpn-udp-rotate-scale/seed42/seed42_config.yaml
299829077	2026-07-21 06:30:32.4518813530	/root/eomt/checkpoints/ofd-dinov2-fpn-udp-rotate-scale/seed0/seed0_best.ckpt
299829077	2026-07-21 06:30:33.1318646750	/root/eomt/checkpoints/ofd-dinov2-fpn-udp-rotate-scale/seed0/last.ckpt
299829077	2026-07-21 06:46:26.7432925950	/root/eomt/checkpoints/ofd-dinov2-fpn-udp-rotate-scale/seed0/seed0_best-v1.ckpt
299829077	2026-07-21 06:49:36.3326421980	/root/eomt/checkpoints/ofd-dinov2-fpn-udp-rotate-scale/seed0/last-v1.ckpt
299829077	2026-07-21 06:49:42.6365469620	/root/eomt/checkpoints/ofd-dinov2-fpn-udp-rotate-scale/seed0/seed0_final.ckpt
2386	2026-07-21 06:49:42.6405469020	/root/eomt/checkpoints/ofd-dinov2-fpn-udp-rotate-scale/seed0/seed0_config.yaml
299829077	2026-07-21 06:55:37.4866660830	/root/eomt/checkpoints/ofd-dinov2-fpn-udp-rotate-scale/seed123/seed123_best.ckpt
299829077	2026-07-21 06:59:56.7019314840	/root/eomt/checkpoints/ofd-dinov2-fpn-udp-rotate-scale/seed123/last.ckpt
299829077	2026-07-21 07:00:13.9600842870	/root/eomt/checkpoints/ofd-dinov2-fpn-udp-rotate-scale/seed123/seed123_final.ckpt
2396	2026-07-21 07:00:13.9640862120	/root/eomt/checkpoints/ofd-dinov2-fpn-udp-rotate-scale/seed123/seed123_config.yaml
299829077	2026-07-21 07:07:42.4762230930	/root/eomt/checkpoints/ofd-dinov2-fpn-udp-rotate-scale/seed2024/seed2024_best.ckpt
299829077	2026-07-21 07:10:38.4047478370	/root/eomt/checkpoints/ofd-dinov2-fpn-udp-rotate-scale/seed2024/last.ckpt
299829077	2026-07-21 07:10:45.0246164810	/root/eomt/checkpoints/ofd-dinov2-fpn-udp-rotate-scale/seed2024/seed2024_final.ckpt
2401	2026-07-21 07:10:45.0286164020	/root/eomt/checkpoints/ofd-dinov2-fpn-udp-rotate-scale/seed2024/seed2024_config.yaml
299829077	2026-07-21 07:18:43.5806835070	/root/eomt/checkpoints/ofd-dinov2-fpn-udp-rotate-scale/seed3407/seed3407_best.ckpt
299829077	2026-07-21 07:19:11.2240384230	/root/eomt/checkpoints/ofd-dinov2-fpn-udp-rotate-scale/seed3407/last.ckpt
299829077	2026-07-21 07:19:17.4958925360	/root/eomt/checkpoints/ofd-dinov2-fpn-udp-rotate-scale/seed3407/seed3407_final.ckpt
2401	2026-07-21 07:19:17.4998924430	/root/eomt/checkpoints/ofd-dinov2-fpn-udp-rotate-scale/seed3407/seed3407_config.yaml
295106429	2026-07-24 06:01:33.9940264140	/root/eomt/checkpoints/fl-dinov3-fpn-udp-rotate-scale/seed42/seed42_best.ckpt
295106429	2026-07-24 06:04:49.5530406270	/root/eomt/checkpoints/fl-dinov3-fpn-udp-rotate-scale/seed42/last.ckpt
295106429	2026-07-24 06:07:33.4544607940	/root/eomt/checkpoints/fl-dinov3-fpn-udp-rotate-scale/seed42/seed42_final.ckpt
2402	2026-07-24 06:07:33.4544607940	/root/eomt/checkpoints/fl-dinov3-fpn-udp-rotate-scale/seed42/seed42_config.yaml
283808677	2026-07-24 08:19:35.7234400740	/root/eomt/checkpoints/bpd-sigma-screening/sigma10/bpd-sigma-screening-sigma10_best.ckpt
283808805	2026-07-24 08:23:21.7240733000	/root/eomt/checkpoints/bpd-sigma-screening/sigma10/last.ckpt
283808805	2026-07-24 08:23:52.7510675010	/root/eomt/checkpoints/bpd-sigma-screening/sigma10/bpd-sigma-screening-sigma10_final.ckpt
2172	2026-07-24 08:23:52.7550673710	/root/eomt/checkpoints/bpd-sigma-screening/sigma10/bpd-sigma-screening-sigma10_config.yaml
283808805	2026-07-24 08:29:50.5355347480	/root/eomt/checkpoints/bpd-sigma-screening/sigma40/bpd-sigma-screening-sigma40_best.ckpt
283808805	2026-07-24 08:32:16.9588396930	/root/eomt/checkpoints/bpd-sigma-screening/sigma40/last.ckpt
283808805	2026-07-24 08:35:16.9726810960	/root/eomt/checkpoints/bpd-sigma-screening/sigma40/bpd-sigma-screening-sigma40_final.ckpt
2172	2026-07-24 08:35:16.9726810960	/root/eomt/checkpoints/bpd-sigma-screening/sigma40/bpd-sigma-screening-sigma40_config.yaml
296290197	2026-07-24 09:29:26.6470360040	/root/eomt/checkpoints/bpd-resolution-screening/res256/bpd-resolution-screening-res256_best.ckpt
296290197	2026-07-24 09:29:33.7668854780	/root/eomt/checkpoints/bpd-resolution-screening/res256/last.ckpt
296290197	2026-07-24 09:30:23.8977892010	/root/eomt/checkpoints/bpd-resolution-screening/res256/bpd-resolution-screening-res256_final.ckpt
2445	2026-07-24 09:30:23.9017891110	/root/eomt/checkpoints/bpd-resolution-screening/res256/bpd-resolution-screening-res256_config.yaml
772	2026-07-24 09:30:29.4136648390	/root/eomt/checkpoints/bpd-resolution-screening/res256/test_image_order.csv
6088	2026-07-24 09:30:42.9053576680	/root/eomt/checkpoints/bpd-resolution-screening/res256/bpd-resolution-screening-res256_best_per_image.csv
6086	2026-07-24 09:33:10.8177401580	/root/eomt/checkpoints/bpd-resolution-screening/res256/bpd-resolution-screening-res256_final_per_image.csv
6597	2026-07-25 00:28:17.8056615960	/root/eomt/checkpoints/bpd-resolution-screening/res256/fixed_best_test.log
6093	2026-07-25 00:28:15.1457112780	/root/eomt/checkpoints/bpd-resolution-screening/res256/bpd-resolution-screening-res256_best_fixed_channel_per_image.csv
6569	2026-07-25 00:32:08.0225244070	/root/eomt/checkpoints/bpd-resolution-screening/res256/fixed_final_test.log
6093	2026-07-25 00:29:55.7198291810	/root/eomt/checkpoints/bpd-resolution-screening/res256/bpd-resolution-screening-res256_final_fixed_channel_per_image.csv
299829141	2026-07-24 09:40:21.3293933290	/root/eomt/checkpoints/bpd-resolution-screening/res512/bpd-resolution-screening-res512_best.ckpt
299829141	2026-07-24 09:42:50.5767191060	/root/eomt/checkpoints/bpd-resolution-screening/res512/last.ckpt
299829141	2026-07-24 09:43:54.4484349240	/root/eomt/checkpoints/bpd-resolution-screening/res512/bpd-resolution-screening-res512_final.ckpt
2445	2026-07-24 09:43:54.4524350880	/root/eomt/checkpoints/bpd-resolution-screening/res512/bpd-resolution-screening-res512_config.yaml
772	2026-07-24 09:43:59.7126486510	/root/eomt/checkpoints/bpd-resolution-screening/res512/test_image_order.csv
6165	2026-07-24 09:44:14.5892344470	/root/eomt/checkpoints/bpd-resolution-screening/res512/bpd-resolution-screening-res512_best_per_image.csv
6167	2026-07-24 09:45:13.4553020770	/root/eomt/checkpoints/bpd-resolution-screening/res512/bpd-resolution-screening-res512_final_per_image.csv
6597	2026-07-25 00:34:22.6582743750	/root/eomt/checkpoints/bpd-resolution-screening/res512/fixed_best_test.log
6167	2026-07-25 00:33:44.2063984070	/root/eomt/checkpoints/bpd-resolution-screening/res512/bpd-resolution-screening-res512_best_fixed_channel_per_image.csv
6600	2026-07-25 00:36:10.9657319230	/root/eomt/checkpoints/bpd-resolution-screening/res512/fixed_final_test.log
6171	2026-07-25 00:35:59.2458032030	/root/eomt/checkpoints/bpd-resolution-screening/res512/bpd-resolution-screening-res512_final_fixed_channel_per_image.csv
1042	2026-07-14 03:25:26.3869401460	/root/eomt/eomt/configs/dinov2/ade20k/panoptic/eomt_giant_1280.yaml
1014	2026-07-14 03:25:27.6589424840	/root/eomt/eomt/configs/dinov2/ade20k/panoptic/eomt_giant_640.yaml
928	2026-07-14 03:25:28.9389448230	/root/eomt/eomt/configs/dinov2/ade20k/panoptic/eomt_large_1280.yaml
900	2026-07-14 03:25:30.2109471330	/root/eomt/eomt/configs/dinov2/ade20k/panoptic/eomt_large_640.yaml
661	2026-07-14 03:25:32.1229505800	/root/eomt/eomt/configs/dinov2/ade20k/semantic/eomt_large_512.yaml
671	2026-07-14 03:25:34.6749551270	/root/eomt/eomt/configs/dinov2/cityscapes/semantic/eomt_large_1024.yaml
727	2026-07-14 03:25:37.2349596350	/root/eomt/eomt/configs/dinov2/coco/instance/eomt_large_1280.yaml
685	2026-07-14 03:25:38.5789619780	/root/eomt/eomt/configs/dinov2/coco/instance/eomt_large_640.yaml
1019	2026-07-14 03:25:40.4869652780	/root/eomt/eomt/configs/dinov2/coco/panoptic/eomt_base_640.yaml
1022	2026-07-14 03:25:41.7709674800	/root/eomt/eomt/configs/dinov2/coco/panoptic/eomt_base_640_2x.yaml
1076	2026-07-14 03:25:43.0429696500	/root/eomt/eomt/configs/dinov2/coco/panoptic/eomt_giant_1280.yaml
1048	2026-07-14 03:25:44.3269718250	/root/eomt/eomt/configs/dinov2/coco/panoptic/eomt_giant_640.yaml
962	2026-07-14 03:25:45.5989739650	/root/eomt/eomt/configs/dinov2/coco/panoptic/eomt_large_1280.yaml
934	2026-07-14 03:25:46.8709760920	/root/eomt/eomt/configs/dinov2/coco/panoptic/eomt_large_640.yaml
1021	2026-07-14 03:25:48.2069783110	/root/eomt/eomt/configs/dinov2/coco/panoptic/eomt_small_640.yaml
1024	2026-07-14 03:25:49.5229804810	/root/eomt/eomt/configs/dinov2/coco/panoptic/eomt_small_640_2x.yaml
850	2026-07-14 03:25:52.7149856860	/root/eomt/eomt/configs/dinov3/ade20k/semantic/eomt_large_512.yaml
878	2026-07-14 03:25:55.2589897740	/root/eomt/eomt/configs/dinov3/coco/instance/eomt_large_1280.yaml
877	2026-07-14 03:25:56.5309917980	/root/eomt/eomt/configs/dinov3/coco/instance/eomt_large_640.yaml
1131	2026-07-14 03:25:58.4429948130	/root/eomt/eomt/configs/dinov3/coco/panoptic/eomt_base_640_2x.yaml
1122	2026-07-14 03:25:59.7229968160	/root/eomt/eomt/configs/dinov3/coco/panoptic/eomt_large_1280.yaml
1120	2026-07-14 03:26:01.0789989220	/root/eomt/eomt/configs/dinov3/coco/panoptic/eomt_large_640.yaml
1132	2026-07-14 03:26:02.3510008850	/root/eomt/eomt/configs/dinov3/coco/panoptic/eomt_small_640_2x.yaml
2971	2026-07-14 03:26:04.9190048050	/root/eomt/eomt/configs/landmark/bpd_coord_direct.yaml
2804	2026-07-14 03:26:06.2390067990	/root/eomt/eomt/configs/landmark/bpd_deconv_v2.yaml
3678	2026-07-14 03:26:07.5070087010	/root/eomt/eomt/configs/landmark/bpd_deconv_v2_fpn.yaml
3434	2026-07-14 03:26:08.8230106620	/root/eomt/eomt/configs/landmark/bpd_deconv_v2_fpn_ema.yaml
4057	2026-07-14 03:26:10.1870126790	/root/eomt/eomt/configs/landmark/bpd_deconv_v2_fpn_lora.yaml
4509	2026-07-14 03:26:11.4550145390	/root/eomt/eomt/configs/landmark/bpd_deconv_v2_fpn_lora_ema.yaml
4169	2026-07-14 03:26:12.8270165390	/root/eomt/eomt/configs/landmark/bpd_deconv_v2_fpn_udp.yaml
4295	2026-07-14 03:26:14.1790184940	/root/eomt/eomt/configs/landmark/bpd_deconv_v2_fpn_udp_ema.yaml
3715	2026-07-14 03:26:15.4790203600	/root/eomt/eomt/configs/landmark/bpd_deconv_v2_fpn_udp_ema_hc18.yaml
3718	2026-07-14 03:26:16.9510224570	/root/eomt/eomt/configs/landmark/bpd_deconv_v2_fpn_udp_hm128.yaml
2777	2026-07-14 03:26:18.2350242720	/root/eomt/eomt/configs/landmark/bpd_deconv_v2_frozen.yaml
3494	2026-07-14 03:26:19.5070260560	/root/eomt/eomt/configs/landmark/bpd_deconv_v2_hc18.yaml
3122	2026-07-14 03:26:20.7830278330	/root/eomt/eomt/configs/landmark/bpd_deconv_v2_hm128.yaml
3746	2026-07-14 03:26:22.0550295940	/root/eomt/eomt/configs/landmark/bpd_vit_small.yaml
4348	2026-07-14 03:26:23.3350313500	/root/eomt/eomt/configs/landmark/face300w_vit_small.yaml
3939	2026-07-14 03:26:24.6110330900	/root/eomt/eomt/configs/landmark/ofd_deconv_v2_fpn_udp.yaml
2304	2026-07-14 03:26:25.9390348860	/root/eomt/eomt/configs/landmark/ofd_vit_small.yaml
15610676	2026-07-15 02:58:48.5643524590	/root/eomt/face300w_baseline.log
39208201	2026-07-15 09:33:12.9585171570	/root/eomt/face300w_ablation.log
108135322	2026-07-17 00:30:34.8317088200	/root/eomt/face300w_5seed_ablation.log
4395	2026-07-17 21:00:58.6438534940	/root/eomt/face300w_5seed_results.tsv
3387	2026-07-17 01:53:37.8759872340	/root/eomt/face300w_5seed_results_rungs1and2_backup.tsv
14442694	2026-07-17 04:27:21.5409079810	/root/eomt/face300w_5seed_ablation_part2.log
84661644	2026-07-17 21:00:59.7724122680	/root/eomt/face300w_5seed_ablation_part4.log
1275467	2026-07-18 01:49:20.8250192310	/root/eomt/fpn_udp_loaderseed_ablation.log
240	2026-07-19 04:07:46.9754117770	/root/eomt/dinov3_bpd_results.tsv
161	2026-07-19 06:57:49.9879101590	/root/eomt/dinov3_ofd_results.tsv
25	2026-07-19 01:58:41.5126014450	/root/eomt/dinov3_300w_results.tsv
171	2026-07-19 03:13:55.5394663020	/root/eomt/dinov3_bpd_fpn_udp_results.tsv
1157149	2026-07-19 03:13:55.5914639000	/root/eomt/dinov3_bpd_fpn_udp_ablation.log
1269565	2026-07-19 04:07:48.2513840690	/root/eomt/dinov3_bpd_fpn_udp_ema_ablation.log
1546455	2026-07-19 05:02:17.4709695260	/root/eomt/dinov3_ofd_ablation.log
362910	2026-07-19 06:54:04.7946198420	/root/eomt/dinov3_ofd_ablation_retry.log
171	2026-07-19 08:28:32.1110987190	/root/eomt/dinov3_bpd_fpn_udp_rotate_results.tsv
1643457	2026-08-08 04:13:13.4512159470	/root/eomt/ucl_bpd_dinov3_recovery_5seed.log
1691832	2026-08-08 03:07:54.9854587290	/root/eomt/ucl_bpd_dinov2_recovery_5seed.log
161	2026-07-21 07:19:51.4151064540	/root/eomt/dinov2_ofd_fpn_udp_rotate_scale_results.tsv
1215546	2026-07-21 08:10:07.7512005040	/root/eomt/ofd_deconv_v2_baseline_ablation.log
161	2026-07-21 08:10:06.9672227490	/root/eomt/ofd_deconv_v2_baseline_results.tsv
162	2026-07-21 09:02:53.0183692190	/root/eomt/apad_fpn_udp_rotate_scale_results.tsv
170	2026-07-21 10:02:03.1619607720	/root/eomt/tad_fpn_udp_rotate_scale_results.tsv
161	2026-07-21 10:50:26.7548062030	/root/eomt/fl_fpn_udp_rotate_scale_results.tsv
161	2026-07-24 01:40:26.1127994040	/root/eomt/apad_dinov3_fpn_udp_rotate_scale_results.tsv
1058648	2026-07-24 01:40:26.1567964830	/root/eomt/apad_dinov3_fpn_udp_rotate_scale_ablation.log
1633509	2026-07-24 03:18:28.9901426550	/root/eomt/ofd_dinov3_fpn_udp_rotate_scale_ablation.log
161	2026-07-24 03:18:28.9421440890	/root/eomt/ofd_dinov3_fpn_udp_rotate_scale_results.tsv
1555608	2026-07-24 04:34:37.9110352620	/root/eomt/tad_dinov3_fpn_udp_rotate_scale_ablation.log
164	2026-07-24 04:34:37.8670373230	/root/eomt/tad_dinov3_fpn_udp_rotate_scale_results.tsv
1340981	2026-07-24 06:48:15.9365063220	/root/eomt/fl_dinov3_fpn_udp_rotate_scale_ablation.log
161	2026-07-24 06:48:15.8885078950	/root/eomt/fl_dinov3_fpn_udp_rotate_scale_results.tsv
597141	2026-07-24 08:37:08.7038569320	/root/eomt/bpd_sigma_screening.log
82	2026-07-24 08:37:08.6638625430	/root/eomt/bpd_sigma_screening_results.tsv
768546	2026-07-24 09:45:18.2754545650	/root/eomt/bpd_resolution_screening.log
82	2026-07-24 09:45:18.2434535610	/root/eomt/bpd_resolution_screening_results.tsv
20007	2026-08-02 13:38:46.1095782540	/root/eomt/hrnet_512_fixed_5seed.log
541	2026-07-25 04:24:47.7099630710	/root/eomt/bpd_resolution_screening_5seed_results.tsv
2908377	2026-07-25 04:24:47.7539611370	/root/eomt/bpd_resolution_screening_5seed.log
4329699	2026-07-25 07:56:51.4065223970	/root/eomt/multicentre_canary.log
3135	2026-07-27 10:30:18.8664513320	/root/eomt/multicentre_5seed_results.tsv
18234917	2026-07-25 14:31:13.5405125480	/root/eomt/multicentre_5seed_ablation.log
2407	2026-07-25 14:42:04.1905925580	/root/eomt/multicentre_bpd_dinov2_ensemble_fix.log
2447	2026-07-25 14:47:49.4204698800	/root/eomt/multicentre_bpd_dinov2_ensemble_dod_fix.log
5350131	2026-07-27 08:03:00.8222121080	/root/eomt/multicentre_next_group.log
8566702	2026-07-26 00:18:52.5400354010	/root/eomt/multicentre_bpd_dinov3_resume.log
5071615	2026-07-27 10:31:56.3539790170	/root/eomt/multicentre_fl_dinov3.log
1500	2026-07-27 10:58:53.4290623460	/root/eomt/baseline_reproduction/configs/fetal_landmark_hrnet_w18_MULTICENTRE_abdomen_APAD.yaml
1500	2026-07-27 10:58:54.6450652270	/root/eomt/baseline_reproduction/configs/fetal_landmark_hrnet_w18_MULTICENTRE_abdomen_TAD.yaml
1488	2026-07-27 10:58:55.8650680450	/root/eomt/baseline_reproduction/configs/fetal_landmark_hrnet_w18_MULTICENTRE_brain_BPD.yaml
1488	2026-07-27 10:58:57.1250708710	/root/eomt/baseline_reproduction/configs/fetal_landmark_hrnet_w18_MULTICENTRE_brain_OFD.yaml
1490	2026-07-27 10:58:58.3450735280	/root/eomt/baseline_reproduction/configs/fetal_landmark_hrnet_w18_MULTICENTRE_femur_FL.yaml
1476	2026-07-27 10:58:59.5610761020	/root/eomt/baseline_reproduction/configs/fetal_landmark_hrnet_w18_UCL_abdomen_APAD.yaml
1475	2026-07-27 10:59:00.7770786030	/root/eomt/baseline_reproduction/configs/fetal_landmark_hrnet_w18_UCL_abdomen_TAD.yaml
1464	2026-07-27 10:59:02.5170820470	/root/eomt/baseline_reproduction/configs/fetal_landmark_hrnet_w18_UCL_brain_BPD.yaml
1464	2026-07-27 10:59:03.7450843870	/root/eomt/baseline_reproduction/configs/fetal_landmark_hrnet_w18_UCL_brain_OFD.yaml
1466	2026-07-27 10:59:04.9610866310	/root/eomt/baseline_reproduction/configs/fetal_landmark_hrnet_w18_UCL_femur_FL.yaml
106	2026-07-27 12:43:18.5584400970	/root/eomt/baseline_reproduction/hrnet_canary_results.tsv
1641	2026-07-28 08:57:57.9175253910	/root/eomt/baseline_reproduction/hrnet_reproduction_results.tsv
321	2026-07-27 12:21:59.6695665670	/root/eomt/hrnet_multicentre_canary.log
674	2026-07-27 12:43:18.6384411310	/root/eomt/hrnet_multicentre_canary_retry.log
1580	2026-07-27 17:32:31.3635427220	/root/eomt/hrnet_multicentre_formal.log
2089	2026-07-27 23:56:28.8660933520	/root/eomt/hrnet_multicentre_ofd_formal.log
2646	2026-07-28 02:40:40.5748992620	/root/eomt/hrnet_multicentre_apad_formal.log
3157	2026-07-28 05:58:11.5386522300	/root/eomt/hrnet_multicentre_tad_formal.log
3633	2026-07-28 08:57:57.9975240520	/root/eomt/hrnet_multicentre_fl_formal.log
1497	2026-08-01 01:42:05.2515285610	/root/eomt/hrnet_512_fixed_preflight.log
1593	2026-08-01 02:20:25.0200792260	/root/eomt/hrnet_512_fixed_preflight_decode_fix.log
1856	2026-08-02 16:32:41.2022889950	/root/eomt/ucl_eomt_per_image.log
108642	2026-08-07 08:23:42.7597750450	/root/eomt/rtmpose_ucl_bpd_seed42_preflight.log
93015	2026-08-07 08:26:28.1673622260	/root/eomt/rtmpose_live_gate.log
32084	2026-08-07 08:34:40.4677760700	/root/eomt/rtmpose_ucl_bpd_seed42_smoke.log
10668	2026-08-07 08:36:59.1497821550	/root/eomt/endpoint_ordering_analysis.log
10927	2026-08-07 20:09:31.7842325680	/root/eomt/endpoint_raw_vs_xsort_final.log
11054	2026-08-07 21:05:08.0397832380	/root/eomt/endpoint_correspondence_final.log
6529	2026-08-08 01:17:43.2057048510	/root/eomt/endpoint_permutation_invariant_tests.log
18546	2026-08-08 01:20:25.9377502910	/root/eomt/endpoint_permutation_invariant_final.log
167	2026-08-08 03:07:54.9414595940	/root/eomt/dinov2_bpd_fpn_udp_rotate_scale_results.tsv
19131	2026-08-08 03:18:09.2896366850	/root/eomt/permutation_invariant_with_bpd_dinov2.log
167	2026-08-08 04:13:13.4152164500	/root/eomt/dinov3_bpd_fpn_udp_rotate_scale_results.tsv
19369	2026-08-08 04:23:31.5166830310	/root/eomt/permutation_invariant_complete_30of30.log
140067	2026-08-08 04:32:11.4607195400	/root/eomt/rtmpose_ucl_bpd_seed42_preflight_20260808.log
32084	2026-08-08 04:33:24.8792170410	/root/eomt/rtmpose_ucl_bpd_seed42_smoke_20260808.log
247143	2026-08-08 04:40:09.2153684930	/root/eomt/rtmpose_ucl_bpd_seed42_canary_20260808.log
283808485	2026-06-30 01:31:02.9960733920	/root/autodl-tmp/seed_ablation_backup/run18_reproduce_seed42.ckpt
283808485	2026-06-30 01:31:03.1840638210	/root/autodl-tmp/seed_ablation_backup/seed0_best.ckpt
283808485	2026-06-30 01:31:03.3760540470	/root/autodl-tmp/seed_ablation_backup/seed123_best.ckpt
283808485	2026-06-30 01:31:03.5560448830	/root/autodl-tmp/seed_ablation_backup/seed2024_best.ckpt
283808485	2026-06-30 01:31:03.7560347010	/root/autodl-tmp/seed_ablation_backup/seed3407_best.ckpt
299828885	2026-07-12 09:35:32.7653390360	/root/autodl-tmp/saved_checkpoints/fpn-udp-best/seed42_best.ckpt
299828949	2026-07-12 09:35:32.9733384610	/root/autodl-tmp/saved_checkpoints/fpn-udp-best/seed3407_best.ckpt
299828885	2026-07-12 09:36:16.3571773980	/root/autodl-tmp/saved_checkpoints/fpn-udp-best/seed0_best.ckpt
299828885	2026-07-12 09:36:16.5331765840	/root/autodl-tmp/saved_checkpoints/fpn-udp-best/seed123_best.ckpt
299828885	2026-07-12 09:36:16.7291756780	/root/autodl-tmp/saved_checkpoints/fpn-udp-best/seed2024_best.ckpt
399743470	2026-07-12 10:29:24.3429121610	/root/autodl-tmp/saved_checkpoints/fpn-udp-ema-best/seed0_best.ckpt
399743470	2026-07-12 10:29:24.6069068850	/root/autodl-tmp/saved_checkpoints/fpn-udp-ema-best/seed123_best.ckpt
399743470	2026-07-12 10:29:24.8669016870	/root/autodl-tmp/saved_checkpoints/fpn-udp-ema-best/seed2024_best.ckpt
399743470	2026-07-12 10:29:25.1508960100	/root/autodl-tmp/saved_checkpoints/fpn-udp-ema-best/seed3407_best.ckpt
399743470	2026-07-12 10:29:25.3868912920	/root/autodl-tmp/saved_checkpoints/fpn-udp-ema-best/seed42_best.ckpt
299833739	2026-07-12 10:29:25.6068868940	/root/autodl-tmp/saved_checkpoints/fpn-udp-ema-best/seed0_ema.ckpt
299835457	2026-07-12 10:29:25.7948831350	/root/autodl-tmp/saved_checkpoints/fpn-udp-ema-best/seed123_ema.ckpt
299836316	2026-07-12 10:29:25.9908792170	/root/autodl-tmp/saved_checkpoints/fpn-udp-ema-best/seed2024_ema.ckpt
299836316	2026-07-12 10:29:26.1948751380	/root/autodl-tmp/saved_checkpoints/fpn-udp-ema-best/seed3407_ema.ckpt
299834598	2026-07-12 10:29:26.4108708190	/root/autodl-tmp/saved_checkpoints/fpn-udp-ema-best/seed42_ema.ckpt
299828949	2026-07-14 03:11:48.1239912330	/root/autodl-tmp/saved_checkpoints/ofd/seed2024/seed2024_best.ckpt
299828949	2026-07-14 03:11:48.2959946200	/root/autodl-tmp/saved_checkpoints/ofd/seed2024/seed2024_final.ckpt
2330	2026-07-14 03:11:48.2959946200	/root/autodl-tmp/saved_checkpoints/ofd/seed2024/seed2024_config.yaml
299828949	2026-07-14 03:11:48.7040026570	/root/autodl-tmp/saved_checkpoints/ofd/seed42/seed42_best.ckpt
299828949	2026-07-14 03:11:48.9120067540	/root/autodl-tmp/saved_checkpoints/ofd/seed42/seed42_final.ckpt
2320	2026-07-14 03:11:48.9120067540	/root/autodl-tmp/saved_checkpoints/ofd/seed42/seed42_config.yaml
299828949	2026-07-14 03:11:49.3000143830	/root/autodl-tmp/saved_checkpoints/ofd/seed123/seed123_best.ckpt
299828949	2026-07-14 03:11:49.4840179990	/root/autodl-tmp/saved_checkpoints/ofd/seed123/seed123_final.ckpt
2325	2026-07-14 03:11:49.4840179990	/root/autodl-tmp/saved_checkpoints/ofd/seed123/seed123_config.yaml
299828949	2026-07-14 03:11:49.6840219300	/root/autodl-tmp/saved_checkpoints/ofd/seed3407/seed3407_best.ckpt
299828949	2026-07-14 03:11:50.0880298660	/root/autodl-tmp/saved_checkpoints/ofd/seed3407/seed3407_final.ckpt
2330	2026-07-14 03:11:50.0880298660	/root/autodl-tmp/saved_checkpoints/ofd/seed3407/seed3407_config.yaml
299828949	2026-07-14 03:11:50.4720373950	/root/autodl-tmp/saved_checkpoints/ofd/seed0/seed0_best.ckpt
299828949	2026-07-14 03:11:50.6560410040	/root/autodl-tmp/saved_checkpoints/ofd/seed0/seed0_final.ckpt
2315	2026-07-14 03:11:50.6560410040	/root/autodl-tmp/saved_checkpoints/ofd/seed0/seed0_config.yaml
294477653	2026-07-21 07:36:21.2933799540	/root/autodl-tmp/saved_checkpoints/ofd_deconv_v2_baseline/seed42/seed42_best.ckpt
294477653	2026-07-21 07:39:02.4539489930	/root/autodl-tmp/saved_checkpoints/ofd_deconv_v2_baseline/seed42/seed42_final.ckpt
2216	2026-07-21 07:39:02.4579489080	/root/autodl-tmp/saved_checkpoints/ofd_deconv_v2_baseline/seed42/seed42_config.yaml
294477653	2026-07-21 07:46:13.4701402100	/root/autodl-tmp/saved_checkpoints/ofd_deconv_v2_baseline/seed0/seed0_best.ckpt
294477653	2026-07-21 07:48:14.1040809640	/root/autodl-tmp/saved_checkpoints/ofd_deconv_v2_baseline/seed0/seed0_final.ckpt
2211	2026-07-21 07:48:14.1080807730	/root/autodl-tmp/saved_checkpoints/ofd_deconv_v2_baseline/seed0/seed0_config.yaml
294477653	2026-07-21 07:51:01.0246496800	/root/autodl-tmp/saved_checkpoints/ofd_deconv_v2_baseline/seed123/seed123_best.ckpt
294477653	2026-07-21 07:54:15.0890298480	/root/autodl-tmp/saved_checkpoints/ofd_deconv_v2_baseline/seed123/seed123_final.ckpt
2221	2026-07-21 07:54:15.0930297010	/root/autodl-tmp/saved_checkpoints/ofd_deconv_v2_baseline/seed123/seed123_config.yaml
294477653	2026-07-21 07:59:08.0708942490	/root/autodl-tmp/saved_checkpoints/ofd_deconv_v2_baseline/seed2024/seed2024_best.ckpt
294477653	2026-07-21 08:00:56.2875624810	/root/autodl-tmp/saved_checkpoints/ofd_deconv_v2_baseline/seed2024/seed2024_final.ckpt
2226	2026-07-21 08:00:56.2915643550	/root/autodl-tmp/saved_checkpoints/ofd_deconv_v2_baseline/seed2024/seed2024_config.yaml
294477653	2026-07-21 08:06:21.4257151920	/root/autodl-tmp/saved_checkpoints/ofd_deconv_v2_baseline/seed3407/seed3407_best.ckpt
294477653	2026-07-21 08:09:29.7122821170	/root/autodl-tmp/saved_checkpoints/ofd_deconv_v2_baseline/seed3407/seed3407_final.ckpt
2226	2026-07-21 08:09:29.7162820030	/root/autodl-tmp/saved_checkpoints/ofd_deconv_v2_baseline/seed3407/seed3407_config.yaml
299829077	2026-07-21 08:30:11.8748706670	/root/autodl-tmp/saved_checkpoints/apad_fpn_udp_rotate_scale/seed0/seed0_best.ckpt
299829077	2026-07-21 08:32:52.8901114750	/root/autodl-tmp/saved_checkpoints/apad_fpn_udp_rotate_scale/seed0/seed0_final.ckpt
2398	2026-07-21 08:32:52.8941113580	/root/autodl-tmp/saved_checkpoints/apad_fpn_udp_rotate_scale/seed0/seed0_config.yaml
299829077	2026-07-21 08:42:02.3103467800	/root/autodl-tmp/saved_checkpoints/apad_fpn_udp_rotate_scale/seed123/seed123_best.ckpt
299829077	2026-07-21 08:44:16.9985468320	/root/autodl-tmp/saved_checkpoints/apad_fpn_udp_rotate_scale/seed123/seed123_final.ckpt
2408	2026-07-21 08:44:17.0025467200	/root/autodl-tmp/saved_checkpoints/apad_fpn_udp_rotate_scale/seed123/seed123_config.yaml
299829077	2026-07-21 08:50:43.5117111210	/root/autodl-tmp/saved_checkpoints/apad_fpn_udp_rotate_scale/seed2024/seed2024_best.ckpt
2413	2026-07-21 08:50:50.5755137610	/root/autodl-tmp/saved_checkpoints/apad_fpn_udp_rotate_scale/seed2024/seed2024_config.yaml
299829077	2026-07-21 08:50:50.5715138720	/root/autodl-tmp/saved_checkpoints/apad_fpn_udp_rotate_scale/seed2024/seed2024_final.ckpt
299829077	2026-07-21 08:59:14.6213547640	/root/autodl-tmp/saved_checkpoints/apad_fpn_udp_rotate_scale/seed3407/seed3407_best.ckpt
299829077	2026-07-21 09:00:08.9966978300	/root/autodl-tmp/saved_checkpoints/apad_fpn_udp_rotate_scale/seed3407/seed3407_final.ckpt
2413	2026-07-21 09:00:09.0006977800	/root/autodl-tmp/saved_checkpoints/apad_fpn_udp_rotate_scale/seed3407/seed3407_config.yaml
299829077	2026-07-21 08:19:45.9828238050	/root/autodl-tmp/saved_checkpoints/apad_fpn_udp_rotate_scale/seed42/seed42_best.ckpt
299829077	2026-07-21 08:21:53.3064837660	/root/autodl-tmp/saved_checkpoints/apad_fpn_udp_rotate_scale/seed42/seed42_final.ckpt
2403	2026-07-21 08:21:53.3104836320	/root/autodl-tmp/saved_checkpoints/apad_fpn_udp_rotate_scale/seed42/seed42_config.yaml
299829077	2026-07-21 09:29:25.4780872400	/root/autodl-tmp/saved_checkpoints/tad_fpn_udp_rotate_scale/seed0/seed0_best.ckpt
299829077	2026-07-21 09:31:33.7592759750	/root/autodl-tmp/saved_checkpoints/tad_fpn_udp_rotate_scale/seed0/seed0_final.ckpt
2395	2026-07-21 09:31:33.7632759990	/root/autodl-tmp/saved_checkpoints/tad_fpn_udp_rotate_scale/seed0/seed0_config.yaml
299829077	2026-07-21 09:34:23.5156735660	/root/autodl-tmp/saved_checkpoints/tad_fpn_udp_rotate_scale/seed123/seed123_best.ckpt
299829077	2026-07-21 09:38:32.9545455580	/root/autodl-tmp/saved_checkpoints/tad_fpn_udp_rotate_scale/seed123/seed123_final.ckpt
2405	2026-07-21 09:38:32.9585455270	/root/autodl-tmp/saved_checkpoints/tad_fpn_udp_rotate_scale/seed123/seed123_config.yaml
299829077	2026-07-21 09:46:28.3691567420	/root/autodl-tmp/saved_checkpoints/tad_fpn_udp_rotate_scale/seed2024/seed2024_best.ckpt
299829077	2026-07-21 09:52:09.8959603390	/root/autodl-tmp/saved_checkpoints/tad_fpn_udp_rotate_scale/seed2024/seed2024_final.ckpt
2410	2026-07-21 09:52:09.8959603390	/root/autodl-tmp/saved_checkpoints/tad_fpn_udp_rotate_scale/seed2024/seed2024_config.yaml
299829077	2026-07-21 09:59:18.3967498030	/root/autodl-tmp/saved_checkpoints/tad_fpn_udp_rotate_scale/seed3407/seed3407_best.ckpt
299829077	2026-07-21 10:01:26.5079147230	/root/autodl-tmp/saved_checkpoints/tad_fpn_udp_rotate_scale/seed3407/seed3407_final.ckpt
2410	2026-07-21 10:01:26.5119146520	/root/autodl-tmp/saved_checkpoints/tad_fpn_udp_rotate_scale/seed3407/seed3407_config.yaml
299829077	2026-07-21 09:18:53.1673633910	/root/autodl-tmp/saved_checkpoints/tad_fpn_udp_rotate_scale/seed42/seed42_best.ckpt
299829077	2026-07-21 09:19:00.3152054490	/root/autodl-tmp/saved_checkpoints/tad_fpn_udp_rotate_scale/seed42/seed42_final.ckpt
2400	2026-07-21 09:19:00.3192053600	/root/autodl-tmp/saved_checkpoints/tad_fpn_udp_rotate_scale/seed42/seed42_config.yaml
299829077	2026-07-21 10:25:45.3689650080	/root/autodl-tmp/saved_checkpoints/fl_fpn_udp_rotate_scale/seed0/seed0_best.ckpt
299829077	2026-07-21 10:25:52.3129545530	/root/autodl-tmp/saved_checkpoints/fl_fpn_udp_rotate_scale/seed0/seed0_final.ckpt
2386	2026-07-21 10:25:52.3169545470	/root/autodl-tmp/saved_checkpoints/fl_fpn_udp_rotate_scale/seed0/seed0_config.yaml
299829077	2026-07-21 10:32:06.5479543150	/root/autodl-tmp/saved_checkpoints/fl_fpn_udp_rotate_scale/seed123/seed123_best.ckpt
299829077	2026-07-21 10:34:34.5793894450	/root/autodl-tmp/saved_checkpoints/fl_fpn_udp_rotate_scale/seed123/seed123_final.ckpt
2396	2026-07-21 10:34:34.5833894280	/root/autodl-tmp/saved_checkpoints/fl_fpn_udp_rotate_scale/seed123/seed123_config.yaml
299829077	2026-07-21 10:41:28.2055341000	/root/autodl-tmp/saved_checkpoints/fl_fpn_udp_rotate_scale/seed2024/seed2024_best.ckpt
299829077	2026-07-21 10:43:49.9208390240	/root/autodl-tmp/saved_checkpoints/fl_fpn_udp_rotate_scale/seed2024/seed2024_final.ckpt
2401	2026-07-21 10:43:49.9248390040	/root/autodl-tmp/saved_checkpoints/fl_fpn_udp_rotate_scale/seed2024/seed2024_config.yaml
299829077	2026-07-21 10:49:51.1989920550	/root/autodl-tmp/saved_checkpoints/fl_fpn_udp_rotate_scale/seed3407/seed3407_final.ckpt
2401	2026-07-21 10:49:51.2029920340	/root/autodl-tmp/saved_checkpoints/fl_fpn_udp_rotate_scale/seed3407/seed3407_config.yaml
299829077	2026-07-21 10:49:43.9630298070	/root/autodl-tmp/saved_checkpoints/fl_fpn_udp_rotate_scale/seed3407/seed3407_best.ckpt
299829077	2026-07-21 10:16:39.8320658160	/root/autodl-tmp/saved_checkpoints/fl_fpn_udp_rotate_scale/seed42/seed42_best.ckpt
299829077	2026-07-21 10:17:47.6524295810	/root/autodl-tmp/saved_checkpoints/fl_fpn_udp_rotate_scale/seed42/seed42_final.ckpt
2391	2026-07-21 10:17:47.6564296000	/root/autodl-tmp/saved_checkpoints/fl_fpn_udp_rotate_scale/seed42/seed42_config.yaml
2329	2026-07-18 01:29:07.0436882580	/root/autodl-tmp/saved_checkpoints/fpn_udp_loaderseed_ablation/seed0/seed0_config.yaml
2339	2026-07-18 01:35:29.8584268160	/root/autodl-tmp/saved_checkpoints/fpn_udp_loaderseed_ablation/seed123/seed123_config.yaml
2344	2026-07-18 01:42:03.9452089610	/root/autodl-tmp/saved_checkpoints/fpn_udp_loaderseed_ablation/seed2024/seed2024_config.yaml
2344	2026-07-18 01:48:47.4698974540	/root/autodl-tmp/saved_checkpoints/fpn_udp_loaderseed_ablation/seed3407/seed3407_config.yaml
2334	2026-07-18 01:21:06.5591285160	/root/autodl-tmp/saved_checkpoints/fpn_udp_loaderseed_ablation/seed42/seed42_config.yaml
295106429	2026-07-24 01:10:47.1289880950	/root/autodl-tmp/saved_checkpoints/apad_dinov3_fpn_udp_rotate_scale/seed0/seed0_best.ckpt
295106429	2026-07-24 01:11:19.0039243410	/root/autodl-tmp/saved_checkpoints/apad_dinov3_fpn_udp_rotate_scale/seed0/seed0_final.ckpt
2409	2026-07-24 01:11:19.0079242080	/root/autodl-tmp/saved_checkpoints/apad_dinov3_fpn_udp_rotate_scale/seed0/seed0_config.yaml
295106493	2026-07-24 01:18:31.3449274260	/root/autodl-tmp/saved_checkpoints/apad_dinov3_fpn_udp_rotate_scale/seed123/seed123_best.ckpt
295106493	2026-07-24 01:20:31.1104548280	/root/autodl-tmp/saved_checkpoints/apad_dinov3_fpn_udp_rotate_scale/seed123/seed123_final.ckpt
2419	2026-07-24 01:20:31.1144543730	/root/autodl-tmp/saved_checkpoints/apad_dinov3_fpn_udp_rotate_scale/seed123/seed123_config.yaml
295106493	2026-07-24 01:27:08.8354686790	/root/autodl-tmp/saved_checkpoints/apad_dinov3_fpn_udp_rotate_scale/seed2024/seed2024_best.ckpt
295106493	2026-07-24 01:29:06.6096959910	/root/autodl-tmp/saved_checkpoints/apad_dinov3_fpn_udp_rotate_scale/seed2024/seed2024_final.ckpt
2424	2026-07-24 01:29:06.6136956680	/root/autodl-tmp/saved_checkpoints/apad_dinov3_fpn_udp_rotate_scale/seed2024/seed2024_config.yaml
295106493	2026-07-24 01:38:47.0954258510	/root/autodl-tmp/saved_checkpoints/apad_dinov3_fpn_udp_rotate_scale/seed3407/seed3407_best.ckpt
295106493	2026-07-24 01:39:19.0172776430	/root/autodl-tmp/saved_checkpoints/apad_dinov3_fpn_udp_rotate_scale/seed3407/seed3407_final.ckpt
2424	2026-07-24 01:39:19.0212773730	/root/autodl-tmp/saved_checkpoints/apad_dinov3_fpn_udp_rotate_scale/seed3407/seed3407_config.yaml
295106493	2026-07-24 00:27:51.1138239020	/root/autodl-tmp/saved_checkpoints/apad_dinov3_fpn_udp_rotate_scale/seed42/seed42_best.ckpt
295106493	2026-07-24 00:28:02.4456175290	/root/autodl-tmp/saved_checkpoints/apad_dinov3_fpn_udp_rotate_scale/seed42/seed42_final.ckpt
2414	2026-07-24 00:28:02.4496174560	/root/autodl-tmp/saved_checkpoints/apad_dinov3_fpn_udp_rotate_scale/seed42/seed42_config.yaml
295106429	2026-07-24 03:57:07.3475186160	/root/autodl-tmp/saved_checkpoints/tad_dinov3_fpn_udp_rotate_scale/seed0/seed0_best.ckpt
295106429	2026-07-24 03:57:50.2882771300	/root/autodl-tmp/saved_checkpoints/tad_dinov3_fpn_udp_rotate_scale/seed0/seed0_final.ckpt
2406	2026-07-24 03:57:50.2922768280	/root/autodl-tmp/saved_checkpoints/tad_dinov3_fpn_udp_rotate_scale/seed0/seed0_config.yaml
295106493	2026-07-24 04:05:07.7406326060	/root/autodl-tmp/saved_checkpoints/tad_dinov3_fpn_udp_rotate_scale/seed123/seed123_best.ckpt
295106493	2026-07-24 04:07:54.3361987750	/root/autodl-tmp/saved_checkpoints/tad_dinov3_fpn_udp_rotate_scale/seed123/seed123_final.ckpt
2416	2026-07-24 04:07:54.3401988970	/root/autodl-tmp/saved_checkpoints/tad_dinov3_fpn_udp_rotate_scale/seed123/seed123_config.yaml
295106493	2026-07-24 04:17:43.8108548320	/root/autodl-tmp/saved_checkpoints/tad_dinov3_fpn_udp_rotate_scale/seed2024/seed2024_final.ckpt
2421	2026-07-24 04:17:43.8148547330	/root/autodl-tmp/saved_checkpoints/tad_dinov3_fpn_udp_rotate_scale/seed2024/seed2024_config.yaml
295106493	2026-07-24 04:15:22.3458122640	/root/autodl-tmp/saved_checkpoints/tad_dinov3_fpn_udp_rotate_scale/seed2024/seed2024_best.ckpt
295106493	2026-07-24 04:25:36.1869419760	/root/autodl-tmp/saved_checkpoints/tad_dinov3_fpn_udp_rotate_scale/seed3407/seed3407_best.ckpt
295106493	2026-07-24 04:30:00.6557119120	/root/autodl-tmp/saved_checkpoints/tad_dinov3_fpn_udp_rotate_scale/seed3407/seed3407_final.ckpt
2421	2026-07-24 04:30:00.6597117340	/root/autodl-tmp/saved_checkpoints/tad_dinov3_fpn_udp_rotate_scale/seed3407/seed3407_config.yaml
295106429	2026-07-24 03:44:10.5718711650	/root/autodl-tmp/saved_checkpoints/tad_dinov3_fpn_udp_rotate_scale/seed42/seed42_best.ckpt
295106429	2026-07-24 03:46:50.0893253080	/root/autodl-tmp/saved_checkpoints/tad_dinov3_fpn_udp_rotate_scale/seed42/seed42_final.ckpt
2411	2026-07-24 03:46:50.0893253080	/root/autodl-tmp/saved_checkpoints/tad_dinov3_fpn_udp_rotate_scale/seed42/seed42_config.yaml
295106429	2026-07-24 02:43:24.4875552650	/root/autodl-tmp/saved_checkpoints/ofd_dinov3_fpn_udp_rotate_scale/seed0/seed0_best.ckpt
295106429	2026-07-24 02:47:21.8027558360	/root/autodl-tmp/saved_checkpoints/ofd_dinov3_fpn_udp_rotate_scale/seed0/seed0_final.ckpt
2397	2026-07-24 02:47:21.8027558360	/root/autodl-tmp/saved_checkpoints/ofd_dinov3_fpn_udp_rotate_scale/seed0/seed0_config.yaml
295106429	2026-07-24 02:58:48.5543603990	/root/autodl-tmp/saved_checkpoints/ofd_dinov3_fpn_udp_rotate_scale/seed123/seed123_final.ckpt
2407	2026-07-24 02:58:48.5583606480	/root/autodl-tmp/saved_checkpoints/ofd_dinov3_fpn_udp_rotate_scale/seed123/seed123_config.yaml
295106429	2026-07-24 02:52:27.0461144950	/root/autodl-tmp/saved_checkpoints/ofd_dinov3_fpn_udp_rotate_scale/seed123/seed123_best.ckpt
295106429	2026-07-24 03:03:11.3324690480	/root/autodl-tmp/saved_checkpoints/ofd_dinov3_fpn_udp_rotate_scale/seed2024/seed2024_best.ckpt
295106429	2026-07-24 03:07:44.5828205190	/root/autodl-tmp/saved_checkpoints/ofd_dinov3_fpn_udp_rotate_scale/seed2024/seed2024_final.ckpt
2412	2026-07-24 03:07:44.5868205010	/root/autodl-tmp/saved_checkpoints/ofd_dinov3_fpn_udp_rotate_scale/seed2024/seed2024_config.yaml
295106429	2026-07-24 03:17:51.3512534430	/root/autodl-tmp/saved_checkpoints/ofd_dinov3_fpn_udp_rotate_scale/seed3407/seed3407_final.ckpt
2412	2026-07-24 03:17:51.3512534430	/root/autodl-tmp/saved_checkpoints/ofd_dinov3_fpn_udp_rotate_scale/seed3407/seed3407_config.yaml
295106429	2026-07-24 03:14:45.1882535310	/root/autodl-tmp/saved_checkpoints/ofd_dinov3_fpn_udp_rotate_scale/seed3407/seed3407_best.ckpt
295106429	2026-07-24 02:37:56.3367002110	/root/autodl-tmp/saved_checkpoints/ofd_dinov3_fpn_udp_rotate_scale/seed42/seed42_final.ckpt
2402	2026-07-24 02:37:56.3367002110	/root/autodl-tmp/saved_checkpoints/ofd_dinov3_fpn_udp_rotate_scale/seed42/seed42_config.yaml
295106429	2026-07-24 02:34:41.0133928290	/root/autodl-tmp/saved_checkpoints/ofd_dinov3_fpn_udp_rotate_scale/seed42/seed42_best.ckpt
295106429	2026-07-24 06:11:21.3152900420	/root/autodl-tmp/saved_checkpoints/fl_dinov3_fpn_udp_rotate_scale/seed0/seed0_best.ckpt
295106429	2026-07-24 06:15:40.6191665210	/root/autodl-tmp/saved_checkpoints/fl_dinov3_fpn_udp_rotate_scale/seed0/seed0_final.ckpt
2397	2026-07-24 06:15:40.6231665120	/root/autodl-tmp/saved_checkpoints/fl_dinov3_fpn_udp_rotate_scale/seed0/seed0_config.yaml
295106429	2026-07-24 06:26:05.9096749920	/root/autodl-tmp/saved_checkpoints/fl_dinov3_fpn_udp_rotate_scale/seed123/seed123_best.ckpt
295106429	2026-07-24 06:28:52.0353831290	/root/autodl-tmp/saved_checkpoints/fl_dinov3_fpn_udp_rotate_scale/seed123/seed123_final.ckpt
2407	2026-07-24 06:28:52.0393828210	/root/autodl-tmp/saved_checkpoints/fl_dinov3_fpn_udp_rotate_scale/seed123/seed123_config.yaml
295106429	2026-07-24 06:34:35.3015335660	/root/autodl-tmp/saved_checkpoints/fl_dinov3_fpn_udp_rotate_scale/seed2024/seed2024_best.ckpt
295106429	2026-07-24 06:35:24.2350012870	/root/autodl-tmp/saved_checkpoints/fl_dinov3_fpn_udp_rotate_scale/seed2024/seed2024_final.ckpt
2412	2026-07-24 06:35:24.2390010830	/root/autodl-tmp/saved_checkpoints/fl_dinov3_fpn_udp_rotate_scale/seed2024/seed2024_config.yaml
295106429	2026-07-24 06:47:24.5422029500	/root/autodl-tmp/saved_checkpoints/fl_dinov3_fpn_udp_rotate_scale/seed3407/seed3407_final.ckpt
2412	2026-07-24 06:47:24.5462028150	/root/autodl-tmp/saved_checkpoints/fl_dinov3_fpn_udp_rotate_scale/seed3407/seed3407_config.yaml
295106429	2026-07-24 06:41:07.8637509050	/root/autodl-tmp/saved_checkpoints/fl_dinov3_fpn_udp_rotate_scale/seed3407/seed3407_best.ckpt
295106429	2026-07-24 06:04:49.5530406270	/root/autodl-tmp/saved_checkpoints/fl_dinov3_fpn_udp_rotate_scale/seed42/last.ckpt
295106429	2026-07-24 06:01:33.9940264140	/root/autodl-tmp/saved_checkpoints/fl_dinov3_fpn_udp_rotate_scale/seed42/seed42_best.ckpt
295106429	2026-08-02 16:29:43.6416390390	/root/autodl-tmp/saved_checkpoints/fl_dinov3_fpn_udp_rotate_scale/seed42/seed42_final.ckpt
2503	2026-07-25 03:11:57.9234384300	/root/autodl-tmp/saved_checkpoints/bpd_resolution_screening_5seed/res256/seed42/bpd-resolution-screening-5seed-res256-seed42_config.yaml
772	2026-07-25 03:12:03.3112508440	/root/autodl-tmp/saved_checkpoints/bpd_resolution_screening_5seed/res256/seed42/test_image_order.csv
6091	2026-07-25 03:12:17.8267470360	/root/autodl-tmp/saved_checkpoints/bpd_resolution_screening_5seed/res256/seed42/bpd-resolution-screening-5seed-res256-seed42_best_swapmin_per_image.csv
6102	2026-07-25 03:14:48.8376284660	/root/autodl-tmp/saved_checkpoints/bpd_resolution_screening_5seed/res256/seed42/bpd-resolution-screening-5seed-res256-seed42_best_fixedchannel_per_image.csv
6089	2026-07-25 03:15:08.5009765760	/root/autodl-tmp/saved_checkpoints/bpd_resolution_screening_5seed/res256/seed42/bpd-resolution-screening-5seed-res256-seed42_final_swapmin_per_image.csv
6098	2026-07-25 03:15:26.7283749440	/root/autodl-tmp/saved_checkpoints/bpd_resolution_screening_5seed/res256/seed42/bpd-resolution-screening-5seed-res256-seed42_final_fixedchannel_per_image.csv
2498	2026-07-25 03:31:20.3363684750	/root/autodl-tmp/saved_checkpoints/bpd_resolution_screening_5seed/res256/seed0/bpd-resolution-screening-5seed-res256-seed0_config.yaml
772	2026-07-25 03:31:25.9043324300	/root/autodl-tmp/saved_checkpoints/bpd_resolution_screening_5seed/res256/seed0/test_image_order.csv
6088	2026-07-25 03:31:41.1362287960	/root/autodl-tmp/saved_checkpoints/bpd_resolution_screening_5seed/res256/seed0/bpd-resolution-screening-5seed-res256-seed0_best_swapmin_per_image.csv
6097	2026-07-25 03:32:00.1320895070	/root/autodl-tmp/saved_checkpoints/bpd_resolution_screening_5seed/res256/seed0/bpd-resolution-screening-5seed-res256-seed0_best_fixedchannel_per_image.csv
6085	2026-07-25 03:32:25.1318898480	/root/autodl-tmp/saved_checkpoints/bpd_resolution_screening_5seed/res256/seed0/bpd-resolution-screening-5seed-res256-seed0_final_swapmin_per_image.csv
6096	2026-07-25 03:32:41.5277492040	/root/autodl-tmp/saved_checkpoints/bpd_resolution_screening_5seed/res256/seed0/bpd-resolution-screening-5seed-res256-seed0_final_fixedchannel_per_image.csv
2508	2026-07-25 03:48:03.4486660750	/root/autodl-tmp/saved_checkpoints/bpd_resolution_screening_5seed/res256/seed123/bpd-resolution-screening-5seed-res256-seed123_config.yaml
772	2026-07-25 03:48:08.3165659310	/root/autodl-tmp/saved_checkpoints/bpd_resolution_screening_5seed/res256/seed123/test_image_order.csv
6095	2026-07-25 03:48:22.4802739470	/root/autodl-tmp/saved_checkpoints/bpd_resolution_screening_5seed/res256/seed123/bpd-resolution-screening-5seed-res256-seed123_best_swapmin_per_image.csv
6101	2026-07-25 03:48:39.2439272350	/root/autodl-tmp/saved_checkpoints/bpd_resolution_screening_5seed/res256/seed123/bpd-resolution-screening-5seed-res256-seed123_best_fixedchannel_per_image.csv
6088	2026-07-25 03:49:01.0754739280	/root/autodl-tmp/saved_checkpoints/bpd_resolution_screening_5seed/res256/seed123/bpd-resolution-screening-5seed-res256-seed123_final_swapmin_per_image.csv
6093	2026-07-25 03:51:30.9003148900	/root/autodl-tmp/saved_checkpoints/bpd_resolution_screening_5seed/res256/seed123/bpd-resolution-screening-5seed-res256-seed123_final_fixedchannel_per_image.csv
2513	2026-07-25 04:08:30.1633232940	/root/autodl-tmp/saved_checkpoints/bpd_resolution_screening_5seed/res256/seed3407/bpd-resolution-screening-5seed-res256-seed3407_config.yaml
772	2026-07-25 04:08:35.6429805800	/root/autodl-tmp/saved_checkpoints/bpd_resolution_screening_5seed/res256/seed3407/test_image_order.csv
6090	2026-07-25 04:08:49.0981444250	/root/autodl-tmp/saved_checkpoints/bpd_resolution_screening_5seed/res256/seed3407/bpd-resolution-screening-5seed-res256-seed3407_best_swapmin_per_image.csv
6099	2026-07-25 04:09:06.8850505450	/root/autodl-tmp/saved_checkpoints/bpd_resolution_screening_5seed/res256/seed3407/bpd-resolution-screening-5seed-res256-seed3407_best_fixedchannel_per_image.csv
6089	2026-07-25 04:09:22.6880892940	/root/autodl-tmp/saved_checkpoints/bpd_resolution_screening_5seed/res256/seed3407/bpd-resolution-screening-5seed-res256-seed3407_final_swapmin_per_image.csv
6096	2026-07-25 04:09:38.7351230960	/root/autodl-tmp/saved_checkpoints/bpd_resolution_screening_5seed/res256/seed3407/bpd-resolution-screening-5seed-res256-seed3407_final_fixedchannel_per_image.csv
2503	2026-07-25 03:24:53.7556848670	/root/autodl-tmp/saved_checkpoints/bpd_resolution_screening_5seed/res512/seed42/bpd-resolution-screening-5seed-res512-seed42_config.yaml
772	2026-07-25 03:24:59.1517499510	/root/autodl-tmp/saved_checkpoints/bpd_resolution_screening_5seed/res512/seed42/test_image_order.csv
6165	2026-07-25 03:25:12.3359006850	/root/autodl-tmp/saved_checkpoints/bpd_resolution_screening_5seed/res512/seed42/bpd-resolution-screening-5seed-res512-seed42_best_swapmin_per_image.csv
6172	2026-07-25 03:25:35.2841357670	/root/autodl-tmp/saved_checkpoints/bpd_resolution_screening_5seed/res512/seed42/bpd-resolution-screening-5seed-res512-seed42_best_fixedchannel_per_image.csv
6162	2026-07-25 03:25:53.3522973140	/root/autodl-tmp/saved_checkpoints/bpd_resolution_screening_5seed/res512/seed42/bpd-resolution-screening-5seed-res512-seed42_final_swapmin_per_image.csv
6166	2026-07-25 03:26:10.4484317840	/root/autodl-tmp/saved_checkpoints/bpd_resolution_screening_5seed/res512/seed42/bpd-resolution-screening-5seed-res512-seed42_final_fixedchannel_per_image.csv
2498	2026-07-25 03:41:28.1723268730	/root/autodl-tmp/saved_checkpoints/bpd_resolution_screening_5seed/res512/seed0/bpd-resolution-screening-5seed-res512-seed0_config.yaml
772	2026-07-25 03:41:33.9082242940	/root/autodl-tmp/saved_checkpoints/bpd_resolution_screening_5seed/res512/seed0/test_image_order.csv
6166	2026-07-25 03:41:47.6439773610	/root/autodl-tmp/saved_checkpoints/bpd_resolution_screening_5seed/res512/seed0/bpd-resolution-screening-5seed-res512-seed0_best_swapmin_per_image.csv
6169	2026-07-25 03:42:05.2756577780	/root/autodl-tmp/saved_checkpoints/bpd_resolution_screening_5seed/res512/seed0/bpd-resolution-screening-5seed-res512-seed0_best_fixedchannel_per_image.csv
6166	2026-07-25 03:42:44.9429285480	/root/autodl-tmp/saved_checkpoints/bpd_resolution_screening_5seed/res512/seed0/bpd-resolution-screening-5seed-res512-seed0_final_swapmin_per_image.csv
6169	2026-07-25 03:43:13.5343946130	/root/autodl-tmp/saved_checkpoints/bpd_resolution_screening_5seed/res512/seed0/bpd-resolution-screening-5seed-res512-seed0_final_fixedchannel_per_image.csv
2508	2026-07-25 03:59:55.2549432850	/root/autodl-tmp/saved_checkpoints/bpd_resolution_screening_5seed/res512/seed123/bpd-resolution-screening-5seed-res512-seed123_config.yaml
772	2026-07-25 04:00:00.9983663370	/root/autodl-tmp/saved_checkpoints/bpd_resolution_screening_5seed/res512/seed123/test_image_order.csv
6163	2026-07-25 04:00:14.3842253090	/root/autodl-tmp/saved_checkpoints/bpd_resolution_screening_5seed/res512/seed123/bpd-resolution-screening-5seed-res512-seed123_best_swapmin_per_image.csv
6167	2026-07-25 04:00:33.8760679270	/root/autodl-tmp/saved_checkpoints/bpd_resolution_screening_5seed/res512/seed123/bpd-resolution-screening-5seed-res512-seed123_best_fixedchannel_per_image.csv
6163	2026-07-25 04:00:52.9141607360	/root/autodl-tmp/saved_checkpoints/bpd_resolution_screening_5seed/res512/seed123/bpd-resolution-screening-5seed-res512-seed123_final_swapmin_per_image.csv
6169	2026-07-25 04:03:26.1088190500	/root/autodl-tmp/saved_checkpoints/bpd_resolution_screening_5seed/res512/seed123/bpd-resolution-screening-5seed-res512-seed123_final_fixedchannel_per_image.csv
2513	2026-07-25 04:19:38.0359504300	/root/autodl-tmp/saved_checkpoints/bpd_resolution_screening_5seed/res512/seed3407/bpd-resolution-screening-5seed-res512-seed3407_config.yaml
772	2026-07-25 04:19:42.4997422910	/root/autodl-tmp/saved_checkpoints/bpd_resolution_screening_5seed/res512/seed3407/test_image_order.csv
6161	2026-07-25 04:19:56.1751060480	/root/autodl-tmp/saved_checkpoints/bpd_resolution_screening_5seed/res512/seed3407/bpd-resolution-screening-5seed-res512-seed3407_best_swapmin_per_image.csv
6165	2026-07-25 04:20:12.8863314090	/root/autodl-tmp/saved_checkpoints/bpd_resolution_screening_5seed/res512/seed3407/bpd-resolution-screening-5seed-res512-seed3407_best_fixedchannel_per_image.csv
6161	2026-07-25 04:20:29.5375625700	/root/autodl-tmp/saved_checkpoints/bpd_resolution_screening_5seed/res512/seed3407/bpd-resolution-screening-5seed-res512-seed3407_final_swapmin_per_image.csv
6165	2026-07-25 04:24:08.1117086230	/root/autodl-tmp/saved_checkpoints/bpd_resolution_screening_5seed/res512/seed3407/bpd-resolution-screening-5seed-res512-seed3407_final_fixedchannel_per_image.csv
2615	2026-07-25 07:55:09.0779020530	/root/autodl-tmp/saved_checkpoints/multicentre_5seed/multicentre-bpd-dinov2/seed42/seed42_config.yaml
35717	2026-07-25 07:55:14.8939487510	/root/autodl-tmp/saved_checkpoints/multicentre_5seed/multicentre-bpd-dinov2/seed42/test_image_order.csv
148874	2026-07-25 07:55:35.8861052670	/root/autodl-tmp/saved_checkpoints/multicentre_5seed/multicentre-bpd-dinov2/seed42/seed42_best_swapmin_per_image.csv
149139	2026-07-25 07:55:59.7982613340	/root/autodl-tmp/saved_checkpoints/multicentre_5seed/multicentre-bpd-dinov2/seed42/seed42_best_fixedchannel_per_image.csv
148852	2026-07-25 07:56:24.1103968180	/root/autodl-tmp/saved_checkpoints/multicentre_5seed/multicentre-bpd-dinov2/seed42/seed42_final_swapmin_per_image.csv
149121	2026-07-25 07:56:48.2665093360	/root/autodl-tmp/saved_checkpoints/multicentre_5seed/multicentre-bpd-dinov2/seed42/seed42_final_fixedchannel_per_image.csv
2610	2026-07-25 09:33:48.7033744650	/root/autodl-tmp/saved_checkpoints/multicentre_5seed/multicentre-bpd-dinov2/seed0/seed0_config.yaml
35717	2026-07-25 09:33:54.0833892640	/root/autodl-tmp/saved_checkpoints/multicentre_5seed/multicentre-bpd-dinov2/seed0/test_image_order.csv
148786	2026-07-25 09:34:15.2354471850	/root/autodl-tmp/saved_checkpoints/multicentre_5seed/multicentre-bpd-dinov2/seed0/seed0_best_swapmin_per_image.csv
149051	2026-07-25 09:34:38.1955095970	/root/autodl-tmp/saved_checkpoints/multicentre_5seed/multicentre-bpd-dinov2/seed0/seed0_best_fixedchannel_per_image.csv
148732	2026-07-25 09:35:02.3435747460	/root/autodl-tmp/saved_checkpoints/multicentre_5seed/multicentre-bpd-dinov2/seed0/seed0_final_swapmin_per_image.csv
148974	2026-07-25 09:35:27.2956415560	/root/autodl-tmp/saved_checkpoints/multicentre_5seed/multicentre-bpd-dinov2/seed0/seed0_final_fixedchannel_per_image.csv
2620	2026-07-25 11:10:39.4994890800	/root/autodl-tmp/saved_checkpoints/multicentre_5seed/multicentre-bpd-dinov2/seed123/seed123_config.yaml
35717	2026-07-25 11:10:45.2993629690	/root/autodl-tmp/saved_checkpoints/multicentre_5seed/multicentre-bpd-dinov2/seed123/test_image_order.csv
148772	2026-07-25 11:11:05.7389197540	/root/autodl-tmp/saved_checkpoints/multicentre_5seed/multicentre-bpd-dinov2/seed123/seed123_best_swapmin_per_image.csv
149022	2026-07-25 11:11:30.1143935910	/root/autodl-tmp/saved_checkpoints/multicentre_5seed/multicentre-bpd-dinov2/seed123/seed123_best_fixedchannel_per_image.csv
148768	2026-07-25 11:11:54.5578684640	/root/autodl-tmp/saved_checkpoints/multicentre_5seed/multicentre-bpd-dinov2/seed123/seed123_final_swapmin_per_image.csv
149003	2026-07-25 11:12:16.6573957570	/root/autodl-tmp/saved_checkpoints/multicentre_5seed/multicentre-bpd-dinov2/seed123/seed123_final_fixedchannel_per_image.csv
2625	2026-07-25 12:48:27.4073503210	/root/autodl-tmp/saved_checkpoints/multicentre_5seed/multicentre-bpd-dinov2/seed2024/seed2024_config.yaml
35717	2026-07-25 12:48:33.3231661210	/root/autodl-tmp/saved_checkpoints/multicentre_5seed/multicentre-bpd-dinov2/seed2024/test_image_order.csv
148733	2026-07-25 12:48:55.9144632080	/root/autodl-tmp/saved_checkpoints/multicentre_5seed/multicentre-bpd-dinov2/seed2024/seed2024_best_swapmin_per_image.csv
148983	2026-07-25 12:49:20.4137018060	/root/autodl-tmp/saved_checkpoints/multicentre_5seed/multicentre-bpd-dinov2/seed2024/seed2024_best_fixedchannel_per_image.csv
148735	2026-07-25 12:49:46.0529059100	/root/autodl-tmp/saved_checkpoints/multicentre_5seed/multicentre-bpd-dinov2/seed2024/seed2024_final_swapmin_per_image.csv
148976	2026-07-25 12:50:10.7441403000	/root/autodl-tmp/saved_checkpoints/multicentre_5seed/multicentre-bpd-dinov2/seed2024/seed2024_final_fixedchannel_per_image.csv
2625	2026-07-25 14:26:11.2030828950	/root/autodl-tmp/saved_checkpoints/multicentre_5seed/multicentre-bpd-dinov2/seed3407/seed3407_config.yaml
35717	2026-07-25 14:26:16.8190556900	/root/autodl-tmp/saved_checkpoints/multicentre_5seed/multicentre-bpd-dinov2/seed3407/test_image_order.csv
148740	2026-07-25 14:26:37.2429489760	/root/autodl-tmp/saved_checkpoints/multicentre_5seed/multicentre-bpd-dinov2/seed3407/seed3407_best_swapmin_per_image.csv
148966	2026-07-25 14:27:02.1468028870	/root/autodl-tmp/saved_checkpoints/multicentre_5seed/multicentre-bpd-dinov2/seed3407/seed3407_best_fixedchannel_per_image.csv
148734	2026-07-25 14:27:24.6546564070	/root/autodl-tmp/saved_checkpoints/multicentre_5seed/multicentre-bpd-dinov2/seed3407/seed3407_final_swapmin_per_image.csv
148977	2026-07-25 14:27:48.2424888500	/root/autodl-tmp/saved_checkpoints/multicentre_5seed/multicentre-bpd-dinov2/seed3407/seed3407_final_fixedchannel_per_image.csv
2626	2026-07-25 16:39:38.0953061920	/root/autodl-tmp/saved_checkpoints/multicentre_5seed/multicentre-bpd-dinov3/seed42/seed42_config.yaml
35717	2026-07-25 16:39:43.8468987880	/root/autodl-tmp/saved_checkpoints/multicentre_5seed/multicentre-bpd-dinov3/seed42/test_image_order.csv
148649	2026-07-25 16:40:05.2173980250	/root/autodl-tmp/saved_checkpoints/multicentre_5seed/multicentre-bpd-dinov3/seed42/seed42_best_swapmin_per_image.csv
148881	2026-07-25 16:40:29.9996824360	/root/autodl-tmp/saved_checkpoints/multicentre_5seed/multicentre-bpd-dinov3/seed42/seed42_best_fixedchannel_per_image.csv
148603	2026-07-25 16:40:54.2660271910	/root/autodl-tmp/saved_checkpoints/multicentre_5seed/multicentre-bpd-dinov3/seed42/seed42_final_swapmin_per_image.csv
148837	2026-07-25 16:41:18.8483740640	/root/autodl-tmp/saved_checkpoints/multicentre_5seed/multicentre-bpd-dinov3/seed42/seed42_final_fixedchannel_per_image.csv
2621	2026-07-25 17:59:25.8344067820	/root/autodl-tmp/saved_checkpoints/multicentre_5seed/multicentre-bpd-dinov3/seed0/seed0_config.yaml
35717	2026-07-25 17:59:31.5220203010	/root/autodl-tmp/saved_checkpoints/multicentre_5seed/multicentre-bpd-dinov3/seed0/test_image_order.csv
148740	2026-07-25 17:59:53.3885380770	/root/autodl-tmp/saved_checkpoints/multicentre_5seed/multicentre-bpd-dinov3/seed0/seed0_best_swapmin_per_image.csv
148966	2026-07-25 18:00:18.0759051040	/root/autodl-tmp/saved_checkpoints/multicentre_5seed/multicentre-bpd-dinov3/seed0/seed0_best_fixedchannel_per_image.csv
148668	2026-07-25 18:00:45.7118602700	/root/autodl-tmp/saved_checkpoints/multicentre_5seed/multicentre-bpd-dinov3/seed0/seed0_final_swapmin_per_image.csv
148932	2026-07-25 18:01:09.4181219030	/root/autodl-tmp/saved_checkpoints/multicentre_5seed/multicentre-bpd-dinov3/seed0/seed0_final_fixedchannel_per_image.csv
2631	2026-07-25 19:24:02.4663477200	/root/autodl-tmp/saved_checkpoints/multicentre_5seed/multicentre-bpd-dinov3/seed123/seed123_config.yaml
35717	2026-07-25 19:24:07.3938423480	/root/autodl-tmp/saved_checkpoints/multicentre_5seed/multicentre-bpd-dinov3/seed123/test_image_order.csv
148680	2026-07-25 19:24:26.7798761840	/root/autodl-tmp/saved_checkpoints/multicentre_5seed/multicentre-bpd-dinov3/seed123/seed123_best_swapmin_per_image.csv
148959	2026-07-25 19:24:49.9055754300	/root/autodl-tmp/saved_checkpoints/multicentre_5seed/multicentre-bpd-dinov3/seed123/seed123_best_fixedchannel_per_image.csv
148656	2026-07-25 19:25:12.6553575620	/root/autodl-tmp/saved_checkpoints/multicentre_5seed/multicentre-bpd-dinov3/seed123/seed123_final_swapmin_per_image.csv
148930	2026-07-25 19:25:34.9052301470	/root/autodl-tmp/saved_checkpoints/multicentre_5seed/multicentre-bpd-dinov3/seed123/seed123_final_fixedchannel_per_image.csv
2636	2026-07-25 22:36:50.8649113140	/root/autodl-tmp/saved_checkpoints/multicentre_5seed/multicentre-bpd-dinov3/seed2024/seed2024_config.yaml
35717	2026-07-25 22:36:56.4488640740	/root/autodl-tmp/saved_checkpoints/multicentre_5seed/multicentre-bpd-dinov3/seed2024/test_image_order.csv
148685	2026-07-25 22:37:18.1486489410	/root/autodl-tmp/saved_checkpoints/multicentre_5seed/multicentre-bpd-dinov3/seed2024/seed2024_best_swapmin_per_image.csv
148955	2026-07-25 22:37:41.4683652830	/root/autodl-tmp/saved_checkpoints/multicentre_5seed/multicentre-bpd-dinov3/seed2024/seed2024_best_fixedchannel_per_image.csv
148657	2026-07-25 22:38:07.2479940510	/root/autodl-tmp/saved_checkpoints/multicentre_5seed/multicentre-bpd-dinov3/seed2024/seed2024_final_swapmin_per_image.csv
148913	2026-07-25 22:38:31.8075892340	/root/autodl-tmp/saved_checkpoints/multicentre_5seed/multicentre-bpd-dinov3/seed2024/seed2024_final_fixedchannel_per_image.csv
2636	2026-07-26 00:13:41.1760026420	/root/autodl-tmp/saved_checkpoints/multicentre_5seed/multicentre-bpd-dinov3/seed3407/seed3407_config.yaml
35717	2026-07-26 00:13:45.8918865210	/root/autodl-tmp/saved_checkpoints/multicentre_5seed/multicentre-bpd-dinov3/seed3407/test_image_order.csv
148612	2026-07-26 00:14:08.7953201850	/root/autodl-tmp/saved_checkpoints/multicentre_5seed/multicentre-bpd-dinov3/seed3407/seed3407_best_swapmin_per_image.csv
148883	2026-07-26 00:14:33.5347041840	/root/autodl-tmp/saved_checkpoints/multicentre_5seed/multicentre-bpd-dinov3/seed3407/seed3407_best_fixedchannel_per_image.csv
148607	2026-07-26 00:14:59.1580617130	/root/autodl-tmp/saved_checkpoints/multicentre_5seed/multicentre-bpd-dinov3/seed3407/seed3407_final_swapmin_per_image.csv
148884	2026-07-26 00:15:23.6774428800	/root/autodl-tmp/saved_checkpoints/multicentre_5seed/multicentre-bpd-dinov3/seed3407/seed3407_final_fixedchannel_per_image.csv
2615	2026-07-26 01:49:34.9798526460	/root/autodl-tmp/saved_checkpoints/multicentre_5seed/multicentre-ofd-dinov2/seed42/seed42_config.yaml
35717	2026-07-26 01:49:40.4997765310	/root/autodl-tmp/saved_checkpoints/multicentre_5seed/multicentre-ofd-dinov2/seed42/test_image_order.csv
149660	2026-07-26 01:50:02.4194706390	/root/autodl-tmp/saved_checkpoints/multicentre_5seed/multicentre-ofd-dinov2/seed42/seed42_best_swapmin_per_image.csv
149664	2026-07-26 01:50:28.0231062130	/root/autodl-tmp/saved_checkpoints/multicentre_5seed/multicentre-ofd-dinov2/seed42/seed42_best_fixedchannel_per_image.csv
149669	2026-07-26 01:50:51.1147712510	/root/autodl-tmp/saved_checkpoints/multicentre_5seed/multicentre-ofd-dinov2/seed42/seed42_final_swapmin_per_image.csv
149670	2026-07-26 01:51:14.3944277990	/root/autodl-tmp/saved_checkpoints/multicentre_5seed/multicentre-ofd-dinov2/seed42/seed42_final_fixedchannel_per_image.csv
2610	2026-07-26 03:00:56.0156218230	/root/autodl-tmp/saved_checkpoints/multicentre_5seed/multicentre-ofd-dinov2/seed0/seed0_config.yaml
35717	2026-07-26 03:01:00.6315698260	/root/autodl-tmp/saved_checkpoints/multicentre_5seed/multicentre-ofd-dinov2/seed0/test_image_order.csv
149738	2026-07-26 03:01:21.0913380170	/root/autodl-tmp/saved_checkpoints/multicentre_5seed/multicentre-ofd-dinov2/seed0/seed0_best_swapmin_per_image.csv
149739	2026-07-26 03:01:48.1630280490	/root/autodl-tmp/saved_checkpoints/multicentre_5seed/multicentre-ofd-dinov2/seed0/seed0_best_fixedchannel_per_image.csv
149703	2026-07-26 03:02:10.6467679330	/root/autodl-tmp/saved_checkpoints/multicentre_5seed/multicentre-ofd-dinov2/seed0/seed0_final_swapmin_per_image.csv
149704	2026-07-26 03:02:33.6424994900	/root/autodl-tmp/saved_checkpoints/multicentre_5seed/multicentre-ofd-dinov2/seed0/seed0_final_fixedchannel_per_image.csv
2620	2026-07-26 03:55:09.2784493440	/root/autodl-tmp/saved_checkpoints/multicentre_5seed/multicentre-ofd-dinov2/seed123/seed123_config.yaml
35717	2026-07-26 03:55:14.2945617110	/root/autodl-tmp/saved_checkpoints/multicentre_5seed/multicentre-ofd-dinov2/seed123/test_image_order.csv
149790	2026-07-26 03:55:33.4429781540	/root/autodl-tmp/saved_checkpoints/multicentre_5seed/multicentre-ofd-dinov2/seed123/seed123_best_swapmin_per_image.csv
149791	2026-07-26 03:56:02.2315682150	/root/autodl-tmp/saved_checkpoints/multicentre_5seed/multicentre-ofd-dinov2/seed123/seed123_best_fixedchannel_per_image.csv
149682	2026-07-26 03:56:25.7560197040	/root/autodl-tmp/saved_checkpoints/multicentre_5seed/multicentre-ofd-dinov2/seed123/seed123_final_swapmin_per_image.csv
149682	2026-07-26 03:56:54.7285397900	/root/autodl-tmp/saved_checkpoints/multicentre_5seed/multicentre-ofd-dinov2/seed123/seed123_final_fixedchannel_per_image.csv
2625	2026-07-26 04:52:16.6943950360	/root/autodl-tmp/saved_checkpoints/multicentre_5seed/multicentre-ofd-dinov2/seed2024/seed2024_config.yaml
35717	2026-07-26 04:52:21.7142867320	/root/autodl-tmp/saved_checkpoints/multicentre_5seed/multicentre-ofd-dinov2/seed2024/test_image_order.csv
149701	2026-07-26 04:52:42.6418371450	/root/autodl-tmp/saved_checkpoints/multicentre_5seed/multicentre-ofd-dinov2/seed2024/seed2024_best_swapmin_per_image.csv
149703	2026-07-26 04:53:04.9333615630	/root/autodl-tmp/saved_checkpoints/multicentre_5seed/multicentre-ofd-dinov2/seed2024/seed2024_best_fixedchannel_per_image.csv
149715	2026-07-26 04:53:30.0648293110	/root/autodl-tmp/saved_checkpoints/multicentre_5seed/multicentre-ofd-dinov2/seed2024/seed2024_final_swapmin_per_image.csv
149718	2026-07-26 04:53:52.1843641270	/root/autodl-tmp/saved_checkpoints/multicentre_5seed/multicentre-ofd-dinov2/seed2024/seed2024_final_fixedchannel_per_image.csv
2625	2026-07-26 05:51:28.2127980620	/root/autodl-tmp/saved_checkpoints/multicentre_5seed/multicentre-ofd-dinov2/seed3407/seed3407_config.yaml
35717	2026-07-26 05:51:33.6286165590	/root/autodl-tmp/saved_checkpoints/multicentre_5seed/multicentre-ofd-dinov2/seed3407/test_image_order.csv
149699	2026-07-26 05:51:54.3519249980	/root/autodl-tmp/saved_checkpoints/multicentre_5seed/multicentre-ofd-dinov2/seed3407/seed3407_best_swapmin_per_image.csv
149701	2026-07-26 05:52:19.3830957450	/root/autodl-tmp/saved_checkpoints/multicentre_5seed/multicentre-ofd-dinov2/seed3407/seed3407_best_fixedchannel_per_image.csv
149646	2026-07-26 05:52:43.2743101770	/root/autodl-tmp/saved_checkpoints/multicentre_5seed/multicentre-ofd-dinov2/seed3407/seed3407_final_swapmin_per_image.csv
149649	2026-07-26 05:53:05.4215868810	/root/autodl-tmp/saved_checkpoints/multicentre_5seed/multicentre-ofd-dinov2/seed3407/seed3407_final_fixedchannel_per_image.csv
2626	2026-07-26 07:09:30.1046766050	/root/autodl-tmp/saved_checkpoints/multicentre_5seed/multicentre-ofd-dinov3/seed42/seed42_config.yaml
35717	2026-07-26 07:09:34.8045195320	/root/autodl-tmp/saved_checkpoints/multicentre_5seed/multicentre-ofd-dinov3/seed42/test_image_order.csv
149794	2026-07-26 07:09:54.0238777560	/root/autodl-tmp/saved_checkpoints/multicentre_5seed/multicentre-ofd-dinov3/seed42/seed42_best_swapmin_per_image.csv
149795	2026-07-26 07:10:16.1551398110	/root/autodl-tmp/saved_checkpoints/multicentre_5seed/multicentre-ofd-dinov3/seed42/seed42_best_fixedchannel_per_image.csv
149675	2026-07-26 07:10:38.5783932490	/root/autodl-tmp/saved_checkpoints/multicentre_5seed/multicentre-ofd-dinov3/seed42/seed42_final_swapmin_per_image.csv
149677	2026-07-26 07:11:00.2736719510	/root/autodl-tmp/saved_checkpoints/multicentre_5seed/multicentre-ofd-dinov3/seed42/seed42_final_fixedchannel_per_image.csv
2621	2026-07-26 08:18:57.5239797000	/root/autodl-tmp/saved_checkpoints/multicentre_5seed/multicentre-ofd-dinov3/seed0/seed0_config.yaml
35717	2026-07-26 08:19:03.0718482790	/root/autodl-tmp/saved_checkpoints/multicentre_5seed/multicentre-ofd-dinov3/seed0/test_image_order.csv
149699	2026-07-26 08:19:22.4833886390	/root/autodl-tmp/saved_checkpoints/multicentre_5seed/multicentre-ofd-dinov3/seed0/seed0_best_swapmin_per_image.csv
149700	2026-07-26 08:19:45.5788421410	/root/autodl-tmp/saved_checkpoints/multicentre_5seed/multicentre-ofd-dinov3/seed0/seed0_best_fixedchannel_per_image.csv
149662	2026-07-26 08:20:08.2263066220	/root/autodl-tmp/saved_checkpoints/multicentre_5seed/multicentre-ofd-dinov3/seed0/seed0_final_swapmin_per_image.csv
149664	2026-07-26 08:20:32.6657291320	/root/autodl-tmp/saved_checkpoints/multicentre_5seed/multicentre-ofd-dinov3/seed0/seed0_final_fixedchannel_per_image.csv
2631	2026-07-26 09:16:28.3053589210	/root/autodl-tmp/saved_checkpoints/multicentre_5seed/multicentre-ofd-dinov3/seed123/seed123_config.yaml
35717	2026-07-26 09:16:33.8289916650	/root/autodl-tmp/saved_checkpoints/multicentre_5seed/multicentre-ofd-dinov3/seed123/test_image_order.csv
149782	2026-07-26 09:16:53.1277188760	/root/autodl-tmp/saved_checkpoints/multicentre_5seed/multicentre-ofd-dinov3/seed123/seed123_best_swapmin_per_image.csv
149782	2026-07-26 09:17:14.6823157550	/root/autodl-tmp/saved_checkpoints/multicentre_5seed/multicentre-ofd-dinov3/seed123/seed123_best_fixedchannel_per_image.csv
149652	2026-07-26 09:17:37.0848772250	/root/autodl-tmp/saved_checkpoints/multicentre_5seed/multicentre-ofd-dinov3/seed123/seed123_final_swapmin_per_image.csv
149654	2026-07-26 09:17:58.9234935180	/root/autodl-tmp/saved_checkpoints/multicentre_5seed/multicentre-ofd-dinov3/seed123/seed123_final_fixedchannel_per_image.csv
2636	2026-07-26 10:11:56.3514244330	/root/autodl-tmp/saved_checkpoints/multicentre_5seed/multicentre-ofd-dinov3/seed2024/seed2024_config.yaml
35717	2026-07-26 10:12:01.5633038540	/root/autodl-tmp/saved_checkpoints/multicentre_5seed/multicentre-ofd-dinov3/seed2024/test_image_order.csv
149667	2026-07-26 10:12:20.7548566180	/root/autodl-tmp/saved_checkpoints/multicentre_5seed/multicentre-ofd-dinov3/seed2024/seed2024_best_swapmin_per_image.csv
149669	2026-07-26 10:12:43.7983131020	/root/autodl-tmp/saved_checkpoints/multicentre_5seed/multicentre-ofd-dinov3/seed2024/seed2024_best_fixedchannel_per_image.csv
149639	2026-07-26 10:13:06.2977758420	/root/autodl-tmp/saved_checkpoints/multicentre_5seed/multicentre-ofd-dinov3/seed2024/seed2024_final_swapmin_per_image.csv
149640	2026-07-26 10:13:28.6012371220	/root/autodl-tmp/saved_checkpoints/multicentre_5seed/multicentre-ofd-dinov3/seed2024/seed2024_final_fixedchannel_per_image.csv
2636	2026-07-26 11:11:53.0248529480	/root/autodl-tmp/saved_checkpoints/multicentre_5seed/multicentre-ofd-dinov3/seed3407/seed3407_config.yaml
35717	2026-07-26 11:11:57.6648412130	/root/autodl-tmp/saved_checkpoints/multicentre_5seed/multicentre-ofd-dinov3/seed3407/test_image_order.csv
149626	2026-07-26 11:12:19.7927759900	/root/autodl-tmp/saved_checkpoints/multicentre_5seed/multicentre-ofd-dinov3/seed3407/seed3407_best_swapmin_per_image.csv
149628	2026-07-26 11:12:43.0366915110	/root/autodl-tmp/saved_checkpoints/multicentre_5seed/multicentre-ofd-dinov3/seed3407/seed3407_best_fixedchannel_per_image.csv
149626	2026-07-26 11:13:06.9525882580	/root/autodl-tmp/saved_checkpoints/multicentre_5seed/multicentre-ofd-dinov3/seed3407/seed3407_final_swapmin_per_image.csv
149631	2026-07-26 11:13:29.3404772580	/root/autodl-tmp/saved_checkpoints/multicentre_5seed/multicentre-ofd-dinov3/seed3407/seed3407_final_fixedchannel_per_image.csv
2499	2026-07-26 13:01:59.1424937330	/root/autodl-tmp/saved_checkpoints/multicentre_5seed/multicentre-apad-dinov2/seed42/seed42_config.yaml
4869	2026-07-26 13:02:04.7676917300	/root/autodl-tmp/saved_checkpoints/multicentre_5seed/multicentre-apad-dinov2/seed42/test_image_order.csv
20326	2026-07-26 13:02:20.8669939300	/root/autodl-tmp/saved_checkpoints/multicentre_5seed/multicentre-apad-dinov2/seed42/seed42_best_swapmin_per_image.csv
20326	2026-07-26 13:02:39.1305353190	/root/autodl-tmp/saved_checkpoints/multicentre_5seed/multicentre-apad-dinov2/seed42/seed42_best_fixedchannel_per_image.csv
20321	2026-07-26 13:02:58.7061211920	/root/autodl-tmp/saved_checkpoints/multicentre_5seed/multicentre-apad-dinov2/seed42/seed42_final_swapmin_per_image.csv
20321	2026-07-26 13:03:18.8496162690	/root/autodl-tmp/saved_checkpoints/multicentre_5seed/multicentre-apad-dinov2/seed42/seed42_final_fixedchannel_per_image.csv
2494	2026-07-26 13:31:46.4398354190	/root/autodl-tmp/saved_checkpoints/multicentre_5seed/multicentre-apad-dinov2/seed0/seed0_config.yaml
4869	2026-07-26 13:31:51.9027078840	/root/autodl-tmp/saved_checkpoints/multicentre_5seed/multicentre-apad-dinov2/seed0/test_image_order.csv
20329	2026-07-26 13:32:07.5276108730	/root/autodl-tmp/saved_checkpoints/multicentre_5seed/multicentre-apad-dinov2/seed0/seed0_best_swapmin_per_image.csv
20329	2026-07-26 13:32:25.0003606480	/root/autodl-tmp/saved_checkpoints/multicentre_5seed/multicentre-apad-dinov2/seed0/seed0_best_fixedchannel_per_image.csv
20321	2026-07-26 13:32:47.8764218540	/root/autodl-tmp/saved_checkpoints/multicentre_5seed/multicentre-apad-dinov2/seed0/seed0_final_swapmin_per_image.csv
20321	2026-07-26 13:33:06.2095051210	/root/autodl-tmp/saved_checkpoints/multicentre_5seed/multicentre-apad-dinov2/seed0/seed0_final_fixedchannel_per_image.csv
2504	2026-07-26 14:07:46.2524146200	/root/autodl-tmp/saved_checkpoints/multicentre_5seed/multicentre-apad-dinov2/seed123/seed123_config.yaml
4869	2026-07-26 14:07:50.9803797240	/root/autodl-tmp/saved_checkpoints/multicentre_5seed/multicentre-apad-dinov2/seed123/test_image_order.csv
20333	2026-07-26 14:08:04.1962825560	/root/autodl-tmp/saved_checkpoints/multicentre_5seed/multicentre-apad-dinov2/seed123/seed123_best_swapmin_per_image.csv
20333	2026-07-26 14:08:22.2841504410	/root/autodl-tmp/saved_checkpoints/multicentre_5seed/multicentre-apad-dinov2/seed123/seed123_best_fixedchannel_per_image.csv
20331	2026-07-26 14:08:38.6880314750	/root/autodl-tmp/saved_checkpoints/multicentre_5seed/multicentre-apad-dinov2/seed123/seed123_final_swapmin_per_image.csv
20331	2026-07-26 14:08:54.9239144950	/root/autodl-tmp/saved_checkpoints/multicentre_5seed/multicentre-apad-dinov2/seed123/seed123_final_fixedchannel_per_image.csv
2509	2026-07-26 14:45:09.6272486470	/root/autodl-tmp/saved_checkpoints/multicentre_5seed/multicentre-apad-dinov2/seed2024/seed2024_config.yaml
4869	2026-07-26 14:45:14.2911084260	/root/autodl-tmp/saved_checkpoints/multicentre_5seed/multicentre-apad-dinov2/seed2024/test_image_order.csv
20324	2026-07-26 14:45:28.0466963760	/root/autodl-tmp/saved_checkpoints/multicentre_5seed/multicentre-apad-dinov2/seed2024/seed2024_best_swapmin_per_image.csv
20324	2026-07-26 14:45:46.4221494120	/root/autodl-tmp/saved_checkpoints/multicentre_5seed/multicentre-apad-dinov2/seed2024/seed2024_best_fixedchannel_per_image.csv
20329	2026-07-26 14:46:05.1735952130	/root/autodl-tmp/saved_checkpoints/multicentre_5seed/multicentre-apad-dinov2/seed2024/seed2024_final_swapmin_per_image.csv
20329	2026-07-26 14:46:22.3210917970	/root/autodl-tmp/saved_checkpoints/multicentre_5seed/multicentre-apad-dinov2/seed2024/seed2024_final_fixedchannel_per_image.csv
2509	2026-07-26 15:26:44.4311716770	/root/autodl-tmp/saved_checkpoints/multicentre_5seed/multicentre-apad-dinov2/seed3407/seed3407_config.yaml
4869	2026-07-26 15:26:49.0350789260	/root/autodl-tmp/saved_checkpoints/multicentre_5seed/multicentre-apad-dinov2/seed3407/test_image_order.csv
20324	2026-07-26 15:27:03.5147870440	/root/autodl-tmp/saved_checkpoints/multicentre_5seed/multicentre-apad-dinov2/seed3407/seed3407_best_swapmin_per_image.csv
20324	2026-07-26 15:27:22.0744125400	/root/autodl-tmp/saved_checkpoints/multicentre_5seed/multicentre-apad-dinov2/seed3407/seed3407_best_fixedchannel_per_image.csv
20328	2026-07-26 15:27:40.4820406960	/root/autodl-tmp/saved_checkpoints/multicentre_5seed/multicentre-apad-dinov2/seed3407/seed3407_final_swapmin_per_image.csv
20328	2026-07-26 15:27:59.2816605300	/root/autodl-tmp/saved_checkpoints/multicentre_5seed/multicentre-apad-dinov2/seed3407/seed3407_final_fixedchannel_per_image.csv
2510	2026-07-26 19:17:34.2277995840	/root/autodl-tmp/saved_checkpoints/multicentre_5seed/multicentre-apad-dinov3/seed42/seed42_config.yaml
4869	2026-07-26 19:17:40.2675508580	/root/autodl-tmp/saved_checkpoints/multicentre_5seed/multicentre-apad-dinov3/seed42/test_image_order.csv
20324	2026-07-26 19:17:54.1229826030	/root/autodl-tmp/saved_checkpoints/multicentre_5seed/multicentre-apad-dinov3/seed42/seed42_best_swapmin_per_image.csv
20324	2026-07-26 19:18:23.4137916600	/root/autodl-tmp/saved_checkpoints/multicentre_5seed/multicentre-apad-dinov3/seed42/seed42_best_fixedchannel_per_image.csv
20325	2026-07-26 19:18:43.8489687690	/root/autodl-tmp/saved_checkpoints/multicentre_5seed/multicentre-apad-dinov3/seed42/seed42_final_swapmin_per_image.csv
20325	2026-07-26 19:19:04.8441298650	/root/autodl-tmp/saved_checkpoints/multicentre_5seed/multicentre-apad-dinov3/seed42/seed42_final_fixedchannel_per_image.csv
2505	2026-07-26 19:58:20.0172536510	/root/autodl-tmp/saved_checkpoints/multicentre_5seed/multicentre-apad-dinov3/seed0/seed0_config.yaml
4869	2026-07-26 19:58:26.6250859860	/root/autodl-tmp/saved_checkpoints/multicentre_5seed/multicentre-apad-dinov3/seed0/test_image_order.csv
20329	2026-07-26 19:58:45.1166161400	/root/autodl-tmp/saved_checkpoints/multicentre_5seed/multicentre-apad-dinov3/seed0/seed0_best_swapmin_per_image.csv
20329	2026-07-26 19:59:04.2761283500	/root/autodl-tmp/saved_checkpoints/multicentre_5seed/multicentre-apad-dinov3/seed0/seed0_best_fixedchannel_per_image.csv
20331	2026-07-26 19:59:26.3075662620	/root/autodl-tmp/saved_checkpoints/multicentre_5seed/multicentre-apad-dinov3/seed0/seed0_final_swapmin_per_image.csv
20331	2026-07-26 19:59:50.9589359010	/root/autodl-tmp/saved_checkpoints/multicentre_5seed/multicentre-apad-dinov3/seed0/seed0_final_fixedchannel_per_image.csv
2515	2026-07-26 20:29:51.9689368520	/root/autodl-tmp/saved_checkpoints/multicentre_5seed/multicentre-apad-dinov3/seed123/seed123_config.yaml
4869	2026-07-26 20:29:57.4726237200	/root/autodl-tmp/saved_checkpoints/multicentre_5seed/multicentre-apad-dinov3/seed123/test_image_order.csv
20325	2026-07-26 20:30:13.2837259980	/root/autodl-tmp/saved_checkpoints/multicentre_5seed/multicentre-apad-dinov3/seed123/seed123_best_swapmin_per_image.csv
20325	2026-07-26 20:30:32.1986555630	/root/autodl-tmp/saved_checkpoints/multicentre_5seed/multicentre-apad-dinov3/seed123/seed123_best_fixedchannel_per_image.csv
20327	2026-07-26 20:30:51.9975390570	/root/autodl-tmp/saved_checkpoints/multicentre_5seed/multicentre-apad-dinov3/seed123/seed123_final_swapmin_per_image.csv
20327	2026-07-26 20:31:12.8003701360	/root/autodl-tmp/saved_checkpoints/multicentre_5seed/multicentre-apad-dinov3/seed123/seed123_final_fixedchannel_per_image.csv
2520	2026-07-26 21:07:26.5395255280	/root/autodl-tmp/saved_checkpoints/multicentre_5seed/multicentre-apad-dinov3/seed2024/seed2024_config.yaml
4869	2026-07-26 21:07:31.3193839010	/root/autodl-tmp/saved_checkpoints/multicentre_5seed/multicentre-apad-dinov3/seed2024/test_image_order.csv
20321	2026-07-26 21:07:49.0228577760	/root/autodl-tmp/saved_checkpoints/multicentre_5seed/multicentre-apad-dinov3/seed2024/seed2024_best_swapmin_per_image.csv
20321	2026-07-26 21:08:09.4382480710	/root/autodl-tmp/saved_checkpoints/multicentre_5seed/multicentre-apad-dinov3/seed2024/seed2024_best_fixedchannel_per_image.csv
20324	2026-07-26 21:08:27.6817006260	/root/autodl-tmp/saved_checkpoints/multicentre_5seed/multicentre-apad-dinov3/seed2024/seed2024_final_swapmin_per_image.csv
20324	2026-07-26 21:08:46.5691313590	/root/autodl-tmp/saved_checkpoints/multicentre_5seed/multicentre-apad-dinov3/seed2024/seed2024_final_fixedchannel_per_image.csv
2520	2026-07-26 21:40:44.6566422770	/root/autodl-tmp/saved_checkpoints/multicentre_5seed/multicentre-apad-dinov3/seed3407/seed3407_config.yaml
4869	2026-07-26 21:40:49.4524597370	/root/autodl-tmp/saved_checkpoints/multicentre_5seed/multicentre-apad-dinov3/seed3407/test_image_order.csv
20335	2026-07-26 21:41:03.5639227820	/root/autodl-tmp/saved_checkpoints/multicentre_5seed/multicentre-apad-dinov3/seed3407/seed3407_best_swapmin_per_image.csv
20335	2026-07-26 21:41:21.8992254640	/root/autodl-tmp/saved_checkpoints/multicentre_5seed/multicentre-apad-dinov3/seed3407/seed3407_best_fixedchannel_per_image.csv
20325	2026-07-26 21:41:38.4465964800	/root/autodl-tmp/saved_checkpoints/multicentre_5seed/multicentre-apad-dinov3/seed3407/seed3407_final_swapmin_per_image.csv
20325	2026-07-26 21:41:55.3579539800	/root/autodl-tmp/saved_checkpoints/multicentre_5seed/multicentre-apad-dinov3/seed3407/seed3407_final_fixedchannel_per_image.csv
2496	2026-07-26 23:07:25.7766999960	/root/autodl-tmp/saved_checkpoints/multicentre_5seed/multicentre-tad-dinov2/seed42/seed42_config.yaml
4869	2026-07-26 23:07:31.3364901460	/root/autodl-tmp/saved_checkpoints/multicentre_5seed/multicentre-tad-dinov2/seed42/test_image_order.csv
20146	2026-07-26 23:07:47.1678924220	/root/autodl-tmp/saved_checkpoints/multicentre_5seed/multicentre-tad-dinov2/seed42/seed42_best_swapmin_per_image.csv
20185	2026-07-26 23:08:07.5591221470	/root/autodl-tmp/saved_checkpoints/multicentre_5seed/multicentre-tad-dinov2/seed42/seed42_best_fixedchannel_per_image.csv
20143	2026-07-26 23:08:26.4184093640	/root/autodl-tmp/saved_checkpoints/multicentre_5seed/multicentre-tad-dinov2/seed42/seed42_final_swapmin_per_image.csv
20185	2026-07-26 23:08:46.3936540200	/root/autodl-tmp/saved_checkpoints/multicentre_5seed/multicentre-tad-dinov2/seed42/seed42_final_fixedchannel_per_image.csv
2491	2026-07-26 23:48:53.7304222380	/root/autodl-tmp/saved_checkpoints/multicentre_5seed/multicentre-tad-dinov2/seed0/seed0_config.yaml
4869	2026-07-26 23:48:58.0222240400	/root/autodl-tmp/saved_checkpoints/multicentre_5seed/multicentre-tad-dinov2/seed0/test_image_order.csv
20129	2026-07-26 23:49:12.4695576970	/root/autodl-tmp/saved_checkpoints/multicentre_5seed/multicentre-tad-dinov2/seed0/seed0_best_swapmin_per_image.csv
20179	2026-07-26 23:49:30.1967418150	/root/autodl-tmp/saved_checkpoints/multicentre_5seed/multicentre-tad-dinov2/seed0/seed0_best_fixedchannel_per_image.csv
20130	2026-07-26 23:49:48.8318861370	/root/autodl-tmp/saved_checkpoints/multicentre_5seed/multicentre-tad-dinov2/seed0/seed0_final_swapmin_per_image.csv
20174	2026-07-26 23:50:08.6469784390	/root/autodl-tmp/saved_checkpoints/multicentre_5seed/multicentre-tad-dinov2/seed0/seed0_final_fixedchannel_per_image.csv
2501	2026-07-27 00:20:45.4575895160	/root/autodl-tmp/saved_checkpoints/multicentre_5seed/multicentre-tad-dinov2/seed123/seed123_config.yaml
4869	2026-07-27 00:20:52.1892482200	/root/autodl-tmp/saved_checkpoints/multicentre_5seed/multicentre-tad-dinov2/seed123/test_image_order.csv
20156	2026-07-27 00:21:12.8522021900	/root/autodl-tmp/saved_checkpoints/multicentre_5seed/multicentre-tad-dinov2/seed123/seed123_best_swapmin_per_image.csv
20198	2026-07-27 00:21:34.3431166990	/root/autodl-tmp/saved_checkpoints/multicentre_5seed/multicentre-tad-dinov2/seed123/seed123_best_fixedchannel_per_image.csv
20134	2026-07-27 00:21:53.5301496080	/root/autodl-tmp/saved_checkpoints/multicentre_5seed/multicentre-tad-dinov2/seed123/seed123_final_swapmin_per_image.csv
20173	2026-07-27 00:22:12.9451729010	/root/autodl-tmp/saved_checkpoints/multicentre_5seed/multicentre-tad-dinov2/seed123/seed123_final_fixedchannel_per_image.csv
2506	2026-07-27 01:02:22.9401869570	/root/autodl-tmp/saved_checkpoints/multicentre_5seed/multicentre-tad-dinov2/seed2024/seed2024_config.yaml
4869	2026-07-27 01:02:28.5920073390	/root/autodl-tmp/saved_checkpoints/multicentre_5seed/multicentre-tad-dinov2/seed2024/test_image_order.csv
20138	2026-07-27 01:02:45.7634599710	/root/autodl-tmp/saved_checkpoints/multicentre_5seed/multicentre-tad-dinov2/seed2024/seed2024_best_swapmin_per_image.csv
20182	2026-07-27 01:03:05.3548325100	/root/autodl-tmp/saved_checkpoints/multicentre_5seed/multicentre-tad-dinov2/seed2024/seed2024_best_fixedchannel_per_image.csv
20124	2026-07-27 01:03:25.2461923380	/root/autodl-tmp/saved_checkpoints/multicentre_5seed/multicentre-tad-dinov2/seed2024/seed2024_final_swapmin_per_image.csv
20163	2026-07-27 01:03:45.2415457890	/root/autodl-tmp/saved_checkpoints/multicentre_5seed/multicentre-tad-dinov2/seed2024/seed2024_final_fixedchannel_per_image.csv
2506	2026-07-27 01:42:12.3172030680	/root/autodl-tmp/saved_checkpoints/multicentre_5seed/multicentre-tad-dinov2/seed3407/seed3407_config.yaml
4869	2026-07-27 01:42:18.1529777160	/root/autodl-tmp/saved_checkpoints/multicentre_5seed/multicentre-tad-dinov2/seed3407/test_image_order.csv
20131	2026-07-27 01:42:34.8603326540	/root/autodl-tmp/saved_checkpoints/multicentre_5seed/multicentre-tad-dinov2/seed3407/seed3407_best_swapmin_per_image.csv
20176	2026-07-27 01:42:54.1155894010	/root/autodl-tmp/saved_checkpoints/multicentre_5seed/multicentre-tad-dinov2/seed3407/seed3407_best_fixedchannel_per_image.csv
20139	2026-07-27 01:43:13.2868495790	/root/autodl-tmp/saved_checkpoints/multicentre_5seed/multicentre-tad-dinov2/seed3407/seed3407_final_swapmin_per_image.csv
20184	2026-07-27 01:43:32.7940969750	/root/autodl-tmp/saved_checkpoints/multicentre_5seed/multicentre-tad-dinov2/seed3407/seed3407_final_fixedchannel_per_image.csv
2507	2026-07-27 03:02:18.8715383490	/root/autodl-tmp/saved_checkpoints/multicentre_5seed/multicentre-tad-dinov3/seed42/seed42_config.yaml
4869	2026-07-27 03:02:23.5433044580	/root/autodl-tmp/saved_checkpoints/multicentre_5seed/multicentre-tad-dinov3/seed42/test_image_order.csv
20141	2026-07-27 03:02:38.4145633780	/root/autodl-tmp/saved_checkpoints/multicentre_5seed/multicentre-tad-dinov3/seed42/seed42_best_swapmin_per_image.csv
20182	2026-07-27 03:02:55.8417014530	/root/autodl-tmp/saved_checkpoints/multicentre_5seed/multicentre-tad-dinov3/seed42/seed42_best_fixedchannel_per_image.csv
20144	2026-07-27 03:03:13.7488228870	/root/autodl-tmp/saved_checkpoints/multicentre_5seed/multicentre-tad-dinov3/seed42/seed42_final_swapmin_per_image.csv
20182	2026-07-27 03:03:31.6399520440	/root/autodl-tmp/saved_checkpoints/multicentre_5seed/multicentre-tad-dinov3/seed42/seed42_final_fixedchannel_per_image.csv
2502	2026-07-27 03:38:45.6452000400	/root/autodl-tmp/saved_checkpoints/multicentre_5seed/multicentre-tad-dinov3/seed0/seed0_config.yaml
4869	2026-07-27 03:38:50.9689062220	/root/autodl-tmp/saved_checkpoints/multicentre_5seed/multicentre-tad-dinov3/seed0/test_image_order.csv
20118	2026-07-27 03:39:06.2920641010	/root/autodl-tmp/saved_checkpoints/multicentre_5seed/multicentre-tad-dinov3/seed0/seed0_best_swapmin_per_image.csv
20161	2026-07-27 03:39:24.6510619050	/root/autodl-tmp/saved_checkpoints/multicentre_5seed/multicentre-tad-dinov3/seed0/seed0_best_fixedchannel_per_image.csv
20126	2026-07-27 03:39:42.5060940700	/root/autodl-tmp/saved_checkpoints/multicentre_5seed/multicentre-tad-dinov3/seed0/seed0_final_swapmin_per_image.csv
20170	2026-07-27 03:40:00.5171243820	/root/autodl-tmp/saved_checkpoints/multicentre_5seed/multicentre-tad-dinov3/seed0/seed0_final_fixedchannel_per_image.csv
2512	2026-07-27 04:21:29.1202413720	/root/autodl-tmp/saved_checkpoints/multicentre_5seed/multicentre-tad-dinov3/seed123/seed123_config.yaml
4869	2026-07-27 04:21:34.7852665190	/root/autodl-tmp/saved_checkpoints/multicentre_5seed/multicentre-tad-dinov3/seed123/test_image_order.csv
20133	2026-07-27 04:21:50.6080189720	/root/autodl-tmp/saved_checkpoints/multicentre_5seed/multicentre-tad-dinov3/seed123/seed123_best_swapmin_per_image.csv
20170	2026-07-27 04:22:08.3829259260	/root/autodl-tmp/saved_checkpoints/multicentre_5seed/multicentre-tad-dinov3/seed123/seed123_best_fixedchannel_per_image.csv
20132	2026-07-27 04:22:25.7295861450	/root/autodl-tmp/saved_checkpoints/multicentre_5seed/multicentre-tad-dinov3/seed123/seed123_final_swapmin_per_image.csv
20172	2026-07-27 04:22:42.4800000980	/root/autodl-tmp/saved_checkpoints/multicentre_5seed/multicentre-tad-dinov3/seed123/seed123_final_fixedchannel_per_image.csv
2517	2026-07-27 05:03:37.8867766100	/root/autodl-tmp/saved_checkpoints/multicentre_5seed/multicentre-tad-dinov3/seed2024/seed2024_config.yaml
4869	2026-07-27 05:03:43.2828427650	/root/autodl-tmp/saved_checkpoints/multicentre_5seed/multicentre-tad-dinov3/seed2024/test_image_order.csv
20128	2026-07-27 05:03:56.8390088450	/root/autodl-tmp/saved_checkpoints/multicentre_5seed/multicentre-tad-dinov3/seed2024/seed2024_best_swapmin_per_image.csv
20158	2026-07-27 05:04:14.9472304430	/root/autodl-tmp/saved_checkpoints/multicentre_5seed/multicentre-tad-dinov3/seed2024/seed2024_best_fixedchannel_per_image.csv
20132	2026-07-27 05:04:34.1554651960	/root/autodl-tmp/saved_checkpoints/multicentre_5seed/multicentre-tad-dinov3/seed2024/seed2024_final_swapmin_per_image.csv
20172	2026-07-27 05:04:53.8277053060	/root/autodl-tmp/saved_checkpoints/multicentre_5seed/multicentre-tad-dinov3/seed2024/seed2024_final_fixedchannel_per_image.csv
2517	2026-07-27 05:45:45.4543667830	/root/autodl-tmp/saved_checkpoints/multicentre_5seed/multicentre-tad-dinov3/seed3407/seed3407_config.yaml
4869	2026-07-27 05:45:49.7864532960	/root/autodl-tmp/saved_checkpoints/multicentre_5seed/multicentre-tad-dinov3/seed3407/test_image_order.csv
20142	2026-07-27 05:46:04.3787444820	/root/autodl-tmp/saved_checkpoints/multicentre_5seed/multicentre-tad-dinov3/seed3407/seed3407_best_swapmin_per_image.csv
20177	2026-07-27 05:46:22.6031076780	/root/autodl-tmp/saved_checkpoints/multicentre_5seed/multicentre-tad-dinov3/seed3407/seed3407_best_fixedchannel_per_image.csv
20148	2026-07-27 05:46:39.1074361590	/root/autodl-tmp/saved_checkpoints/multicentre_5seed/multicentre-tad-dinov3/seed3407/seed3407_final_swapmin_per_image.csv
20181	2026-07-27 05:46:56.2997779100	/root/autodl-tmp/saved_checkpoints/multicentre_5seed/multicentre-tad-dinov3/seed3407/seed3407_final_fixedchannel_per_image.csv
2487	2026-07-27 06:27:41.6527238650	/root/autodl-tmp/saved_checkpoints/multicentre_5seed/multicentre-fl-dinov2/seed42/seed42_config.yaml
11854	2026-07-27 06:27:46.5643944200	/root/autodl-tmp/saved_checkpoints/multicentre_5seed/multicentre-fl-dinov2/seed42/test_image_order.csv
45362	2026-07-27 06:28:02.8153090310	/root/autodl-tmp/saved_checkpoints/multicentre_5seed/multicentre-fl-dinov2/seed42/seed42_best_swapmin_per_image.csv
45362	2026-07-27 06:28:22.0100359550	/root/autodl-tmp/saved_checkpoints/multicentre_5seed/multicentre-fl-dinov2/seed42/seed42_best_fixedchannel_per_image.csv
45352	2026-07-27 06:28:41.2447695930	/root/autodl-tmp/saved_checkpoints/multicentre_5seed/multicentre-fl-dinov2/seed42/seed42_final_swapmin_per_image.csv
45352	2026-07-27 06:28:59.2435927800	/root/autodl-tmp/saved_checkpoints/multicentre_5seed/multicentre-fl-dinov2/seed42/seed42_final_fixedchannel_per_image.csv
2482	2026-07-27 06:49:30.0926009450	/root/autodl-tmp/saved_checkpoints/multicentre_5seed/multicentre-fl-dinov2/seed0/seed0_config.yaml
11854	2026-07-27 06:49:35.6403002460	/root/autodl-tmp/saved_checkpoints/multicentre_5seed/multicentre-fl-dinov2/seed0/test_image_order.csv
45352	2026-07-27 06:49:52.9873604050	/root/autodl-tmp/saved_checkpoints/multicentre_5seed/multicentre-fl-dinov2/seed0/seed0_best_swapmin_per_image.csv
45352	2026-07-27 06:50:13.0222757000	/root/autodl-tmp/saved_checkpoints/multicentre_5seed/multicentre-fl-dinov2/seed0/seed0_best_fixedchannel_per_image.csv
45358	2026-07-27 06:50:33.4931681990	/root/autodl-tmp/saved_checkpoints/multicentre_5seed/multicentre-fl-dinov2/seed0/seed0_final_swapmin_per_image.csv
45358	2026-07-27 06:50:53.2840982320	/root/autodl-tmp/saved_checkpoints/multicentre_5seed/multicentre-fl-dinov2/seed0/seed0_final_fixedchannel_per_image.csv
2492	2026-07-27 07:10:45.7077740500	/root/autodl-tmp/saved_checkpoints/multicentre_5seed/multicentre-fl-dinov2/seed123/seed123_config.yaml
11854	2026-07-27 07:10:51.1038716920	/root/autodl-tmp/saved_checkpoints/multicentre_5seed/multicentre-fl-dinov2/seed123/test_image_order.csv
45362	2026-07-27 07:11:07.4241580350	/root/autodl-tmp/saved_checkpoints/multicentre_5seed/multicentre-fl-dinov2/seed123/seed123_best_swapmin_per_image.csv
45362	2026-07-27 07:11:27.0804855190	/root/autodl-tmp/saved_checkpoints/multicentre_5seed/multicentre-fl-dinov2/seed123/seed123_best_fixedchannel_per_image.csv
45353	2026-07-27 07:11:47.7768105230	/root/autodl-tmp/saved_checkpoints/multicentre_5seed/multicentre-fl-dinov2/seed123/seed123_final_swapmin_per_image.csv
45353	2026-07-27 07:12:05.8210779300	/root/autodl-tmp/saved_checkpoints/multicentre_5seed/multicentre-fl-dinov2/seed123/seed123_final_fixedchannel_per_image.csv
2497	2026-07-27 07:38:24.9058928160	/root/autodl-tmp/saved_checkpoints/multicentre_5seed/multicentre-fl-dinov2/seed2024/seed2024_config.yaml
11854	2026-07-27 07:38:29.3175454670	/root/autodl-tmp/saved_checkpoints/multicentre_5seed/multicentre-fl-dinov2/seed2024/test_image_order.csv
45354	2026-07-27 07:38:44.0363990880	/root/autodl-tmp/saved_checkpoints/multicentre_5seed/multicentre-fl-dinov2/seed2024/seed2024_best_swapmin_per_image.csv
45354	2026-07-27 07:39:03.5829057760	/root/autodl-tmp/saved_checkpoints/multicentre_5seed/multicentre-fl-dinov2/seed2024/seed2024_best_fixedchannel_per_image.csv
45355	2026-07-27 07:39:22.8094681180	/root/autodl-tmp/saved_checkpoints/multicentre_5seed/multicentre-fl-dinov2/seed2024/seed2024_final_swapmin_per_image.csv
45355	2026-07-27 07:39:43.4559574700	/root/autodl-tmp/saved_checkpoints/multicentre_5seed/multicentre-fl-dinov2/seed2024/seed2024_final_fixedchannel_per_image.csv
2497	2026-07-27 08:00:13.7534228510	/root/autodl-tmp/saved_checkpoints/multicentre_5seed/multicentre-fl-dinov2/seed3407/seed3407_config.yaml
11854	2026-07-27 08:00:18.4734708460	/root/autodl-tmp/saved_checkpoints/multicentre_5seed/multicentre-fl-dinov2/seed3407/test_image_order.csv
45355	2026-07-27 08:00:32.4576034130	/root/autodl-tmp/saved_checkpoints/multicentre_5seed/multicentre-fl-dinov2/seed3407/seed3407_best_swapmin_per_image.csv
45355	2026-07-27 08:00:50.5377539610	/root/autodl-tmp/saved_checkpoints/multicentre_5seed/multicentre-fl-dinov2/seed3407/seed3407_best_fixedchannel_per_image.csv
45353	2026-07-27 08:01:07.6738756270	/root/autodl-tmp/saved_checkpoints/multicentre_5seed/multicentre-fl-dinov2/seed3407/seed3407_final_swapmin_per_image.csv
45353	2026-07-27 08:01:24.9539782990	/root/autodl-tmp/saved_checkpoints/multicentre_5seed/multicentre-fl-dinov2/seed3407/seed3407_final_fixedchannel_per_image.csv
2498	2026-07-27 08:57:29.9993560540	/root/autodl-tmp/saved_checkpoints/multicentre_5seed/multicentre-fl-dinov3/seed42/seed42_config.yaml
11854	2026-07-27 08:57:35.3794244550	/root/autodl-tmp/saved_checkpoints/multicentre_5seed/multicentre-fl-dinov3/seed42/test_image_order.csv
45352	2026-07-27 08:57:52.9956443120	/root/autodl-tmp/saved_checkpoints/multicentre_5seed/multicentre-fl-dinov3/seed42/seed42_best_swapmin_per_image.csv
45352	2026-07-27 08:58:15.2439132200	/root/autodl-tmp/saved_checkpoints/multicentre_5seed/multicentre-fl-dinov3/seed42/seed42_best_fixedchannel_per_image.csv
45350	2026-07-27 08:58:38.6841863920	/root/autodl-tmp/saved_checkpoints/multicentre_5seed/multicentre-fl-dinov3/seed42/seed42_final_swapmin_per_image.csv
45350	2026-07-27 08:58:57.7724014760	/root/autodl-tmp/saved_checkpoints/multicentre_5seed/multicentre-fl-dinov3/seed42/seed42_final_fixedchannel_per_image.csv
2493	2026-07-27 09:21:44.8008395440	/root/autodl-tmp/saved_checkpoints/multicentre_5seed/multicentre-fl-dinov3/seed0/seed0_config.yaml
11854	2026-07-27 09:21:49.4446968570	/root/autodl-tmp/saved_checkpoints/multicentre_5seed/multicentre-fl-dinov3/seed0/test_image_order.csv
45354	2026-07-27 09:22:06.4441818490	/root/autodl-tmp/saved_checkpoints/multicentre_5seed/multicentre-fl-dinov3/seed0/seed0_best_swapmin_per_image.csv
45354	2026-07-27 09:22:24.2636540280	/root/autodl-tmp/saved_checkpoints/multicentre_5seed/multicentre-fl-dinov3/seed0/seed0_best_fixedchannel_per_image.csv
45358	2026-07-27 09:22:42.6991204750	/root/autodl-tmp/saved_checkpoints/multicentre_5seed/multicentre-fl-dinov3/seed0/seed0_final_swapmin_per_image.csv
45358	2026-07-27 09:23:02.6225576560	/root/autodl-tmp/saved_checkpoints/multicentre_5seed/multicentre-fl-dinov3/seed0/seed0_final_fixedchannel_per_image.csv
2503	2026-07-27 09:43:20.8183198670	/root/autodl-tmp/saved_checkpoints/multicentre_5seed/multicentre-fl-dinov3/seed123/seed123_config.yaml
11854	2026-07-27 09:43:26.2096169740	/root/autodl-tmp/saved_checkpoints/multicentre_5seed/multicentre-fl-dinov3/seed123/test_image_order.csv
45353	2026-07-27 09:43:43.8473567430	/root/autodl-tmp/saved_checkpoints/multicentre_5seed/multicentre-fl-dinov3/seed123/seed123_best_swapmin_per_image.csv
45353	2026-07-27 09:44:04.2288178070	/root/autodl-tmp/saved_checkpoints/multicentre_5seed/multicentre-fl-dinov3/seed123/seed123_best_fixedchannel_per_image.csv
45358	2026-07-27 09:44:23.6384699170	/root/autodl-tmp/saved_checkpoints/multicentre_5seed/multicentre-fl-dinov3/seed123/seed123_final_swapmin_per_image.csv
45358	2026-07-27 09:44:43.8120991840	/root/autodl-tmp/saved_checkpoints/multicentre_5seed/multicentre-fl-dinov3/seed123/seed123_final_fixedchannel_per_image.csv
2508	2026-07-27 10:07:33.5547859500	/root/autodl-tmp/saved_checkpoints/multicentre_5seed/multicentre-fl-dinov3/seed2024/seed2024_config.yaml
11854	2026-07-27 10:07:38.0146256260	/root/autodl-tmp/saved_checkpoints/multicentre_5seed/multicentre-fl-dinov3/seed2024/test_image_order.csv
45356	2026-07-27 10:07:53.9900531890	/root/autodl-tmp/saved_checkpoints/multicentre_5seed/multicentre-fl-dinov3/seed2024/seed2024_best_swapmin_per_image.csv
45356	2026-07-27 10:08:11.6814225570	/root/autodl-tmp/saved_checkpoints/multicentre_5seed/multicentre-fl-dinov3/seed2024/seed2024_best_fixedchannel_per_image.csv
45360	2026-07-27 10:08:29.3247969680	/root/autodl-tmp/saved_checkpoints/multicentre_5seed/multicentre-fl-dinov3/seed2024/seed2024_final_swapmin_per_image.csv
45360	2026-07-27 10:08:47.2241655850	/root/autodl-tmp/saved_checkpoints/multicentre_5seed/multicentre-fl-dinov3/seed2024/seed2024_final_fixedchannel_per_image.csv
2508	2026-07-27 10:28:55.4384322530	/root/autodl-tmp/saved_checkpoints/multicentre_5seed/multicentre-fl-dinov3/seed3407/seed3407_config.yaml
11854	2026-07-27 10:29:00.3461936810	/root/autodl-tmp/saved_checkpoints/multicentre_5seed/multicentre-fl-dinov3/seed3407/test_image_order.csv
45350	2026-07-27 10:29:14.8734908410	/root/autodl-tmp/saved_checkpoints/multicentre_5seed/multicentre-fl-dinov3/seed3407/seed3407_best_swapmin_per_image.csv
45350	2026-07-27 10:29:34.1205671780	/root/autodl-tmp/saved_checkpoints/multicentre_5seed/multicentre-fl-dinov3/seed3407/seed3407_best_fixedchannel_per_image.csv
45353	2026-07-27 10:29:53.8996266160	/root/autodl-tmp/saved_checkpoints/multicentre_5seed/multicentre-fl-dinov3/seed3407/seed3407_final_swapmin_per_image.csv
45353	2026-07-27 10:30:14.8506394940	/root/autodl-tmp/saved_checkpoints/multicentre_5seed/multicentre-fl-dinov3/seed3407/seed3407_final_fixedchannel_per_image.csv
6762	2026-08-02 15:44:45.7474098590	/root/autodl-tmp/wandb_runs/run-20260802_154428-9ydv4jlp/logs/debug.log
1752	2026-08-02 15:45:08.5390721140	/root/autodl-tmp/wandb_runs/run-20260802_154428-9ydv4jlp/logs/debug-internal.log
2177	2026-08-02 15:44:33.1635958090	/root/autodl-tmp/wandb_runs/run-20260802_154428-9ydv4jlp/files/output.log
4453	2026-08-02 15:44:33.5395902590	/root/autodl-tmp/wandb_runs/run-20260802_154428-9ydv4jlp/files/config.yaml
5366	2026-08-02 15:46:47.2415964320	/root/autodl-tmp/wandb_runs/run-20260802_154643-cqo9zr97/logs/debug.log
1759	2026-08-02 15:46:49.8095577790	/root/autodl-tmp/wandb_runs/run-20260802_154643-cqo9zr97/logs/debug-internal.log
2172	2026-08-02 15:46:47.2375964920	/root/autodl-tmp/wandb_runs/run-20260802_154643-cqo9zr97/files/output.log
4441	2026-08-02 15:46:47.6615901110	/root/autodl-tmp/wandb_runs/run-20260802_154643-cqo9zr97/files/config.yaml
5240	2026-08-08 02:05:51.9928227990	/root/autodl-tmp/wandb_runs/run-20260808_015646-h6bkoqpy/logs/debug.log
14104	2026-08-08 02:05:54.1647705760	/root/autodl-tmp/wandb_runs/run-20260808_015646-h6bkoqpy/logs/debug-internal.log
4188	2026-08-08 02:05:51.7928276110	/root/autodl-tmp/wandb_runs/run-20260808_015646-h6bkoqpy/files/output.log
3982	2026-08-08 02:05:51.9888228960	/root/autodl-tmp/wandb_runs/run-20260808_015646-h6bkoqpy/files/config.yaml
5263	2026-08-08 02:07:33.8064124190	/root/autodl-tmp/wandb_runs/run-20260808_020730-efksoo5t/logs/debug.log
1756	2026-08-08 02:07:36.2503554470	/root/autodl-tmp/wandb_runs/run-20260808_020730-efksoo5t/logs/debug-internal.log
1606	2026-08-08 02:07:33.8064124190	/root/autodl-tmp/wandb_runs/run-20260808_020730-efksoo5t/files/output.log
4086	2026-08-08 02:07:34.1504043980	/root/autodl-tmp/wandb_runs/run-20260808_020730-efksoo5t/files/config.yaml
5263	2026-08-08 02:09:14.6880909210	/root/autodl-tmp/wandb_runs/run-20260808_020909-y5idh3t1/logs/debug.log
1757	2026-08-08 02:09:17.3360307690	/root/autodl-tmp/wandb_runs/run-20260808_020909-y5idh3t1/logs/debug-internal.log
1607	2026-08-08 02:09:14.6880909210	/root/autodl-tmp/wandb_runs/run-20260808_020909-y5idh3t1/files/output.log
4087	2026-08-08 02:09:15.2440782870	/root/autodl-tmp/wandb_runs/run-20260808_020909-y5idh3t1/files/config.yaml
6651	2026-08-08 02:20:37.7294064530	/root/autodl-tmp/wandb_runs/run-20260808_021050-iykahqnu/logs/debug.log
15854	2026-08-08 02:22:36.4309574330	/root/autodl-tmp/wandb_runs/run-20260808_021050-iykahqnu/logs/debug-internal.log
4504	2026-08-08 02:20:23.4417024830	/root/autodl-tmp/wandb_runs/run-20260808_021050-iykahqnu/files/output.log
3959	2026-08-08 02:20:23.4417024830	/root/autodl-tmp/wandb_runs/run-20260808_021050-iykahqnu/files/config.yaml
5262	2026-08-08 02:24:16.0769138920	/root/autodl-tmp/wandb_runs/run-20260808_022411-2c3bwtx9/logs/debug.log
1758	2026-08-08 02:24:18.5008643030	/root/autodl-tmp/wandb_runs/run-20260808_022411-2c3bwtx9/logs/debug-internal.log
1602	2026-08-08 02:24:16.0729139740	/root/autodl-tmp/wandb_runs/run-20260808_022411-2c3bwtx9/files/output.log
4082	2026-08-08 02:24:16.4809056260	/root/autodl-tmp/wandb_runs/run-20260808_022411-2c3bwtx9/files/config.yaml
5262	2026-08-08 02:25:56.8468565880	/root/autodl-tmp/wandb_runs/run-20260808_022553-02d9nb0n/logs/debug.log
1757	2026-08-08 02:25:59.1028106230	/root/autodl-tmp/wandb_runs/run-20260808_022553-02d9nb0n/logs/debug-internal.log
1604	2026-08-08 02:25:56.8428566680	/root/autodl-tmp/wandb_runs/run-20260808_022553-02d9nb0n/files/output.log
4083	2026-08-08 02:25:57.2468484370	/root/autodl-tmp/wandb_runs/run-20260808_022553-02d9nb0n/files/config.yaml
6653	2026-08-08 02:33:18.9826707800	/root/autodl-tmp/wandb_runs/run-20260808_022732-xq6e4lmu/logs/debug.log
9268	2026-08-08 02:33:18.7706723870	/root/autodl-tmp/wandb_runs/run-20260808_022732-xq6e4lmu/logs/debug-internal.log
3625	2026-08-08 02:33:16.0706928130	/root/autodl-tmp/wandb_runs/run-20260808_022732-xq6e4lmu/files/output.log
3963	2026-08-08 02:33:16.0746927840	/root/autodl-tmp/wandb_runs/run-20260808_022732-xq6e4lmu/files/config.yaml
5264	2026-08-08 02:34:58.8698123920	/root/autodl-tmp/wandb_runs/run-20260808_023454-729bteuw/logs/debug.log
1758	2026-08-08 02:35:01.4817874470	/root/autodl-tmp/wandb_runs/run-20260808_023454-729bteuw/logs/debug-internal.log
1610	2026-08-08 02:34:58.8618124680	/root/autodl-tmp/wandb_runs/run-20260808_023454-729bteuw/files/output.log
4090	2026-08-08 02:34:59.4978064040	/root/autodl-tmp/wandb_runs/run-20260808_023454-729bteuw/files/config.yaml
6653	2026-08-08 02:36:52.1006294530	/root/autodl-tmp/wandb_runs/run-20260808_023635-vkikq3nm/logs/debug.log
2905	2026-08-08 02:38:51.2311908580	/root/autodl-tmp/wandb_runs/run-20260808_023635-vkikq3nm/logs/debug-internal.log
1611	2026-08-08 02:36:39.4887708720	/root/autodl-tmp/wandb_runs/run-20260808_023635-vkikq3nm/files/output.log
4091	2026-08-08 02:36:39.8727666000	/root/autodl-tmp/wandb_runs/run-20260808_023635-vkikq3nm/files/config.yaml
6654	2026-08-08 02:48:42.4662611960	/root/autodl-tmp/wandb_runs/run-20260808_024025-ezw2amnj/logs/debug.log
12916	2026-08-08 02:48:44.2782309620	/root/autodl-tmp/wandb_runs/run-20260808_024025-ezw2amnj/logs/debug-internal.log
4144	2026-08-08 02:48:40.9382866820	/root/autodl-tmp/wandb_runs/run-20260808_024025-ezw2amnj/files/output.log
3965	2026-08-08 02:48:41.4302784760	/root/autodl-tmp/wandb_runs/run-20260808_024025-ezw2amnj/files/config.yaml
5265	2026-08-08 02:50:23.5725577970	/root/autodl-tmp/wandb_runs/run-20260808_025019-f3gjpe33/logs/debug.log
1757	2026-08-08 02:50:25.8725186840	/root/autodl-tmp/wandb_runs/run-20260808_025019-f3gjpe33/logs/debug-internal.log
1613	2026-08-08 02:50:23.5685578650	/root/autodl-tmp/wandb_runs/run-20260808_025019-f3gjpe33/files/output.log
4094	2026-08-08 02:50:23.9285517440	/root/autodl-tmp/wandb_runs/run-20260808_025019-f3gjpe33/files/config.yaml
6654	2026-08-08 02:52:17.6346011040	/root/autodl-tmp/wandb_runs/run-20260808_025200-1ya8mlz0/logs/debug.log
2907	2026-08-08 02:54:17.3685149830	/root/autodl-tmp/wandb_runs/run-20260808_025200-1ya8mlz0/logs/debug-internal.log
1615	2026-08-08 02:52:05.0948178080	/root/autodl-tmp/wandb_runs/run-20260808_025200-1ya8mlz0/files/output.log
4095	2026-08-08 02:52:05.5268103480	/root/autodl-tmp/wandb_runs/run-20260808_025200-1ya8mlz0/files/config.yaml
5265	2026-08-08 03:05:19.0084358560	/root/autodl-tmp/wandb_runs/run-20260808_025552-jlcv3fr2/logs/debug.log
14402	2026-08-08 03:05:21.4723909740	/root/autodl-tmp/wandb_runs/run-20260808_025552-jlcv3fr2/logs/debug-internal.log
4506	2026-08-08 03:05:19.0004360010	/root/autodl-tmp/wandb_runs/run-20260808_025552-jlcv3fr2/files/output.log
3965	2026-08-08 03:05:19.0044359290	/root/autodl-tmp/wandb_runs/run-20260808_025552-jlcv3fr2/files/config.yaml
5265	2026-08-08 03:06:51.0027228870	/root/autodl-tmp/wandb_runs/run-20260808_030646-mpzi3hpv/logs/debug.log
1756	2026-08-08 03:06:53.0586821220	/root/autodl-tmp/wandb_runs/run-20260808_030646-mpzi3hpv/logs/debug-internal.log
1614	2026-08-08 03:06:50.9987229660	/root/autodl-tmp/wandb_runs/run-20260808_030646-mpzi3hpv/files/output.log
4094	2026-08-08 03:06:51.4267144790	/root/autodl-tmp/wandb_runs/run-20260808_030646-mpzi3hpv/files/config.yaml
5265	2026-08-08 03:07:51.5295267840	/root/autodl-tmp/wandb_runs/run-20260808_030747-yb60zgjd/logs/debug.log
1757	2026-08-08 03:07:53.5414871610	/root/autodl-tmp/wandb_runs/run-20260808_030747-yb60zgjd/logs/debug-internal.log
1615	2026-08-08 03:07:51.5255268610	/root/autodl-tmp/wandb_runs/run-20260808_030747-yb60zgjd/files/output.log
4095	2026-08-08 03:07:51.9335188260	/root/autodl-tmp/wandb_runs/run-20260808_030747-yb60zgjd/files/config.yaml
387797	2026-07-27 12:21:58.2096246650	/root/autodl-tmp/hrnet_reproduction/output/FETAL/fetal_landmark_hrnet_w18_MULTICENTRE_brain_BPD_repeat1_CANARY/fetal_landmark_hrnet_w18_MULTICENTRE_brain_BPD_repeat1_CANARY_2026-07-27-11-24_train.log
2195	2026-07-27 12:22:02.5294528240	/root/autodl-tmp/hrnet_reproduction/output/FETAL/fetal_landmark_hrnet_w18_MULTICENTRE_brain_BPD_repeat1_CANARY/fetal_landmark_hrnet_w18_MULTICENTRE_brain_BPD_repeat1_CANARY_2026-07-27-12-22_test.log
2613	2026-07-27 12:43:17.6024277160	/root/autodl-tmp/hrnet_reproduction/output/FETAL/fetal_landmark_hrnet_w18_MULTICENTRE_brain_BPD_repeat1_CANARY/fetal_landmark_hrnet_w18_MULTICENTRE_brain_BPD_repeat1_CANARY_2026-07-27-12-43_test.log
20485	2026-07-27 12:43:17.6024277160	/root/autodl-tmp/hrnet_reproduction/output/FETAL/fetal_landmark_hrnet_w18_MULTICENTRE_brain_BPD_repeat1_CANARY/predictions.pth
386394	2026-07-27 13:41:53.5811958390	/root/autodl-tmp/hrnet_reproduction/output/FETAL/fetal_landmark_hrnet_w18_MULTICENTRE_brain_BPD_repeat1/fetal_landmark_hrnet_w18_MULTICENTRE_brain_BPD_repeat1_2026-07-27-12-47_train.log
2599	2026-07-27 13:42:03.3292275150	/root/autodl-tmp/hrnet_reproduction/output/FETAL/fetal_landmark_hrnet_w18_MULTICENTRE_brain_BPD_repeat1/fetal_landmark_hrnet_w18_MULTICENTRE_brain_BPD_repeat1_2026-07-27-13-41_test.log
20485	2026-07-27 13:42:03.3292275150	/root/autodl-tmp/hrnet_reproduction/output/FETAL/fetal_landmark_hrnet_w18_MULTICENTRE_brain_BPD_repeat1/predictions.pth
386387	2026-07-27 14:35:31.0716561340	/root/autodl-tmp/hrnet_reproduction/output/FETAL/fetal_landmark_hrnet_w18_MULTICENTRE_brain_BPD_repeat2/fetal_landmark_hrnet_w18_MULTICENTRE_brain_BPD_repeat2_2026-07-27-13-42_train.log
2599	2026-07-27 14:35:40.3952029500	/root/autodl-tmp/hrnet_reproduction/output/FETAL/fetal_landmark_hrnet_w18_MULTICENTRE_brain_BPD_repeat2/fetal_landmark_hrnet_w18_MULTICENTRE_brain_BPD_repeat2_2026-07-27-14-35_test.log
20485	2026-07-27 14:35:40.3992027550	/root/autodl-tmp/hrnet_reproduction/output/FETAL/fetal_landmark_hrnet_w18_MULTICENTRE_brain_BPD_repeat2/predictions.pth
386380	2026-07-27 15:30:12.0060356340	/root/autodl-tmp/hrnet_reproduction/output/FETAL/fetal_landmark_hrnet_w18_MULTICENTRE_brain_BPD_repeat3/fetal_landmark_hrnet_w18_MULTICENTRE_brain_BPD_repeat3_2026-07-27-14-35_train.log
2599	2026-07-27 15:30:21.6975185930	/root/autodl-tmp/hrnet_reproduction/output/FETAL/fetal_landmark_hrnet_w18_MULTICENTRE_brain_BPD_repeat3/fetal_landmark_hrnet_w18_MULTICENTRE_brain_BPD_repeat3_2026-07-27-15-30_test.log
20485	2026-07-27 15:30:21.6975185930	/root/autodl-tmp/hrnet_reproduction/output/FETAL/fetal_landmark_hrnet_w18_MULTICENTRE_brain_BPD_repeat3/predictions.pth
386375	2026-07-27 16:28:51.8493788280	/root/autodl-tmp/hrnet_reproduction/output/FETAL/fetal_landmark_hrnet_w18_MULTICENTRE_brain_BPD_repeat4/fetal_landmark_hrnet_w18_MULTICENTRE_brain_BPD_repeat4_2026-07-27-15-30_train.log
2599	2026-07-27 16:29:04.1009227010	/root/autodl-tmp/hrnet_reproduction/output/FETAL/fetal_landmark_hrnet_w18_MULTICENTRE_brain_BPD_repeat4/fetal_landmark_hrnet_w18_MULTICENTRE_brain_BPD_repeat4_2026-07-27-16-28_test.log
20485	2026-07-27 16:29:04.1009227010	/root/autodl-tmp/hrnet_reproduction/output/FETAL/fetal_landmark_hrnet_w18_MULTICENTRE_brain_BPD_repeat4/predictions.pth
386368	2026-07-27 17:32:15.4599757850	/root/autodl-tmp/hrnet_reproduction/output/FETAL/fetal_landmark_hrnet_w18_MULTICENTRE_brain_BPD_repeat5/fetal_landmark_hrnet_w18_MULTICENTRE_brain_BPD_repeat5_2026-07-27-16-29_train.log
2599	2026-07-27 17:32:29.5235928590	/root/autodl-tmp/hrnet_reproduction/output/FETAL/fetal_landmark_hrnet_w18_MULTICENTRE_brain_BPD_repeat5/fetal_landmark_hrnet_w18_MULTICENTRE_brain_BPD_repeat5_2026-07-27-17-32_test.log
20485	2026-07-27 17:32:29.5275927490	/root/autodl-tmp/hrnet_reproduction/output/FETAL/fetal_landmark_hrnet_w18_MULTICENTRE_brain_BPD_repeat5/predictions.pth
413192	2026-07-27 19:34:20.2965631350	/root/autodl-tmp/hrnet_reproduction/output/FETAL/fetal_landmark_hrnet_w18_MULTICENTRE_brain_OFD_repeat1/fetal_landmark_hrnet_w18_MULTICENTRE_brain_OFD_repeat1_2026-07-27-18-28_train.log
2595	2026-07-27 19:34:31.3999588510	/root/autodl-tmp/hrnet_reproduction/output/FETAL/fetal_landmark_hrnet_w18_MULTICENTRE_brain_OFD_repeat1/fetal_landmark_hrnet_w18_MULTICENTRE_brain_OFD_repeat1_2026-07-27-19-34_test.log
20613	2026-07-27 19:34:31.3999588510	/root/autodl-tmp/hrnet_reproduction/output/FETAL/fetal_landmark_hrnet_w18_MULTICENTRE_brain_OFD_repeat1/predictions.pth
413204	2026-07-27 20:40:33.1181471590	/root/autodl-tmp/hrnet_reproduction/output/FETAL/fetal_landmark_hrnet_w18_MULTICENTRE_brain_OFD_repeat2/fetal_landmark_hrnet_w18_MULTICENTRE_brain_OFD_repeat2_2026-07-27-19-34_train.log
2595	2026-07-27 20:40:45.0650364870	/root/autodl-tmp/hrnet_reproduction/output/FETAL/fetal_landmark_hrnet_w18_MULTICENTRE_brain_OFD_repeat2/fetal_landmark_hrnet_w18_MULTICENTRE_brain_OFD_repeat2_2026-07-27-20-40_test.log
20613	2026-07-27 20:40:45.0650364870	/root/autodl-tmp/hrnet_reproduction/output/FETAL/fetal_landmark_hrnet_w18_MULTICENTRE_brain_OFD_repeat2/predictions.pth
413206	2026-07-27 21:46:58.4855798770	/root/autodl-tmp/hrnet_reproduction/output/FETAL/fetal_landmark_hrnet_w18_MULTICENTRE_brain_OFD_repeat3/fetal_landmark_hrnet_w18_MULTICENTRE_brain_OFD_repeat3_2026-07-27-20-40_train.log
2595	2026-07-27 21:47:09.6294978860	/root/autodl-tmp/hrnet_reproduction/output/FETAL/fetal_landmark_hrnet_w18_MULTICENTRE_brain_OFD_repeat3/fetal_landmark_hrnet_w18_MULTICENTRE_brain_OFD_repeat3_2026-07-27-21-47_test.log
20613	2026-07-27 21:47:09.6294978860	/root/autodl-tmp/hrnet_reproduction/output/FETAL/fetal_landmark_hrnet_w18_MULTICENTRE_brain_OFD_repeat3/predictions.pth
413197	2026-07-27 22:51:26.0938491240	/root/autodl-tmp/hrnet_reproduction/output/FETAL/fetal_landmark_hrnet_w18_MULTICENTRE_brain_OFD_repeat4/fetal_landmark_hrnet_w18_MULTICENTRE_brain_OFD_repeat4_2026-07-27-21-47_train.log
2595	2026-07-27 22:51:37.3849113680	/root/autodl-tmp/hrnet_reproduction/output/FETAL/fetal_landmark_hrnet_w18_MULTICENTRE_brain_OFD_repeat4/fetal_landmark_hrnet_w18_MULTICENTRE_brain_OFD_repeat4_2026-07-27-22-51_test.log
20613	2026-07-27 22:51:37.3849113680	/root/autodl-tmp/hrnet_reproduction/output/FETAL/fetal_landmark_hrnet_w18_MULTICENTRE_brain_OFD_repeat4/predictions.pth
413207	2026-07-27 23:56:15.4008873280	/root/autodl-tmp/hrnet_reproduction/output/FETAL/fetal_landmark_hrnet_w18_MULTICENTRE_brain_OFD_repeat5/fetal_landmark_hrnet_w18_MULTICENTRE_brain_OFD_repeat5_2026-07-27-22-51_train.log
2595	2026-07-27 23:56:26.9897438790	/root/autodl-tmp/hrnet_reproduction/output/FETAL/fetal_landmark_hrnet_w18_MULTICENTRE_brain_OFD_repeat5/fetal_landmark_hrnet_w18_MULTICENTRE_brain_OFD_repeat5_2026-07-27-23-56_test.log
20613	2026-07-27 23:56:26.9937446250	/root/autodl-tmp/hrnet_reproduction/output/FETAL/fetal_landmark_hrnet_w18_MULTICENTRE_brain_OFD_repeat5/predictions.pth
360687	2026-07-28 00:36:32.7263965700	/root/autodl-tmp/hrnet_reproduction/output/FETAL/fetal_landmark_hrnet_w18_MULTICENTRE_abdomen_APAD_repeat1/fetal_landmark_hrnet_w18_MULTICENTRE_abdomen_APAD_repeat1_2026-07-28-00-07_train.log
4165	2026-07-28 00:36:43.5778043000	/root/autodl-tmp/hrnet_reproduction/output/FETAL/fetal_landmark_hrnet_w18_MULTICENTRE_abdomen_APAD_repeat1/predictions.pth
2613	2026-07-28 00:36:43.5738045170	/root/autodl-tmp/hrnet_reproduction/output/FETAL/fetal_landmark_hrnet_w18_MULTICENTRE_abdomen_APAD_repeat1/fetal_landmark_hrnet_w18_MULTICENTRE_abdomen_APAD_repeat1_2026-07-28-00-36_test.log
360683	2026-07-28 01:08:58.2406969640	/root/autodl-tmp/hrnet_reproduction/output/FETAL/fetal_landmark_hrnet_w18_MULTICENTRE_abdomen_APAD_repeat2/fetal_landmark_hrnet_w18_MULTICENTRE_abdomen_APAD_repeat2_2026-07-28-00-36_train.log
2613	2026-07-28 01:09:08.4516375800	/root/autodl-tmp/hrnet_reproduction/output/FETAL/fetal_landmark_hrnet_w18_MULTICENTRE_abdomen_APAD_repeat2/fetal_landmark_hrnet_w18_MULTICENTRE_abdomen_APAD_repeat2_2026-07-28-01-09_test.log
4165	2026-07-28 01:09:08.4516375800	/root/autodl-tmp/hrnet_reproduction/output/FETAL/fetal_landmark_hrnet_w18_MULTICENTRE_abdomen_APAD_repeat2/predictions.pth
360683	2026-07-28 01:38:15.7862722690	/root/autodl-tmp/hrnet_reproduction/output/FETAL/fetal_landmark_hrnet_w18_MULTICENTRE_abdomen_APAD_repeat3/fetal_landmark_hrnet_w18_MULTICENTRE_abdomen_APAD_repeat3_2026-07-28-01-09_train.log
2613	2026-07-28 01:38:23.7659105800	/root/autodl-tmp/hrnet_reproduction/output/FETAL/fetal_landmark_hrnet_w18_MULTICENTRE_abdomen_APAD_repeat3/fetal_landmark_hrnet_w18_MULTICENTRE_abdomen_APAD_repeat3_2026-07-28-01-38_test.log
4165	2026-07-28 01:38:23.7699103980	/root/autodl-tmp/hrnet_reproduction/output/FETAL/fetal_landmark_hrnet_w18_MULTICENTRE_abdomen_APAD_repeat3/predictions.pth
360682	2026-07-28 02:09:20.4790712070	/root/autodl-tmp/hrnet_reproduction/output/FETAL/fetal_landmark_hrnet_w18_MULTICENTRE_abdomen_APAD_repeat4/fetal_landmark_hrnet_w18_MULTICENTRE_abdomen_APAD_repeat4_2026-07-28-01-38_train.log
4165	2026-07-28 02:09:28.2509165060	/root/autodl-tmp/hrnet_reproduction/output/FETAL/fetal_landmark_hrnet_w18_MULTICENTRE_abdomen_APAD_repeat4/predictions.pth
2613	2026-07-28 02:09:28.2509165060	/root/autodl-tmp/hrnet_reproduction/output/FETAL/fetal_landmark_hrnet_w18_MULTICENTRE_abdomen_APAD_repeat4/fetal_landmark_hrnet_w18_MULTICENTRE_abdomen_APAD_repeat4_2026-07-28-02-09_test.log
360681	2026-07-28 02:40:31.7468487540	/root/autodl-tmp/hrnet_reproduction/output/FETAL/fetal_landmark_hrnet_w18_MULTICENTRE_abdomen_APAD_repeat5/fetal_landmark_hrnet_w18_MULTICENTRE_abdomen_APAD_repeat5_2026-07-28-02-09_train.log
2613	2026-07-28 02:40:39.5588935000	/root/autodl-tmp/hrnet_reproduction/output/FETAL/fetal_landmark_hrnet_w18_MULTICENTRE_abdomen_APAD_repeat5/fetal_landmark_hrnet_w18_MULTICENTRE_abdomen_APAD_repeat5_2026-07-28-02-40_test.log
4165	2026-07-28 02:40:39.5628935230	/root/autodl-tmp/hrnet_reproduction/output/FETAL/fetal_landmark_hrnet_w18_MULTICENTRE_abdomen_APAD_repeat5/predictions.pth
360347	2026-07-28 04:15:46.2175560970	/root/autodl-tmp/hrnet_reproduction/output/FETAL/fetal_landmark_hrnet_w18_MULTICENTRE_abdomen_TAD_repeat1/fetal_landmark_hrnet_w18_MULTICENTRE_abdomen_TAD_repeat1_2026-07-28-03-50_train.log
2610	2026-07-28 04:15:52.2534282840	/root/autodl-tmp/hrnet_reproduction/output/FETAL/fetal_landmark_hrnet_w18_MULTICENTRE_abdomen_TAD_repeat1/fetal_landmark_hrnet_w18_MULTICENTRE_abdomen_TAD_repeat1_2026-07-28-04-15_test.log
4165	2026-07-28 04:15:52.2574281980	/root/autodl-tmp/hrnet_reproduction/output/FETAL/fetal_landmark_hrnet_w18_MULTICENTRE_abdomen_TAD_repeat1/predictions.pth
360367	2026-07-28 04:41:44.5954354630	/root/autodl-tmp/hrnet_reproduction/output/FETAL/fetal_landmark_hrnet_w18_MULTICENTRE_abdomen_TAD_repeat2/fetal_landmark_hrnet_w18_MULTICENTRE_abdomen_TAD_repeat2_2026-07-28-04-15_train.log
2610	2026-07-28 04:41:51.2070998700	/root/autodl-tmp/hrnet_reproduction/output/FETAL/fetal_landmark_hrnet_w18_MULTICENTRE_abdomen_TAD_repeat2/fetal_landmark_hrnet_w18_MULTICENTRE_abdomen_TAD_repeat2_2026-07-28-04-41_test.log
4165	2026-07-28 04:41:51.2070998700	/root/autodl-tmp/hrnet_reproduction/output/FETAL/fetal_landmark_hrnet_w18_MULTICENTRE_abdomen_TAD_repeat2/predictions.pth
360341	2026-07-28 05:06:44.6522597990	/root/autodl-tmp/hrnet_reproduction/output/FETAL/fetal_landmark_hrnet_w18_MULTICENTRE_abdomen_TAD_repeat3/fetal_landmark_hrnet_w18_MULTICENTRE_abdomen_TAD_repeat3_2026-07-28-04-41_train.log
2610	2026-07-28 05:06:51.2643649750	/root/autodl-tmp/hrnet_reproduction/output/FETAL/fetal_landmark_hrnet_w18_MULTICENTRE_abdomen_TAD_repeat3/fetal_landmark_hrnet_w18_MULTICENTRE_abdomen_TAD_repeat3_2026-07-28-05-06_test.log
4165	2026-07-28 05:06:51.2643649750	/root/autodl-tmp/hrnet_reproduction/output/FETAL/fetal_landmark_hrnet_w18_MULTICENTRE_abdomen_TAD_repeat3/predictions.pth
360383	2026-07-28 05:33:02.1282830320	/root/autodl-tmp/hrnet_reproduction/output/FETAL/fetal_landmark_hrnet_w18_MULTICENTRE_abdomen_TAD_repeat4/fetal_landmark_hrnet_w18_MULTICENTRE_abdomen_TAD_repeat4_2026-07-28-05-06_train.log
2610	2026-07-28 05:33:08.9201221600	/root/autodl-tmp/hrnet_reproduction/output/FETAL/fetal_landmark_hrnet_w18_MULTICENTRE_abdomen_TAD_repeat4/fetal_landmark_hrnet_w18_MULTICENTRE_abdomen_TAD_repeat4_2026-07-28-05-33_test.log
4165	2026-07-28 05:33:08.9201221600	/root/autodl-tmp/hrnet_reproduction/output/FETAL/fetal_landmark_hrnet_w18_MULTICENTRE_abdomen_TAD_repeat4/predictions.pth
360167	2026-07-28 05:58:03.2227962450	/root/autodl-tmp/hrnet_reproduction/output/FETAL/fetal_landmark_hrnet_w18_MULTICENTRE_abdomen_TAD_repeat5/fetal_landmark_hrnet_w18_MULTICENTRE_abdomen_TAD_repeat5_2026-07-28-05-33_train.log
2610	2026-07-28 05:58:10.6226681100	/root/autodl-tmp/hrnet_reproduction/output/FETAL/fetal_landmark_hrnet_w18_MULTICENTRE_abdomen_TAD_repeat5/fetal_landmark_hrnet_w18_MULTICENTRE_abdomen_TAD_repeat5_2026-07-28-05-58_test.log
4165	2026-07-28 05:58:10.6226681100	/root/autodl-tmp/hrnet_reproduction/output/FETAL/fetal_landmark_hrnet_w18_MULTICENTRE_abdomen_TAD_repeat5/predictions.pth
359537	2026-07-28 07:23:00.3614834930	/root/autodl-tmp/hrnet_reproduction/output/FETAL/fetal_landmark_hrnet_w18_MULTICENTRE_femur_FL_repeat1/fetal_landmark_hrnet_w18_MULTICENTRE_femur_FL_repeat1_2026-07-28-06-58_train.log
2595	2026-07-28 07:23:07.9814902910	/root/autodl-tmp/hrnet_reproduction/output/FETAL/fetal_landmark_hrnet_w18_MULTICENTRE_femur_FL_repeat1/fetal_landmark_hrnet_w18_MULTICENTRE_femur_FL_repeat1_2026-07-28-07-23_test.log
7365	2026-07-28 07:23:07.9814902910	/root/autodl-tmp/hrnet_reproduction/output/FETAL/fetal_landmark_hrnet_w18_MULTICENTRE_femur_FL_repeat1/predictions.pth
359553	2026-07-28 07:46:17.1850837770	/root/autodl-tmp/hrnet_reproduction/output/FETAL/fetal_landmark_hrnet_w18_MULTICENTRE_femur_FL_repeat2/fetal_landmark_hrnet_w18_MULTICENTRE_femur_FL_repeat2_2026-07-28-07-23_train.log
2595	2026-07-28 07:46:25.0528525130	/root/autodl-tmp/hrnet_reproduction/output/FETAL/fetal_landmark_hrnet_w18_MULTICENTRE_femur_FL_repeat2/fetal_landmark_hrnet_w18_MULTICENTRE_femur_FL_repeat2_2026-07-28-07-46_test.log
7365	2026-07-28 07:46:25.0528525130	/root/autodl-tmp/hrnet_reproduction/output/FETAL/fetal_landmark_hrnet_w18_MULTICENTRE_femur_FL_repeat2/predictions.pth
359522	2026-07-28 08:10:59.5701975490	/root/autodl-tmp/hrnet_reproduction/output/FETAL/fetal_landmark_hrnet_w18_MULTICENTRE_femur_FL_repeat3/fetal_landmark_hrnet_w18_MULTICENTRE_femur_FL_repeat3_2026-07-28-07-46_train.log
2595	2026-07-28 08:11:06.7261787550	/root/autodl-tmp/hrnet_reproduction/output/FETAL/fetal_landmark_hrnet_w18_MULTICENTRE_femur_FL_repeat3/fetal_landmark_hrnet_w18_MULTICENTRE_femur_FL_repeat3_2026-07-28-08-11_test.log
7365	2026-07-28 08:11:06.7261787550	/root/autodl-tmp/hrnet_reproduction/output/FETAL/fetal_landmark_hrnet_w18_MULTICENTRE_femur_FL_repeat3/predictions.pth
359543	2026-07-28 08:34:02.8678103380	/root/autodl-tmp/hrnet_reproduction/output/FETAL/fetal_landmark_hrnet_w18_MULTICENTRE_femur_FL_repeat4/fetal_landmark_hrnet_w18_MULTICENTRE_femur_FL_repeat4_2026-07-28-08-11_train.log
2595	2026-07-28 08:34:10.0316520510	/root/autodl-tmp/hrnet_reproduction/output/FETAL/fetal_landmark_hrnet_w18_MULTICENTRE_femur_FL_repeat4/fetal_landmark_hrnet_w18_MULTICENTRE_femur_FL_repeat4_2026-07-28-08-34_test.log
7365	2026-07-28 08:34:10.0316520510	/root/autodl-tmp/hrnet_reproduction/output/FETAL/fetal_landmark_hrnet_w18_MULTICENTRE_femur_FL_repeat4/predictions.pth
359536	2026-07-28 08:57:49.1216726690	/root/autodl-tmp/hrnet_reproduction/output/FETAL/fetal_landmark_hrnet_w18_MULTICENTRE_femur_FL_repeat5/fetal_landmark_hrnet_w18_MULTICENTRE_femur_FL_repeat5_2026-07-28-08-34_train.log
2595	2026-07-28 08:57:56.9815410600	/root/autodl-tmp/hrnet_reproduction/output/FETAL/fetal_landmark_hrnet_w18_MULTICENTRE_femur_FL_repeat5/fetal_landmark_hrnet_w18_MULTICENTRE_femur_FL_repeat5_2026-07-28-08-57_test.log
7365	2026-07-28 08:57:56.9855409940	/root/autodl-tmp/hrnet_reproduction/output/FETAL/fetal_landmark_hrnet_w18_MULTICENTRE_femur_FL_repeat5/predictions.pth
322407	2026-07-27 12:21:58.3616186160	/root/autodl-tmp/hrnet_reproduction/driver_logs/fetal_landmark_hrnet_w18_MULTICENTRE_brain_BPD_repeat1_CANARY_train.log
2719	2026-07-27 12:43:17.6024277160	/root/autodl-tmp/hrnet_reproduction/driver_logs/fetal_landmark_hrnet_w18_MULTICENTRE_brain_BPD_repeat1_CANARY_test.log
320990	2026-07-27 13:41:53.7371963840	/root/autodl-tmp/hrnet_reproduction/driver_logs/fetal_landmark_hrnet_w18_MULTICENTRE_brain_BPD_repeat1_train.log
2691	2026-07-27 13:42:03.3292275150	/root/autodl-tmp/hrnet_reproduction/driver_logs/fetal_landmark_hrnet_w18_MULTICENTRE_brain_BPD_repeat1_test.log
320979	2026-07-27 14:35:31.2236487310	/root/autodl-tmp/hrnet_reproduction/driver_logs/fetal_landmark_hrnet_w18_MULTICENTRE_brain_BPD_repeat2_train.log
2691	2026-07-27 14:35:40.3952029500	/root/autodl-tmp/hrnet_reproduction/driver_logs/fetal_landmark_hrnet_w18_MULTICENTRE_brain_BPD_repeat2_test.log
320980	2026-07-27 15:30:12.1620272800	/root/autodl-tmp/hrnet_reproduction/driver_logs/fetal_landmark_hrnet_w18_MULTICENTRE_brain_BPD_repeat3_train.log
2691	2026-07-27 15:30:21.6975185930	/root/autodl-tmp/hrnet_reproduction/driver_logs/fetal_landmark_hrnet_w18_MULTICENTRE_brain_BPD_repeat3_test.log
320969	2026-07-27 16:28:52.0413716780	/root/autodl-tmp/hrnet_reproduction/driver_logs/fetal_landmark_hrnet_w18_MULTICENTRE_brain_BPD_repeat4_train.log
2691	2026-07-27 16:29:04.1009227010	/root/autodl-tmp/hrnet_reproduction/driver_logs/fetal_landmark_hrnet_w18_MULTICENTRE_brain_BPD_repeat4_test.log
320969	2026-07-27 17:32:15.6679701240	/root/autodl-tmp/hrnet_reproduction/driver_logs/fetal_landmark_hrnet_w18_MULTICENTRE_brain_BPD_repeat5_train.log
2691	2026-07-27 17:32:29.5235928590	/root/autodl-tmp/hrnet_reproduction/driver_logs/fetal_landmark_hrnet_w18_MULTICENTRE_brain_BPD_repeat5_test.log
342980	2026-07-27 19:34:20.4805530890	/root/autodl-tmp/hrnet_reproduction/driver_logs/fetal_landmark_hrnet_w18_MULTICENTRE_brain_OFD_repeat1_train.log
2687	2026-07-27 19:34:31.3999588510	/root/autodl-tmp/hrnet_reproduction/driver_logs/fetal_landmark_hrnet_w18_MULTICENTRE_brain_OFD_repeat1_test.log
342993	2026-07-27 20:40:33.3981209680	/root/autodl-tmp/hrnet_reproduction/driver_logs/fetal_landmark_hrnet_w18_MULTICENTRE_brain_OFD_repeat2_train.log
2687	2026-07-27 20:40:45.0650364870	/root/autodl-tmp/hrnet_reproduction/driver_logs/fetal_landmark_hrnet_w18_MULTICENTRE_brain_OFD_repeat2_test.log
342988	2026-07-27 21:46:58.6575786580	/root/autodl-tmp/hrnet_reproduction/driver_logs/fetal_landmark_hrnet_w18_MULTICENTRE_brain_OFD_repeat3_train.log
2687	2026-07-27 21:47:09.6294978860	/root/autodl-tmp/hrnet_reproduction/driver_logs/fetal_landmark_hrnet_w18_MULTICENTRE_brain_OFD_repeat3_test.log
342990	2026-07-27 22:51:26.2778337560	/root/autodl-tmp/hrnet_reproduction/driver_logs/fetal_landmark_hrnet_w18_MULTICENTRE_brain_OFD_repeat4_train.log
2687	2026-07-27 22:51:37.3849113680	/root/autodl-tmp/hrnet_reproduction/driver_logs/fetal_landmark_hrnet_w18_MULTICENTRE_brain_OFD_repeat4_test.log
342994	2026-07-27 23:56:15.6008775500	/root/autodl-tmp/hrnet_reproduction/driver_logs/fetal_landmark_hrnet_w18_MULTICENTRE_brain_OFD_repeat5_train.log
2687	2026-07-27 23:56:26.9897438790	/root/autodl-tmp/hrnet_reproduction/driver_logs/fetal_landmark_hrnet_w18_MULTICENTRE_brain_OFD_repeat5_test.log
300096	2026-07-28 00:36:32.9543840660	/root/autodl-tmp/hrnet_reproduction/driver_logs/fetal_landmark_hrnet_w18_MULTICENTRE_abdomen_APAD_repeat1_train.log
2711	2026-07-28 00:36:43.5738045170	/root/autodl-tmp/hrnet_reproduction/driver_logs/fetal_landmark_hrnet_w18_MULTICENTRE_abdomen_APAD_repeat1_test.log
300087	2026-07-28 01:08:58.4566744330	/root/autodl-tmp/hrnet_reproduction/driver_logs/fetal_landmark_hrnet_w18_MULTICENTRE_abdomen_APAD_repeat2_train.log
2711	2026-07-28 01:09:08.4516375800	/root/autodl-tmp/hrnet_reproduction/driver_logs/fetal_landmark_hrnet_w18_MULTICENTRE_abdomen_APAD_repeat2_test.log
300091	2026-07-28 01:38:15.9422651950	/root/autodl-tmp/hrnet_reproduction/driver_logs/fetal_landmark_hrnet_w18_MULTICENTRE_abdomen_APAD_repeat3_train.log
2711	2026-07-28 01:38:23.7659105800	/root/autodl-tmp/hrnet_reproduction/driver_logs/fetal_landmark_hrnet_w18_MULTICENTRE_abdomen_APAD_repeat3_test.log
300092	2026-07-28 02:09:20.6510677870	/root/autodl-tmp/hrnet_reproduction/driver_logs/fetal_landmark_hrnet_w18_MULTICENTRE_abdomen_APAD_repeat4_train.log
2711	2026-07-28 02:09:28.2509165060	/root/autodl-tmp/hrnet_reproduction/driver_logs/fetal_landmark_hrnet_w18_MULTICENTRE_abdomen_APAD_repeat4_test.log
300094	2026-07-28 02:40:31.9268497940	/root/autodl-tmp/hrnet_reproduction/driver_logs/fetal_landmark_hrnet_w18_MULTICENTRE_abdomen_APAD_repeat5_train.log
2711	2026-07-28 02:40:39.5588935000	/root/autodl-tmp/hrnet_reproduction/driver_logs/fetal_landmark_hrnet_w18_MULTICENTRE_abdomen_APAD_repeat5_test.log
299755	2026-07-28 04:15:46.3695528780	/root/autodl-tmp/hrnet_reproduction/driver_logs/fetal_landmark_hrnet_w18_MULTICENTRE_abdomen_TAD_repeat1_train.log
2706	2026-07-28 04:15:52.2534282840	/root/autodl-tmp/hrnet_reproduction/driver_logs/fetal_landmark_hrnet_w18_MULTICENTRE_abdomen_TAD_repeat1_test.log
299771	2026-07-28 04:41:44.7514275280	/root/autodl-tmp/hrnet_reproduction/driver_logs/fetal_landmark_hrnet_w18_MULTICENTRE_abdomen_TAD_repeat2_train.log
2706	2026-07-28 04:41:51.2070998700	/root/autodl-tmp/hrnet_reproduction/driver_logs/fetal_landmark_hrnet_w18_MULTICENTRE_abdomen_TAD_repeat2_test.log
299757	2026-07-28 05:06:44.8042622600	/root/autodl-tmp/hrnet_reproduction/driver_logs/fetal_landmark_hrnet_w18_MULTICENTRE_abdomen_TAD_repeat3_train.log
2706	2026-07-28 05:06:51.2643649750	/root/autodl-tmp/hrnet_reproduction/driver_logs/fetal_landmark_hrnet_w18_MULTICENTRE_abdomen_TAD_repeat3_test.log
299791	2026-07-28 05:33:02.2842793390	/root/autodl-tmp/hrnet_reproduction/driver_logs/fetal_landmark_hrnet_w18_MULTICENTRE_abdomen_TAD_repeat4_train.log
2706	2026-07-28 05:33:08.9201221600	/root/autodl-tmp/hrnet_reproduction/driver_logs/fetal_landmark_hrnet_w18_MULTICENTRE_abdomen_TAD_repeat4_test.log
299576	2026-07-28 05:58:03.3747936150	/root/autodl-tmp/hrnet_reproduction/driver_logs/fetal_landmark_hrnet_w18_MULTICENTRE_abdomen_TAD_repeat5_train.log
2706	2026-07-28 05:58:10.6226681100	/root/autodl-tmp/hrnet_reproduction/driver_logs/fetal_landmark_hrnet_w18_MULTICENTRE_abdomen_TAD_repeat5_test.log
298942	2026-07-28 07:23:00.5254836790	/root/autodl-tmp/hrnet_reproduction/driver_logs/fetal_landmark_hrnet_w18_MULTICENTRE_femur_FL_repeat1_train.log
2685	2026-07-28 07:23:07.9814902910	/root/autodl-tmp/hrnet_reproduction/driver_logs/fetal_landmark_hrnet_w18_MULTICENTRE_femur_FL_repeat1_test.log
298963	2026-07-28 07:46:17.3450790750	/root/autodl-tmp/hrnet_reproduction/driver_logs/fetal_landmark_hrnet_w18_MULTICENTRE_femur_FL_repeat2_train.log
2685	2026-07-28 07:46:25.0528525130	/root/autodl-tmp/hrnet_reproduction/driver_logs/fetal_landmark_hrnet_w18_MULTICENTRE_femur_FL_repeat2_test.log
298931	2026-07-28 08:10:59.7261971520	/root/autodl-tmp/hrnet_reproduction/driver_logs/fetal_landmark_hrnet_w18_MULTICENTRE_femur_FL_repeat3_train.log
2685	2026-07-28 08:11:06.7261787550	/root/autodl-tmp/hrnet_reproduction/driver_logs/fetal_landmark_hrnet_w18_MULTICENTRE_femur_FL_repeat3_test.log
298947	2026-07-28 08:34:03.0198069730	/root/autodl-tmp/hrnet_reproduction/driver_logs/fetal_landmark_hrnet_w18_MULTICENTRE_femur_FL_repeat4_train.log
2685	2026-07-28 08:34:10.0316520510	/root/autodl-tmp/hrnet_reproduction/driver_logs/fetal_landmark_hrnet_w18_MULTICENTRE_femur_FL_repeat4_test.log
298936	2026-07-28 08:57:49.2776700550	/root/autodl-tmp/hrnet_reproduction/driver_logs/fetal_landmark_hrnet_w18_MULTICENTRE_femur_FL_repeat5_train.log
2685	2026-07-28 08:57:56.9815410600	/root/autodl-tmp/hrnet_reproduction/driver_logs/fetal_landmark_hrnet_w18_MULTICENTRE_femur_FL_repeat5_test.log
360137	2026-08-01 02:39:55.3546432300	/root/autodl-tmp/hrnet_512_fixed_5seed/output/FETAL/fetal_landmark_hrnet_w18_UCL_brain_BPD_seed42_512fixed/fetal_landmark_hrnet_w18_UCL_brain_BPD_seed42_512fixed_2026-08-01-02-21_train.log
2373	2026-08-01 02:40:04.0064416320	/root/autodl-tmp/hrnet_512_fixed_5seed/output/FETAL/fetal_landmark_hrnet_w18_UCL_brain_BPD_seed42_512fixed/predictions.pth
6226	2026-08-01 02:40:09.7023086260	/root/autodl-tmp/hrnet_512_fixed_5seed/output/FETAL/fetal_landmark_hrnet_w18_UCL_brain_BPD_seed42_512fixed/fixed_channel_per_image.csv
2567	2026-08-01 02:40:04.0064416320	/root/autodl-tmp/hrnet_512_fixed_5seed/output/FETAL/fetal_landmark_hrnet_w18_UCL_brain_BPD_seed42_512fixed/fetal_landmark_hrnet_w18_UCL_brain_BPD_seed42_512fixed_2026-08-01-02-39_test.log
359885	2026-08-01 02:59:02.6054633780	/root/autodl-tmp/hrnet_512_fixed_5seed/output/FETAL/fetal_landmark_hrnet_w18_UCL_brain_BPD_seed0_512fixed/fetal_landmark_hrnet_w18_UCL_brain_BPD_seed0_512fixed_2026-08-01-02-40_train.log
6230	2026-08-01 02:59:16.6490913430	/root/autodl-tmp/hrnet_512_fixed_5seed/output/FETAL/fetal_landmark_hrnet_w18_UCL_brain_BPD_seed0_512fixed/fixed_channel_per_image.csv
2565	2026-08-01 02:59:11.2372347280	/root/autodl-tmp/hrnet_512_fixed_5seed/output/FETAL/fetal_landmark_hrnet_w18_UCL_brain_BPD_seed0_512fixed/fetal_landmark_hrnet_w18_UCL_brain_BPD_seed0_512fixed_2026-08-01-02-59_test.log
2373	2026-08-01 02:59:11.2412346230	/root/autodl-tmp/hrnet_512_fixed_5seed/output/FETAL/fetal_landmark_hrnet_w18_UCL_brain_BPD_seed0_512fixed/predictions.pth
360255	2026-08-01 03:18:25.1171743800	/root/autodl-tmp/hrnet_512_fixed_5seed/output/FETAL/fetal_landmark_hrnet_w18_UCL_brain_BPD_seed123_512fixed/fetal_landmark_hrnet_w18_UCL_brain_BPD_seed123_512fixed_2026-08-01-02-59_train.log
2373	2026-08-01 03:18:33.8367218310	/root/autodl-tmp/hrnet_512_fixed_5seed/output/FETAL/fetal_landmark_hrnet_w18_UCL_brain_BPD_seed123_512fixed/predictions.pth
6224	2026-08-01 03:18:38.9924551520	/root/autodl-tmp/hrnet_512_fixed_5seed/output/FETAL/fetal_landmark_hrnet_w18_UCL_brain_BPD_seed123_512fixed/fixed_channel_per_image.csv
2569	2026-08-01 03:18:33.8367218310	/root/autodl-tmp/hrnet_512_fixed_5seed/output/FETAL/fetal_landmark_hrnet_w18_UCL_brain_BPD_seed123_512fixed/fetal_landmark_hrnet_w18_UCL_brain_BPD_seed123_512fixed_2026-08-01-03-18_test.log
360533	2026-08-01 03:38:03.3733451880	/root/autodl-tmp/hrnet_512_fixed_5seed/output/FETAL/fetal_landmark_hrnet_w18_UCL_brain_BPD_seed2024_512fixed/fetal_landmark_hrnet_w18_UCL_brain_BPD_seed2024_512fixed_2026-08-01-03-18_train.log
6224	2026-08-01 03:38:17.2847867860	/root/autodl-tmp/hrnet_512_fixed_5seed/output/FETAL/fetal_landmark_hrnet_w18_UCL_brain_BPD_seed2024_512fixed/fixed_channel_per_image.csv
2571	2026-08-01 03:38:11.8970029920	/root/autodl-tmp/hrnet_512_fixed_5seed/output/FETAL/fetal_landmark_hrnet_w18_UCL_brain_BPD_seed2024_512fixed/fetal_landmark_hrnet_w18_UCL_brain_BPD_seed2024_512fixed_2026-08-01-03-38_test.log
2373	2026-08-01 03:38:11.9010028300	/root/autodl-tmp/hrnet_512_fixed_5seed/output/FETAL/fetal_landmark_hrnet_w18_UCL_brain_BPD_seed2024_512fixed/predictions.pth
360581	2026-08-01 03:57:32.0901702590	/root/autodl-tmp/hrnet_512_fixed_5seed/output/FETAL/fetal_landmark_hrnet_w18_UCL_brain_BPD_seed3407_512fixed/fetal_landmark_hrnet_w18_UCL_brain_BPD_seed3407_512fixed_2026-08-01-03-38_train.log
2373	2026-08-01 03:57:43.0258791760	/root/autodl-tmp/hrnet_512_fixed_5seed/output/FETAL/fetal_landmark_hrnet_w18_UCL_brain_BPD_seed3407_512fixed/predictions.pth
6230	2026-08-01 03:57:50.3776827280	/root/autodl-tmp/hrnet_512_fixed_5seed/output/FETAL/fetal_landmark_hrnet_w18_UCL_brain_BPD_seed3407_512fixed/fixed_channel_per_image.csv
2571	2026-08-01 03:57:43.0218792830	/root/autodl-tmp/hrnet_512_fixed_5seed/output/FETAL/fetal_landmark_hrnet_w18_UCL_brain_BPD_seed3407_512fixed/fetal_landmark_hrnet_w18_UCL_brain_BPD_seed3407_512fixed_2026-08-01-03-57_test.log
360457	2026-08-01 04:16:43.9126930180	/root/autodl-tmp/hrnet_512_fixed_5seed/output/FETAL/fetal_landmark_hrnet_w18_UCL_brain_OFD_seed42_512fixed/fetal_landmark_hrnet_w18_UCL_brain_OFD_seed42_512fixed_2026-08-01-03-57_train.log
2567	2026-08-01 04:16:52.6450042960	/root/autodl-tmp/hrnet_512_fixed_5seed/output/FETAL/fetal_landmark_hrnet_w18_UCL_brain_OFD_seed42_512fixed/fetal_landmark_hrnet_w18_UCL_brain_OFD_seed42_512fixed_2026-08-01-04-16_test.log
2373	2026-08-01 04:16:52.6490044350	/root/autodl-tmp/hrnet_512_fixed_5seed/output/FETAL/fetal_landmark_hrnet_w18_UCL_brain_OFD_seed42_512fixed/predictions.pth
6227	2026-08-01 04:16:58.2531997460	/root/autodl-tmp/hrnet_512_fixed_5seed/output/FETAL/fetal_landmark_hrnet_w18_UCL_brain_OFD_seed42_512fixed/fixed_channel_per_image.csv
360245	2026-08-01 04:36:01.1701844830	/root/autodl-tmp/hrnet_512_fixed_5seed/output/FETAL/fetal_landmark_hrnet_w18_UCL_brain_OFD_seed0_512fixed/fetal_landmark_hrnet_w18_UCL_brain_OFD_seed0_512fixed_2026-08-01-04-17_train.log
2565	2026-08-01 04:36:09.7380508050	/root/autodl-tmp/hrnet_512_fixed_5seed/output/FETAL/fetal_landmark_hrnet_w18_UCL_brain_OFD_seed0_512fixed/fetal_landmark_hrnet_w18_UCL_brain_OFD_seed0_512fixed_2026-08-01-04-36_test.log
2373	2026-08-01 04:36:09.7380508050	/root/autodl-tmp/hrnet_512_fixed_5seed/output/FETAL/fetal_landmark_hrnet_w18_UCL_brain_OFD_seed0_512fixed/predictions.pth
6240	2026-08-01 04:36:14.8379708320	/root/autodl-tmp/hrnet_512_fixed_5seed/output/FETAL/fetal_landmark_hrnet_w18_UCL_brain_OFD_seed0_512fixed/fixed_channel_per_image.csv
360630	2026-08-01 04:55:31.2439108660	/root/autodl-tmp/hrnet_512_fixed_5seed/output/FETAL/fetal_landmark_hrnet_w18_UCL_brain_OFD_seed123_512fixed/fetal_landmark_hrnet_w18_UCL_brain_OFD_seed123_512fixed_2026-08-01-04-36_train.log
2569	2026-08-01 04:55:39.9116839220	/root/autodl-tmp/hrnet_512_fixed_5seed/output/FETAL/fetal_landmark_hrnet_w18_UCL_brain_OFD_seed123_512fixed/fetal_landmark_hrnet_w18_UCL_brain_OFD_seed123_512fixed_2026-08-01-04-55_test.log
2373	2026-08-01 04:55:39.9116839220	/root/autodl-tmp/hrnet_512_fixed_5seed/output/FETAL/fetal_landmark_hrnet_w18_UCL_brain_OFD_seed123_512fixed/predictions.pth
6228	2026-08-01 04:55:45.5435367100	/root/autodl-tmp/hrnet_512_fixed_5seed/output/FETAL/fetal_landmark_hrnet_w18_UCL_brain_OFD_seed123_512fixed/fixed_channel_per_image.csv
360852	2026-08-01 05:15:12.3712075590	/root/autodl-tmp/hrnet_512_fixed_5seed/output/FETAL/fetal_landmark_hrnet_w18_UCL_brain_OFD_seed2024_512fixed/fetal_landmark_hrnet_w18_UCL_brain_OFD_seed2024_512fixed_2026-08-01-04-55_train.log
2571	2026-08-01 05:15:22.3509741350	/root/autodl-tmp/hrnet_512_fixed_5seed/output/FETAL/fetal_landmark_hrnet_w18_UCL_brain_OFD_seed2024_512fixed/fetal_landmark_hrnet_w18_UCL_brain_OFD_seed2024_512fixed_2026-08-01-05-15_test.log
2373	2026-08-01 05:15:22.3549740410	/root/autodl-tmp/hrnet_512_fixed_5seed/output/FETAL/fetal_landmark_hrnet_w18_UCL_brain_OFD_seed2024_512fixed/predictions.pth
6227	2026-08-01 05:15:28.8668217630	/root/autodl-tmp/hrnet_512_fixed_5seed/output/FETAL/fetal_landmark_hrnet_w18_UCL_brain_OFD_seed2024_512fixed/fixed_channel_per_image.csv
360876	2026-08-01 05:34:19.2330592260	/root/autodl-tmp/hrnet_512_fixed_5seed/output/FETAL/fetal_landmark_hrnet_w18_UCL_brain_OFD_seed3407_512fixed/fetal_landmark_hrnet_w18_UCL_brain_OFD_seed3407_512fixed_2026-08-01-05-15_train.log
2571	2026-08-01 05:34:27.8249114020	/root/autodl-tmp/hrnet_512_fixed_5seed/output/FETAL/fetal_landmark_hrnet_w18_UCL_brain_OFD_seed3407_512fixed/fetal_landmark_hrnet_w18_UCL_brain_OFD_seed3407_512fixed_2026-08-01-05-34_test.log
2373	2026-08-01 05:34:27.8249114020	/root/autodl-tmp/hrnet_512_fixed_5seed/output/FETAL/fetal_landmark_hrnet_w18_UCL_brain_OFD_seed3407_512fixed/predictions.pth
6236	2026-08-01 05:34:33.3448161470	/root/autodl-tmp/hrnet_512_fixed_5seed/output/FETAL/fetal_landmark_hrnet_w18_UCL_brain_OFD_seed3407_512fixed/fixed_channel_per_image.csv
361073	2026-08-01 05:51:58.1245593310	/root/autodl-tmp/hrnet_512_fixed_5seed/output/FETAL/fetal_landmark_hrnet_w18_UCL_abdomen_APAD_seed42_512fixed/fetal_landmark_hrnet_w18_UCL_abdomen_APAD_seed42_512fixed_2026-08-01-05-34_train.log
2585	2026-08-01 05:52:06.2643926010	/root/autodl-tmp/hrnet_512_fixed_5seed/output/FETAL/fetal_landmark_hrnet_w18_UCL_abdomen_APAD_seed42_512fixed/fetal_landmark_hrnet_w18_UCL_abdomen_APAD_seed42_512fixed_2026-08-01-05-52_test.log
2181	2026-08-01 05:52:06.2643926010	/root/autodl-tmp/hrnet_512_fixed_5seed/output/FETAL/fetal_landmark_hrnet_w18_UCL_abdomen_APAD_seed42_512fixed/predictions.pth
4568	2026-08-01 05:52:11.3682880270	/root/autodl-tmp/hrnet_512_fixed_5seed/output/FETAL/fetal_landmark_hrnet_w18_UCL_abdomen_APAD_seed42_512fixed/fixed_channel_per_image.csv
360857	2026-08-01 06:09:31.9570191750	/root/autodl-tmp/hrnet_512_fixed_5seed/output/FETAL/fetal_landmark_hrnet_w18_UCL_abdomen_APAD_seed0_512fixed/fetal_landmark_hrnet_w18_UCL_abdomen_APAD_seed0_512fixed_2026-08-01-05-52_train.log
2583	2026-08-01 06:09:42.0088607560	/root/autodl-tmp/hrnet_512_fixed_5seed/output/FETAL/fetal_landmark_hrnet_w18_UCL_abdomen_APAD_seed0_512fixed/fetal_landmark_hrnet_w18_UCL_abdomen_APAD_seed0_512fixed_2026-08-01-06-09_test.log
2181	2026-08-01 06:09:42.0088607560	/root/autodl-tmp/hrnet_512_fixed_5seed/output/FETAL/fetal_landmark_hrnet_w18_UCL_abdomen_APAD_seed0_512fixed/predictions.pth
4570	2026-08-01 06:09:47.3807758390	/root/autodl-tmp/hrnet_512_fixed_5seed/output/FETAL/fetal_landmark_hrnet_w18_UCL_abdomen_APAD_seed0_512fixed/fixed_channel_per_image.csv
361232	2026-08-01 06:26:48.9068166910	/root/autodl-tmp/hrnet_512_fixed_5seed/output/FETAL/fetal_landmark_hrnet_w18_UCL_abdomen_APAD_seed123_512fixed/fetal_landmark_hrnet_w18_UCL_abdomen_APAD_seed123_512fixed_2026-08-01-06-09_train.log
2587	2026-08-01 06:26:57.6906541520	/root/autodl-tmp/hrnet_512_fixed_5seed/output/FETAL/fetal_landmark_hrnet_w18_UCL_abdomen_APAD_seed123_512fixed/fetal_landmark_hrnet_w18_UCL_abdomen_APAD_seed123_512fixed_2026-08-01-06-26_test.log
2181	2026-08-01 06:26:57.6906541520	/root/autodl-tmp/hrnet_512_fixed_5seed/output/FETAL/fetal_landmark_hrnet_w18_UCL_abdomen_APAD_seed123_512fixed/predictions.pth
4566	2026-08-01 06:27:03.4585473880	/root/autodl-tmp/hrnet_512_fixed_5seed/output/FETAL/fetal_landmark_hrnet_w18_UCL_abdomen_APAD_seed123_512fixed/fixed_channel_per_image.csv
361487	2026-08-01 06:44:11.8183332740	/root/autodl-tmp/hrnet_512_fixed_5seed/output/FETAL/fetal_landmark_hrnet_w18_UCL_abdomen_APAD_seed2024_512fixed/fetal_landmark_hrnet_w18_UCL_abdomen_APAD_seed2024_512fixed_2026-08-01-06-27_train.log
2589	2026-08-01 06:44:19.5301044840	/root/autodl-tmp/hrnet_512_fixed_5seed/output/FETAL/fetal_landmark_hrnet_w18_UCL_abdomen_APAD_seed2024_512fixed/fetal_landmark_hrnet_w18_UCL_abdomen_APAD_seed2024_512fixed_2026-08-01-06-44_test.log
2181	2026-08-01 06:44:19.5301044840	/root/autodl-tmp/hrnet_512_fixed_5seed/output/FETAL/fetal_landmark_hrnet_w18_UCL_abdomen_APAD_seed2024_512fixed/predictions.pth
4564	2026-08-01 06:44:23.5899842840	/root/autodl-tmp/hrnet_512_fixed_5seed/output/FETAL/fetal_landmark_hrnet_w18_UCL_abdomen_APAD_seed2024_512fixed/fixed_channel_per_image.csv
361412	2026-08-01 07:02:07.4731908020	/root/autodl-tmp/hrnet_512_fixed_5seed/output/FETAL/fetal_landmark_hrnet_w18_UCL_abdomen_APAD_seed3407_512fixed/fetal_landmark_hrnet_w18_UCL_abdomen_APAD_seed3407_512fixed_2026-08-01-06-44_train.log
2589	2026-08-01 07:02:15.4969901690	/root/autodl-tmp/hrnet_512_fixed_5seed/output/FETAL/fetal_landmark_hrnet_w18_UCL_abdomen_APAD_seed3407_512fixed/fetal_landmark_hrnet_w18_UCL_abdomen_APAD_seed3407_512fixed_2026-08-01-07-02_test.log
2181	2026-08-01 07:02:15.4969901690	/root/autodl-tmp/hrnet_512_fixed_5seed/output/FETAL/fetal_landmark_hrnet_w18_UCL_abdomen_APAD_seed3407_512fixed/predictions.pth
4566	2026-08-01 07:02:20.2768706880	/root/autodl-tmp/hrnet_512_fixed_5seed/output/FETAL/fetal_landmark_hrnet_w18_UCL_abdomen_APAD_seed3407_512fixed/fixed_channel_per_image.csv
360891	2026-08-01 07:19:42.5515781930	/root/autodl-tmp/hrnet_512_fixed_5seed/output/FETAL/fetal_landmark_hrnet_w18_UCL_abdomen_TAD_seed42_512fixed/fetal_landmark_hrnet_w18_UCL_abdomen_TAD_seed42_512fixed_2026-08-01-07-02_train.log
2582	2026-08-01 07:19:52.9591981900	/root/autodl-tmp/hrnet_512_fixed_5seed/output/FETAL/fetal_landmark_hrnet_w18_UCL_abdomen_TAD_seed42_512fixed/fetal_landmark_hrnet_w18_UCL_abdomen_TAD_seed42_512fixed_2026-08-01-07-19_test.log
2181	2026-08-01 07:19:52.9631980440	/root/autodl-tmp/hrnet_512_fixed_5seed/output/FETAL/fetal_landmark_hrnet_w18_UCL_abdomen_TAD_seed42_512fixed/predictions.pth
4581	2026-08-01 07:19:59.7349515560	/root/autodl-tmp/hrnet_512_fixed_5seed/output/FETAL/fetal_landmark_hrnet_w18_UCL_abdomen_TAD_seed42_512fixed/fixed_channel_per_image.csv
360647	2026-08-01 07:36:35.9984016790	/root/autodl-tmp/hrnet_512_fixed_5seed/output/FETAL/fetal_landmark_hrnet_w18_UCL_abdomen_TAD_seed0_512fixed/fetal_landmark_hrnet_w18_UCL_abdomen_TAD_seed0_512fixed_2026-08-01-07-20_train.log
2580	2026-08-01 07:36:43.9501575130	/root/autodl-tmp/hrnet_512_fixed_5seed/output/FETAL/fetal_landmark_hrnet_w18_UCL_abdomen_TAD_seed0_512fixed/fetal_landmark_hrnet_w18_UCL_abdomen_TAD_seed0_512fixed_2026-08-01-07-36_test.log
2181	2026-08-01 07:36:43.9501575130	/root/autodl-tmp/hrnet_512_fixed_5seed/output/FETAL/fetal_landmark_hrnet_w18_UCL_abdomen_TAD_seed0_512fixed/predictions.pth
4589	2026-08-01 07:36:49.3059931180	/root/autodl-tmp/hrnet_512_fixed_5seed/output/FETAL/fetal_landmark_hrnet_w18_UCL_abdomen_TAD_seed0_512fixed/fixed_channel_per_image.csv
361018	2026-08-01 07:55:00.1058607890	/root/autodl-tmp/hrnet_512_fixed_5seed/output/FETAL/fetal_landmark_hrnet_w18_UCL_abdomen_TAD_seed123_512fixed/fetal_landmark_hrnet_w18_UCL_abdomen_TAD_seed123_512fixed_2026-08-01-07-36_train.log
2181	2026-08-01 07:55:07.7738168100	/root/autodl-tmp/hrnet_512_fixed_5seed/output/FETAL/fetal_landmark_hrnet_w18_UCL_abdomen_TAD_seed123_512fixed/predictions.pth
4593	2026-08-01 07:55:12.9937860570	/root/autodl-tmp/hrnet_512_fixed_5seed/output/FETAL/fetal_landmark_hrnet_w18_UCL_abdomen_TAD_seed123_512fixed/fixed_channel_per_image.csv
2584	2026-08-01 07:55:07.7698168330	/root/autodl-tmp/hrnet_512_fixed_5seed/output/FETAL/fetal_landmark_hrnet_w18_UCL_abdomen_TAD_seed123_512fixed/fetal_landmark_hrnet_w18_UCL_abdomen_TAD_seed123_512fixed_2026-08-01-07-55_test.log
361203	2026-08-01 08:12:58.7856468840	/root/autodl-tmp/hrnet_512_fixed_5seed/output/FETAL/fetal_landmark_hrnet_w18_UCL_abdomen_TAD_seed2024_512fixed/fetal_landmark_hrnet_w18_UCL_abdomen_TAD_seed2024_512fixed_2026-08-01-07-55_train.log
2586	2026-08-01 08:13:06.8167114840	/root/autodl-tmp/hrnet_512_fixed_5seed/output/FETAL/fetal_landmark_hrnet_w18_UCL_abdomen_TAD_seed2024_512fixed/fetal_landmark_hrnet_w18_UCL_abdomen_TAD_seed2024_512fixed_2026-08-01-08-13_test.log
2181	2026-08-01 08:13:06.8167114840	/root/autodl-tmp/hrnet_512_fixed_5seed/output/FETAL/fetal_landmark_hrnet_w18_UCL_abdomen_TAD_seed2024_512fixed/predictions.pth
4583	2026-08-01 08:13:12.2880800670	/root/autodl-tmp/hrnet_512_fixed_5seed/output/FETAL/fetal_landmark_hrnet_w18_UCL_abdomen_TAD_seed2024_512fixed/fixed_channel_per_image.csv
361224	2026-08-01 08:30:11.4530269140	/root/autodl-tmp/hrnet_512_fixed_5seed/output/FETAL/fetal_landmark_hrnet_w18_UCL_abdomen_TAD_seed3407_512fixed/fetal_landmark_hrnet_w18_UCL_abdomen_TAD_seed3407_512fixed_2026-08-01-08-13_train.log
2586	2026-08-01 08:30:19.4126615640	/root/autodl-tmp/hrnet_512_fixed_5seed/output/FETAL/fetal_landmark_hrnet_w18_UCL_abdomen_TAD_seed3407_512fixed/fetal_landmark_hrnet_w18_UCL_abdomen_TAD_seed3407_512fixed_2026-08-01-08-30_test.log
2181	2026-08-01 08:30:19.4166613800	/root/autodl-tmp/hrnet_512_fixed_5seed/output/FETAL/fetal_landmark_hrnet_w18_UCL_abdomen_TAD_seed3407_512fixed/predictions.pth
4585	2026-08-01 08:30:24.0204506710	/root/autodl-tmp/hrnet_512_fixed_5seed/output/FETAL/fetal_landmark_hrnet_w18_UCL_abdomen_TAD_seed3407_512fixed/fixed_channel_per_image.csv
360066	2026-08-01 08:49:14.4039426040	/root/autodl-tmp/hrnet_512_fixed_5seed/output/FETAL/fetal_landmark_hrnet_w18_UCL_femur_FL_seed42_512fixed/fetal_landmark_hrnet_w18_UCL_femur_FL_seed42_512fixed_2026-08-01-08-30_train.log
2567	2026-08-01 08:49:22.2956565300	/root/autodl-tmp/hrnet_512_fixed_5seed/output/FETAL/fetal_landmark_hrnet_w18_UCL_femur_FL_seed42_512fixed/fetal_landmark_hrnet_w18_UCL_femur_FL_seed42_512fixed_2026-08-01-08-49_test.log
2181	2026-08-01 08:49:22.2996563850	/root/autodl-tmp/hrnet_512_fixed_5seed/output/FETAL/fetal_landmark_hrnet_w18_UCL_femur_FL_seed42_512fixed/predictions.pth
4996	2026-08-01 08:49:27.4514697070	/root/autodl-tmp/hrnet_512_fixed_5seed/output/FETAL/fetal_landmark_hrnet_w18_UCL_femur_FL_seed42_512fixed/fixed_channel_per_image.csv
359790	2026-08-01 09:08:20.9188894410	/root/autodl-tmp/hrnet_512_fixed_5seed/output/FETAL/fetal_landmark_hrnet_w18_UCL_femur_FL_seed0_512fixed/fetal_landmark_hrnet_w18_UCL_femur_FL_seed0_512fixed_2026-08-01-08-49_train.log
2565	2026-08-01 09:08:30.3099260530	/root/autodl-tmp/hrnet_512_fixed_5seed/output/FETAL/fetal_landmark_hrnet_w18_UCL_femur_FL_seed0_512fixed/fetal_landmark_hrnet_w18_UCL_femur_FL_seed0_512fixed_2026-08-01-09-08_test.log
2181	2026-08-01 09:08:30.3139256460	/root/autodl-tmp/hrnet_512_fixed_5seed/output/FETAL/fetal_landmark_hrnet_w18_UCL_femur_FL_seed0_512fixed/predictions.pth
4994	2026-08-01 09:08:36.0933371700	/root/autodl-tmp/hrnet_512_fixed_5seed/output/FETAL/fetal_landmark_hrnet_w18_UCL_femur_FL_seed0_512fixed/fixed_channel_per_image.csv
360150	2026-08-01 09:26:51.6788577300	/root/autodl-tmp/hrnet_512_fixed_5seed/output/FETAL/fetal_landmark_hrnet_w18_UCL_femur_FL_seed123_512fixed/fetal_landmark_hrnet_w18_UCL_femur_FL_seed123_512fixed_2026-08-01-09-08_train.log
2569	2026-08-01 09:27:02.9182217530	/root/autodl-tmp/hrnet_512_fixed_5seed/output/FETAL/fetal_landmark_hrnet_w18_UCL_femur_FL_seed123_512fixed/fetal_landmark_hrnet_w18_UCL_femur_FL_seed123_512fixed_2026-08-01-09-26_test.log
2181	2026-08-01 09:27:02.9222215270	/root/autodl-tmp/hrnet_512_fixed_5seed/output/FETAL/fetal_landmark_hrnet_w18_UCL_femur_FL_seed123_512fixed/predictions.pth
4998	2026-08-01 09:27:09.3018611820	/root/autodl-tmp/hrnet_512_fixed_5seed/output/FETAL/fetal_landmark_hrnet_w18_UCL_femur_FL_seed123_512fixed/fixed_channel_per_image.csv
360443	2026-08-01 09:44:45.2222116630	/root/autodl-tmp/hrnet_512_fixed_5seed/output/FETAL/fetal_landmark_hrnet_w18_UCL_femur_FL_seed2024_512fixed/fetal_landmark_hrnet_w18_UCL_femur_FL_seed2024_512fixed_2026-08-01-09-27_train.log
2571	2026-08-01 09:44:53.5624467850	/root/autodl-tmp/hrnet_512_fixed_5seed/output/FETAL/fetal_landmark_hrnet_w18_UCL_femur_FL_seed2024_512fixed/fetal_landmark_hrnet_w18_UCL_femur_FL_seed2024_512fixed_2026-08-01-09-44_test.log
2181	2026-08-01 09:44:53.5624467850	/root/autodl-tmp/hrnet_512_fixed_5seed/output/FETAL/fetal_landmark_hrnet_w18_UCL_femur_FL_seed2024_512fixed/predictions.pth
4996	2026-08-01 09:44:59.1105991060	/root/autodl-tmp/hrnet_512_fixed_5seed/output/FETAL/fetal_landmark_hrnet_w18_UCL_femur_FL_seed2024_512fixed/fixed_channel_per_image.csv
360484	2026-08-01 10:03:57.4368521080	/root/autodl-tmp/hrnet_512_fixed_5seed/output/FETAL/fetal_landmark_hrnet_w18_UCL_femur_FL_seed3407_512fixed/fetal_landmark_hrnet_w18_UCL_femur_FL_seed3407_512fixed_2026-08-01-09-45_train.log
2571	2026-08-01 10:04:08.3766240220	/root/autodl-tmp/hrnet_512_fixed_5seed/output/FETAL/fetal_landmark_hrnet_w18_UCL_femur_FL_seed3407_512fixed/fetal_landmark_hrnet_w18_UCL_femur_FL_seed3407_512fixed_2026-08-01-10-04_test.log
2181	2026-08-01 10:04:08.3766240220	/root/autodl-tmp/hrnet_512_fixed_5seed/output/FETAL/fetal_landmark_hrnet_w18_UCL_femur_FL_seed3407_512fixed/predictions.pth
4992	2026-08-01 10:04:14.9804856910	/root/autodl-tmp/hrnet_512_fixed_5seed/output/FETAL/fetal_landmark_hrnet_w18_UCL_femur_FL_seed3407_512fixed/fixed_channel_per_image.csv
388744	2026-08-01 11:45:17.5367577530	/root/autodl-tmp/hrnet_512_fixed_5seed/output/FETAL/fetal_landmark_hrnet_w18_MULTICENTRE_brain_BPD_seed42_512fixed/fetal_landmark_hrnet_w18_MULTICENTRE_brain_BPD_seed42_512fixed_2026-08-01-10-04_train.log
2611	2026-08-01 11:45:34.0121683580	/root/autodl-tmp/hrnet_512_fixed_5seed/output/FETAL/fetal_landmark_hrnet_w18_MULTICENTRE_brain_BPD_seed42_512fixed/fetal_landmark_hrnet_w18_MULTICENTRE_brain_BPD_seed42_512fixed_2026-08-01-11-45_test.log
20485	2026-08-01 11:45:34.0161682140	/root/autodl-tmp/hrnet_512_fixed_5seed/output/FETAL/fetal_landmark_hrnet_w18_MULTICENTRE_brain_BPD_seed42_512fixed/predictions.pth
161435	2026-08-01 11:46:01.7271820820	/root/autodl-tmp/hrnet_512_fixed_5seed/output/FETAL/fetal_landmark_hrnet_w18_MULTICENTRE_brain_BPD_seed42_512fixed/fixed_channel_per_image.csv
388397	2026-08-01 13:27:02.8624006490	/root/autodl-tmp/hrnet_512_fixed_5seed/output/FETAL/fetal_landmark_hrnet_w18_MULTICENTRE_brain_BPD_seed0_512fixed/fetal_landmark_hrnet_w18_MULTICENTRE_brain_BPD_seed0_512fixed_2026-08-01-11-46_train.log
2609	2026-08-01 13:27:18.4298850040	/root/autodl-tmp/hrnet_512_fixed_5seed/output/FETAL/fetal_landmark_hrnet_w18_MULTICENTRE_brain_BPD_seed0_512fixed/fetal_landmark_hrnet_w18_MULTICENTRE_brain_BPD_seed0_512fixed_2026-08-01-13-27_test.log
20485	2026-08-01 13:27:18.4298850040	/root/autodl-tmp/hrnet_512_fixed_5seed/output/FETAL/fetal_landmark_hrnet_w18_MULTICENTRE_brain_BPD_seed0_512fixed/predictions.pth
161438	2026-08-01 13:27:41.2891265260	/root/autodl-tmp/hrnet_512_fixed_5seed/output/FETAL/fetal_landmark_hrnet_w18_MULTICENTRE_brain_BPD_seed0_512fixed/fixed_channel_per_image.csv
388798	2026-08-01 15:07:05.1552171890	/root/autodl-tmp/hrnet_512_fixed_5seed/output/FETAL/fetal_landmark_hrnet_w18_MULTICENTRE_brain_BPD_seed123_512fixed/fetal_landmark_hrnet_w18_MULTICENTRE_brain_BPD_seed123_512fixed_2026-08-01-13-27_train.log
2613	2026-08-01 15:07:21.1228671900	/root/autodl-tmp/hrnet_512_fixed_5seed/output/FETAL/fetal_landmark_hrnet_w18_MULTICENTRE_brain_BPD_seed123_512fixed/fetal_landmark_hrnet_w18_MULTICENTRE_brain_BPD_seed123_512fixed_2026-08-01-15-07_test.log
20485	2026-08-01 15:07:21.1228671900	/root/autodl-tmp/hrnet_512_fixed_5seed/output/FETAL/fetal_landmark_hrnet_w18_MULTICENTRE_brain_BPD_seed123_512fixed/predictions.pth
161449	2026-08-01 15:07:42.8143842680	/root/autodl-tmp/hrnet_512_fixed_5seed/output/FETAL/fetal_landmark_hrnet_w18_MULTICENTRE_brain_BPD_seed123_512fixed/fixed_channel_per_image.csv
389144	2026-08-01 16:46:40.0183416170	/root/autodl-tmp/hrnet_512_fixed_5seed/output/FETAL/fetal_landmark_hrnet_w18_MULTICENTRE_brain_BPD_seed2024_512fixed/fetal_landmark_hrnet_w18_MULTICENTRE_brain_BPD_seed2024_512fixed_2026-08-01-15-07_train.log
2615	2026-08-01 16:46:55.5776257330	/root/autodl-tmp/hrnet_512_fixed_5seed/output/FETAL/fetal_landmark_hrnet_w18_MULTICENTRE_brain_BPD_seed2024_512fixed/fetal_landmark_hrnet_w18_MULTICENTRE_brain_BPD_seed2024_512fixed_2026-08-01-16-46_test.log
20485	2026-08-01 16:46:55.5816255490	/root/autodl-tmp/hrnet_512_fixed_5seed/output/FETAL/fetal_landmark_hrnet_w18_MULTICENTRE_brain_BPD_seed2024_512fixed/predictions.pth
161436	2026-08-01 16:47:17.2806285470	/root/autodl-tmp/hrnet_512_fixed_5seed/output/FETAL/fetal_landmark_hrnet_w18_MULTICENTRE_brain_BPD_seed2024_512fixed/fixed_channel_per_image.csv
389166	2026-08-01 18:26:50.2962459680	/root/autodl-tmp/hrnet_512_fixed_5seed/output/FETAL/fetal_landmark_hrnet_w18_MULTICENTRE_brain_BPD_seed3407_512fixed/fetal_landmark_hrnet_w18_MULTICENTRE_brain_BPD_seed3407_512fixed_2026-08-01-16-47_train.log
2615	2026-08-01 18:27:07.0799768740	/root/autodl-tmp/hrnet_512_fixed_5seed/output/FETAL/fetal_landmark_hrnet_w18_MULTICENTRE_brain_BPD_seed3407_512fixed/fetal_landmark_hrnet_w18_MULTICENTRE_brain_BPD_seed3407_512fixed_2026-08-01-18-26_test.log
20485	2026-08-01 18:27:07.0839768080	/root/autodl-tmp/hrnet_512_fixed_5seed/output/FETAL/fetal_landmark_hrnet_w18_MULTICENTRE_brain_BPD_seed3407_512fixed/predictions.pth
161475	2026-08-01 18:27:31.0435797540	/root/autodl-tmp/hrnet_512_fixed_5seed/output/FETAL/fetal_landmark_hrnet_w18_MULTICENTRE_brain_BPD_seed3407_512fixed/fixed_channel_per_image.csv
415252	2026-08-01 20:07:21.3879109420	/root/autodl-tmp/hrnet_512_fixed_5seed/output/FETAL/fetal_landmark_hrnet_w18_MULTICENTRE_brain_OFD_seed42_512fixed/fetal_landmark_hrnet_w18_MULTICENTRE_brain_OFD_seed42_512fixed_2026-08-01-18-27_train.log
2607	2026-08-01 20:07:37.6197702680	/root/autodl-tmp/hrnet_512_fixed_5seed/output/FETAL/fetal_landmark_hrnet_w18_MULTICENTRE_brain_OFD_seed42_512fixed/fetal_landmark_hrnet_w18_MULTICENTRE_brain_OFD_seed42_512fixed_2026-08-01-20-07_test.log
20613	2026-08-01 20:07:37.6197702680	/root/autodl-tmp/hrnet_512_fixed_5seed/output/FETAL/fetal_landmark_hrnet_w18_MULTICENTRE_brain_OFD_seed42_512fixed/predictions.pth
164008	2026-08-01 20:08:00.2235742340	/root/autodl-tmp/hrnet_512_fixed_5seed/output/FETAL/fetal_landmark_hrnet_w18_MULTICENTRE_brain_OFD_seed42_512fixed/fixed_channel_per_image.csv
415042	2026-08-01 21:48:41.1302707850	/root/autodl-tmp/hrnet_512_fixed_5seed/output/FETAL/fetal_landmark_hrnet_w18_MULTICENTRE_brain_OFD_seed0_512fixed/fetal_landmark_hrnet_w18_MULTICENTRE_brain_OFD_seed0_512fixed_2026-08-01-20-08_train.log
2605	2026-08-01 21:48:58.0860030450	/root/autodl-tmp/hrnet_512_fixed_5seed/output/FETAL/fetal_landmark_hrnet_w18_MULTICENTRE_brain_OFD_seed0_512fixed/fetal_landmark_hrnet_w18_MULTICENTRE_brain_OFD_seed0_512fixed_2026-08-01-21-48_test.log
20613	2026-08-01 21:48:58.0860030450	/root/autodl-tmp/hrnet_512_fixed_5seed/output/FETAL/fetal_landmark_hrnet_w18_MULTICENTRE_brain_OFD_seed0_512fixed/predictions.pth
164016	2026-08-01 21:49:21.1296343040	/root/autodl-tmp/hrnet_512_fixed_5seed/output/FETAL/fetal_landmark_hrnet_w18_MULTICENTRE_brain_OFD_seed0_512fixed/fixed_channel_per_image.csv
415449	2026-08-01 23:29:39.4866311460	/root/autodl-tmp/hrnet_512_fixed_5seed/output/FETAL/fetal_landmark_hrnet_w18_MULTICENTRE_brain_OFD_seed123_512fixed/fetal_landmark_hrnet_w18_MULTICENTRE_brain_OFD_seed123_512fixed_2026-08-01-21-49_train.log
2609	2026-08-01 23:29:55.8742695790	/root/autodl-tmp/hrnet_512_fixed_5seed/output/FETAL/fetal_landmark_hrnet_w18_MULTICENTRE_brain_OFD_seed123_512fixed/fetal_landmark_hrnet_w18_MULTICENTRE_brain_OFD_seed123_512fixed_2026-08-01-23-29_test.log
20613	2026-08-01 23:29:55.8782694920	/root/autodl-tmp/hrnet_512_fixed_5seed/output/FETAL/fetal_landmark_hrnet_w18_MULTICENTRE_brain_OFD_seed123_512fixed/predictions.pth
163964	2026-08-01 23:30:16.7138095050	/root/autodl-tmp/hrnet_512_fixed_5seed/output/FETAL/fetal_landmark_hrnet_w18_MULTICENTRE_brain_OFD_seed123_512fixed/fixed_channel_per_image.csv
415658	2026-08-02 01:10:18.8558556390	/root/autodl-tmp/hrnet_512_fixed_5seed/output/FETAL/fetal_landmark_hrnet_w18_MULTICENTRE_brain_OFD_seed2024_512fixed/fetal_landmark_hrnet_w18_MULTICENTRE_brain_OFD_seed2024_512fixed_2026-08-01-23-30_train.log
2611	2026-08-02 01:10:35.2561819910	/root/autodl-tmp/hrnet_512_fixed_5seed/output/FETAL/fetal_landmark_hrnet_w18_MULTICENTRE_brain_OFD_seed2024_512fixed/fetal_landmark_hrnet_w18_MULTICENTRE_brain_OFD_seed2024_512fixed_2026-08-02-01-10_test.log
20613	2026-08-02 01:10:35.2561819910	/root/autodl-tmp/hrnet_512_fixed_5seed/output/FETAL/fetal_landmark_hrnet_w18_MULTICENTRE_brain_OFD_seed2024_512fixed/predictions.pth
163991	2026-08-02 01:10:56.9965788310	/root/autodl-tmp/hrnet_512_fixed_5seed/output/FETAL/fetal_landmark_hrnet_w18_MULTICENTRE_brain_OFD_seed2024_512fixed/fixed_channel_per_image.csv
415659	2026-08-02 02:51:03.2212602330	/root/autodl-tmp/hrnet_512_fixed_5seed/output/FETAL/fetal_landmark_hrnet_w18_MULTICENTRE_brain_OFD_seed3407_512fixed/fetal_landmark_hrnet_w18_MULTICENTRE_brain_OFD_seed3407_512fixed_2026-08-02-01-11_train.log
2611	2026-08-02 02:51:19.4136006490	/root/autodl-tmp/hrnet_512_fixed_5seed/output/FETAL/fetal_landmark_hrnet_w18_MULTICENTRE_brain_OFD_seed3407_512fixed/fetal_landmark_hrnet_w18_MULTICENTRE_brain_OFD_seed3407_512fixed_2026-08-02-02-51_test.log
20613	2026-08-02 02:51:19.4136006490	/root/autodl-tmp/hrnet_512_fixed_5seed/output/FETAL/fetal_landmark_hrnet_w18_MULTICENTRE_brain_OFD_seed3407_512fixed/predictions.pth
163855	2026-08-02 02:51:40.7219954760	/root/autodl-tmp/hrnet_512_fixed_5seed/output/FETAL/fetal_landmark_hrnet_w18_MULTICENTRE_brain_OFD_seed3407_512fixed/fixed_channel_per_image.csv
362878	2026-08-02 03:35:59.8311146480	/root/autodl-tmp/hrnet_512_fixed_5seed/output/FETAL/fetal_landmark_hrnet_w18_MULTICENTRE_abdomen_APAD_seed42_512fixed/fetal_landmark_hrnet_w18_MULTICENTRE_abdomen_APAD_seed42_512fixed_2026-08-02-02-51_train.log
2625	2026-08-02 03:36:09.3305668950	/root/autodl-tmp/hrnet_512_fixed_5seed/output/FETAL/fetal_landmark_hrnet_w18_MULTICENTRE_abdomen_APAD_seed42_512fixed/fetal_landmark_hrnet_w18_MULTICENTRE_abdomen_APAD_seed42_512fixed_2026-08-02-03-36_test.log
4165	2026-08-02 03:36:09.3305668950	/root/autodl-tmp/hrnet_512_fixed_5seed/output/FETAL/fetal_landmark_hrnet_w18_MULTICENTRE_abdomen_APAD_seed42_512fixed/predictions.pth
22286	2026-08-02 03:36:15.9701843670	/root/autodl-tmp/hrnet_512_fixed_5seed/output/FETAL/fetal_landmark_hrnet_w18_MULTICENTRE_abdomen_APAD_seed42_512fixed/fixed_channel_per_image.csv
362680	2026-08-02 04:19:45.1896316920	/root/autodl-tmp/hrnet_512_fixed_5seed/output/FETAL/fetal_landmark_hrnet_w18_MULTICENTRE_abdomen_APAD_seed0_512fixed/fetal_landmark_hrnet_w18_MULTICENTRE_abdomen_APAD_seed0_512fixed_2026-08-02-03-36_train.log
2623	2026-08-02 04:19:54.7971804140	/root/autodl-tmp/hrnet_512_fixed_5seed/output/FETAL/fetal_landmark_hrnet_w18_MULTICENTRE_abdomen_APAD_seed0_512fixed/fetal_landmark_hrnet_w18_MULTICENTRE_abdomen_APAD_seed0_512fixed_2026-08-02-04-19_test.log
4165	2026-08-02 04:19:54.7971804140	/root/autodl-tmp/hrnet_512_fixed_5seed/output/FETAL/fetal_landmark_hrnet_w18_MULTICENTRE_abdomen_APAD_seed0_512fixed/predictions.pth
22310	2026-08-02 04:20:02.9367978800	/root/autodl-tmp/hrnet_512_fixed_5seed/output/FETAL/fetal_landmark_hrnet_w18_MULTICENTRE_abdomen_APAD_seed0_512fixed/fixed_channel_per_image.csv
363070	2026-08-02 05:03:56.5393602800	/root/autodl-tmp/hrnet_512_fixed_5seed/output/FETAL/fetal_landmark_hrnet_w18_MULTICENTRE_abdomen_APAD_seed123_512fixed/fetal_landmark_hrnet_w18_MULTICENTRE_abdomen_APAD_seed123_512fixed_2026-08-02-04-20_train.log
2627	2026-08-02 05:04:06.7066981460	/root/autodl-tmp/hrnet_512_fixed_5seed/output/FETAL/fetal_landmark_hrnet_w18_MULTICENTRE_abdomen_APAD_seed123_512fixed/fetal_landmark_hrnet_w18_MULTICENTRE_abdomen_APAD_seed123_512fixed_2026-08-02-05-04_test.log
4165	2026-08-02 05:04:06.7066981460	/root/autodl-tmp/hrnet_512_fixed_5seed/output/FETAL/fetal_landmark_hrnet_w18_MULTICENTRE_abdomen_APAD_seed123_512fixed/predictions.pth
22295	2026-08-02 05:04:13.2462764920	/root/autodl-tmp/hrnet_512_fixed_5seed/output/FETAL/fetal_landmark_hrnet_w18_MULTICENTRE_abdomen_APAD_seed123_512fixed/fixed_channel_per_image.csv
363295	2026-08-02 05:47:25.5503807470	/root/autodl-tmp/hrnet_512_fixed_5seed/output/FETAL/fetal_landmark_hrnet_w18_MULTICENTRE_abdomen_APAD_seed2024_512fixed/fetal_landmark_hrnet_w18_MULTICENTRE_abdomen_APAD_seed2024_512fixed_2026-08-02-05-04_train.log
2629	2026-08-02 05:47:34.8625214230	/root/autodl-tmp/hrnet_512_fixed_5seed/output/FETAL/fetal_landmark_hrnet_w18_MULTICENTRE_abdomen_APAD_seed2024_512fixed/fetal_landmark_hrnet_w18_MULTICENTRE_abdomen_APAD_seed2024_512fixed_2026-08-02-05-47_test.log
4165	2026-08-02 05:47:34.8665214840	/root/autodl-tmp/hrnet_512_fixed_5seed/output/FETAL/fetal_landmark_hrnet_w18_MULTICENTRE_abdomen_APAD_seed2024_512fixed/predictions.pth
22274	2026-08-02 05:47:43.4266473270	/root/autodl-tmp/hrnet_512_fixed_5seed/output/FETAL/fetal_landmark_hrnet_w18_MULTICENTRE_abdomen_APAD_seed2024_512fixed/fixed_channel_per_image.csv
363283	2026-08-02 06:31:14.9129449300	/root/autodl-tmp/hrnet_512_fixed_5seed/output/FETAL/fetal_landmark_hrnet_w18_MULTICENTRE_abdomen_APAD_seed3407_512fixed/fetal_landmark_hrnet_w18_MULTICENTRE_abdomen_APAD_seed3407_512fixed_2026-08-02-05-47_train.log
2629	2026-08-02 06:31:24.4449006160	/root/autodl-tmp/hrnet_512_fixed_5seed/output/FETAL/fetal_landmark_hrnet_w18_MULTICENTRE_abdomen_APAD_seed3407_512fixed/fetal_landmark_hrnet_w18_MULTICENTRE_abdomen_APAD_seed3407_512fixed_2026-08-02-06-31_test.log
4165	2026-08-02 06:31:24.4449006160	/root/autodl-tmp/hrnet_512_fixed_5seed/output/FETAL/fetal_landmark_hrnet_w18_MULTICENTRE_abdomen_APAD_seed3407_512fixed/predictions.pth
22321	2026-08-02 06:31:32.5048629960	/root/autodl-tmp/hrnet_512_fixed_5seed/output/FETAL/fetal_landmark_hrnet_w18_MULTICENTRE_abdomen_APAD_seed3407_512fixed/fixed_channel_per_image.csv
362673	2026-08-02 07:15:14.7022881870	/root/autodl-tmp/hrnet_512_fixed_5seed/output/FETAL/fetal_landmark_hrnet_w18_MULTICENTRE_abdomen_TAD_seed42_512fixed/fetal_landmark_hrnet_w18_MULTICENTRE_abdomen_TAD_seed42_512fixed_2026-08-02-06-31_train.log
2622	2026-08-02 07:15:24.4018324340	/root/autodl-tmp/hrnet_512_fixed_5seed/output/FETAL/fetal_landmark_hrnet_w18_MULTICENTRE_abdomen_TAD_seed42_512fixed/fetal_landmark_hrnet_w18_MULTICENTRE_abdomen_TAD_seed42_512fixed_2026-08-02-07-15_test.log
4165	2026-08-02 07:15:24.4018324340	/root/autodl-tmp/hrnet_512_fixed_5seed/output/FETAL/fetal_landmark_hrnet_w18_MULTICENTRE_abdomen_TAD_seed42_512fixed/predictions.pth
22160	2026-08-02 07:15:31.1175199190	/root/autodl-tmp/hrnet_512_fixed_5seed/output/FETAL/fetal_landmark_hrnet_w18_MULTICENTRE_abdomen_TAD_seed42_512fixed/fixed_channel_per_image.csv
362306	2026-08-02 07:59:28.1266335440	/root/autodl-tmp/hrnet_512_fixed_5seed/output/FETAL/fetal_landmark_hrnet_w18_MULTICENTRE_abdomen_TAD_seed0_512fixed/fetal_landmark_hrnet_w18_MULTICENTRE_abdomen_TAD_seed0_512fixed_2026-08-02-07-15_train.log
2620	2026-08-02 07:59:40.4385527590	/root/autodl-tmp/hrnet_512_fixed_5seed/output/FETAL/fetal_landmark_hrnet_w18_MULTICENTRE_abdomen_TAD_seed0_512fixed/fetal_landmark_hrnet_w18_MULTICENTRE_abdomen_TAD_seed0_512fixed_2026-08-02-07-59_test.log
4165	2026-08-02 07:59:40.4425527330	/root/autodl-tmp/hrnet_512_fixed_5seed/output/FETAL/fetal_landmark_hrnet_w18_MULTICENTRE_abdomen_TAD_seed0_512fixed/predictions.pth
22144	2026-08-02 07:59:49.6624908330	/root/autodl-tmp/hrnet_512_fixed_5seed/output/FETAL/fetal_landmark_hrnet_w18_MULTICENTRE_abdomen_TAD_seed0_512fixed/fixed_channel_per_image.csv
362880	2026-08-02 08:42:51.6227931860	/root/autodl-tmp/hrnet_512_fixed_5seed/output/FETAL/fetal_landmark_hrnet_w18_MULTICENTRE_abdomen_TAD_seed123_512fixed/fetal_landmark_hrnet_w18_MULTICENTRE_abdomen_TAD_seed123_512fixed_2026-08-02-07-59_train.log
2624	2026-08-02 08:43:04.2865094080	/root/autodl-tmp/hrnet_512_fixed_5seed/output/FETAL/fetal_landmark_hrnet_w18_MULTICENTRE_abdomen_TAD_seed123_512fixed/fetal_landmark_hrnet_w18_MULTICENTRE_abdomen_TAD_seed123_512fixed_2026-08-02-08-42_test.log
4165	2026-08-02 08:43:04.2865094080	/root/autodl-tmp/hrnet_512_fixed_5seed/output/FETAL/fetal_landmark_hrnet_w18_MULTICENTRE_abdomen_TAD_seed123_512fixed/predictions.pth
22146	2026-08-02 08:43:13.6543002390	/root/autodl-tmp/hrnet_512_fixed_5seed/output/FETAL/fetal_landmark_hrnet_w18_MULTICENTRE_abdomen_TAD_seed123_512fixed/fixed_channel_per_image.csv
363088	2026-08-02 09:26:07.5813355380	/root/autodl-tmp/hrnet_512_fixed_5seed/output/FETAL/fetal_landmark_hrnet_w18_MULTICENTRE_abdomen_TAD_seed2024_512fixed/fetal_landmark_hrnet_w18_MULTICENTRE_abdomen_TAD_seed2024_512fixed_2026-08-02-08-43_train.log
2626	2026-08-02 09:26:17.7014247500	/root/autodl-tmp/hrnet_512_fixed_5seed/output/FETAL/fetal_landmark_hrnet_w18_MULTICENTRE_abdomen_TAD_seed2024_512fixed/fetal_landmark_hrnet_w18_MULTICENTRE_abdomen_TAD_seed2024_512fixed_2026-08-02-09-26_test.log
4165	2026-08-02 09:26:17.7054247860	/root/autodl-tmp/hrnet_512_fixed_5seed/output/FETAL/fetal_landmark_hrnet_w18_MULTICENTRE_abdomen_TAD_seed2024_512fixed/predictions.pth
22170	2026-08-02 09:26:25.9174965670	/root/autodl-tmp/hrnet_512_fixed_5seed/output/FETAL/fetal_landmark_hrnet_w18_MULTICENTRE_abdomen_TAD_seed2024_512fixed/fixed_channel_per_image.csv
363097	2026-08-02 10:09:07.3002447960	/root/autodl-tmp/hrnet_512_fixed_5seed/output/FETAL/fetal_landmark_hrnet_w18_MULTICENTRE_abdomen_TAD_seed3407_512fixed/fetal_landmark_hrnet_w18_MULTICENTRE_abdomen_TAD_seed3407_512fixed_2026-08-02-09-26_train.log
2626	2026-08-02 10:09:16.7164730350	/root/autodl-tmp/hrnet_512_fixed_5seed/output/FETAL/fetal_landmark_hrnet_w18_MULTICENTRE_abdomen_TAD_seed3407_512fixed/fetal_landmark_hrnet_w18_MULTICENTRE_abdomen_TAD_seed3407_512fixed_2026-08-02-10-09_test.log
4165	2026-08-02 10:09:16.7204731310	/root/autodl-tmp/hrnet_512_fixed_5seed/output/FETAL/fetal_landmark_hrnet_w18_MULTICENTRE_abdomen_TAD_seed3407_512fixed/predictions.pth
22144	2026-08-02 10:09:23.6046362350	/root/autodl-tmp/hrnet_512_fixed_5seed/output/FETAL/fetal_landmark_hrnet_w18_MULTICENTRE_abdomen_TAD_seed3407_512fixed/fixed_channel_per_image.csv
361869	2026-08-02 10:50:21.3960839480	/root/autodl-tmp/hrnet_512_fixed_5seed/output/FETAL/fetal_landmark_hrnet_w18_MULTICENTRE_femur_FL_seed42_512fixed/fetal_landmark_hrnet_w18_MULTICENTRE_femur_FL_seed42_512fixed_2026-08-02-10-09_train.log
2607	2026-08-02 10:50:32.7153811900	/root/autodl-tmp/hrnet_512_fixed_5seed/output/FETAL/fetal_landmark_hrnet_w18_MULTICENTRE_femur_FL_seed42_512fixed/fetal_landmark_hrnet_w18_MULTICENTRE_femur_FL_seed42_512fixed_2026-08-02-10-50_test.log
7365	2026-08-02 10:50:32.7153811900	/root/autodl-tmp/hrnet_512_fixed_5seed/output/FETAL/fetal_landmark_hrnet_w18_MULTICENTRE_femur_FL_seed42_512fixed/predictions.pth
51244	2026-08-02 10:50:45.8745754080	/root/autodl-tmp/hrnet_512_fixed_5seed/output/FETAL/fetal_landmark_hrnet_w18_MULTICENTRE_femur_FL_seed42_512fixed/fixed_channel_per_image.csv
361641	2026-08-02 11:31:36.1336299160	/root/autodl-tmp/hrnet_512_fixed_5seed/output/FETAL/fetal_landmark_hrnet_w18_MULTICENTRE_femur_FL_seed0_512fixed/fetal_landmark_hrnet_w18_MULTICENTRE_femur_FL_seed0_512fixed_2026-08-02-10-50_train.log
2605	2026-08-02 11:31:48.1853654630	/root/autodl-tmp/hrnet_512_fixed_5seed/output/FETAL/fetal_landmark_hrnet_w18_MULTICENTRE_femur_FL_seed0_512fixed/fetal_landmark_hrnet_w18_MULTICENTRE_femur_FL_seed0_512fixed_2026-08-02-11-31_test.log
7365	2026-08-02 11:31:48.1853654630	/root/autodl-tmp/hrnet_512_fixed_5seed/output/FETAL/fetal_landmark_hrnet_w18_MULTICENTRE_femur_FL_seed0_512fixed/predictions.pth
51262	2026-08-02 11:32:01.2130790800	/root/autodl-tmp/hrnet_512_fixed_5seed/output/FETAL/fetal_landmark_hrnet_w18_MULTICENTRE_femur_FL_seed0_512fixed/fixed_channel_per_image.csv
362029	2026-08-02 12:13:40.0393435380	/root/autodl-tmp/hrnet_512_fixed_5seed/output/FETAL/fetal_landmark_hrnet_w18_MULTICENTRE_femur_FL_seed123_512fixed/fetal_landmark_hrnet_w18_MULTICENTRE_femur_FL_seed123_512fixed_2026-08-02-11-32_train.log
2609	2026-08-02 12:13:50.6270558530	/root/autodl-tmp/hrnet_512_fixed_5seed/output/FETAL/fetal_landmark_hrnet_w18_MULTICENTRE_femur_FL_seed123_512fixed/fetal_landmark_hrnet_w18_MULTICENTRE_femur_FL_seed123_512fixed_2026-08-02-12-13_test.log
7365	2026-08-02 12:13:50.6270558530	/root/autodl-tmp/hrnet_512_fixed_5seed/output/FETAL/fetal_landmark_hrnet_w18_MULTICENTRE_femur_FL_seed123_512fixed/predictions.pth
51252	2026-08-02 12:14:03.4187085760	/root/autodl-tmp/hrnet_512_fixed_5seed/output/FETAL/fetal_landmark_hrnet_w18_MULTICENTRE_femur_FL_seed123_512fixed/fixed_channel_per_image.csv
362218	2026-08-02 12:56:28.4322104540	/root/autodl-tmp/hrnet_512_fixed_5seed/output/FETAL/fetal_landmark_hrnet_w18_MULTICENTRE_femur_FL_seed2024_512fixed/fetal_landmark_hrnet_w18_MULTICENTRE_femur_FL_seed2024_512fixed_2026-08-02-12-14_train.log
2611	2026-08-02 12:56:39.8159782460	/root/autodl-tmp/hrnet_512_fixed_5seed/output/FETAL/fetal_landmark_hrnet_w18_MULTICENTRE_femur_FL_seed2024_512fixed/fetal_landmark_hrnet_w18_MULTICENTRE_femur_FL_seed2024_512fixed_2026-08-02-12-56_test.log
7365	2026-08-02 12:56:39.8159782460	/root/autodl-tmp/hrnet_512_fixed_5seed/output/FETAL/fetal_landmark_hrnet_w18_MULTICENTRE_femur_FL_seed2024_512fixed/predictions.pth
51281	2026-08-02 12:56:50.7117549830	/root/autodl-tmp/hrnet_512_fixed_5seed/output/FETAL/fetal_landmark_hrnet_w18_MULTICENTRE_femur_FL_seed2024_512fixed/fixed_channel_per_image.csv
362278	2026-08-02 13:38:18.7502372100	/root/autodl-tmp/hrnet_512_fixed_5seed/output/FETAL/fetal_landmark_hrnet_w18_MULTICENTRE_femur_FL_seed3407_512fixed/fetal_landmark_hrnet_w18_MULTICENTRE_femur_FL_seed3407_512fixed_2026-08-02-12-56_train.log
2611	2026-08-02 13:38:30.3499579000	/root/autodl-tmp/hrnet_512_fixed_5seed/output/FETAL/fetal_landmark_hrnet_w18_MULTICENTRE_femur_FL_seed3407_512fixed/fetal_landmark_hrnet_w18_MULTICENTRE_femur_FL_seed3407_512fixed_2026-08-02-13-38_test.log
7365	2026-08-02 13:38:30.3499579000	/root/autodl-tmp/hrnet_512_fixed_5seed/output/FETAL/fetal_landmark_hrnet_w18_MULTICENTRE_femur_FL_seed3407_512fixed/predictions.pth
51251	2026-08-02 13:38:44.8736080350	/root/autodl-tmp/hrnet_512_fixed_5seed/output/FETAL/fetal_landmark_hrnet_w18_MULTICENTRE_femur_FL_seed3407_512fixed/fixed_channel_per_image.csv
300584	2026-08-01 08:12:58.9496276720	/root/autodl-tmp/hrnet_512_fixed_5seed/driver_logs/fetal_landmark_hrnet_w18_UCL_abdomen_TAD_seed2024_512fixed_train.log
300598	2026-08-01 08:30:11.6050199240	/root/autodl-tmp/hrnet_512_fixed_5seed/driver_logs/fetal_landmark_hrnet_w18_UCL_abdomen_TAD_seed3407_512fixed_train.log
299460	2026-08-01 08:49:14.5599369480	/root/autodl-tmp/hrnet_512_fixed_5seed/driver_logs/fetal_landmark_hrnet_w18_UCL_femur_FL_seed42_512fixed_train.log
300255	2026-08-01 02:02:34.4613161060	/root/autodl-tmp/hrnet_512_fixed_5seed/driver_logs/fetal_landmark_hrnet_w18_UCL_brain_BPD_seed42_512fixed_train_INVALID_PRE_DECODE_FIX.log
2665	2026-08-01 02:02:42.8849470010	/root/autodl-tmp/hrnet_512_fixed_5seed/driver_logs/fetal_landmark_hrnet_w18_UCL_brain_BPD_seed42_512fixed_test_INVALID_PRE_DECODE_FIX.log
279393	2026-08-01 02:16:50.1586527820	/root/autodl-tmp/hrnet_512_fixed_5seed/driver_logs/fetal_landmark_hrnet_w18_UCL_brain_BPD_seed0_512fixed_train_INVALID_PRE_DECODE_FIX.log
299520	2026-08-01 02:39:55.5106395990	/root/autodl-tmp/hrnet_512_fixed_5seed/driver_logs/fetal_landmark_hrnet_w18_UCL_brain_BPD_seed42_512fixed_train.log
2665	2026-08-01 02:40:04.0064416320	/root/autodl-tmp/hrnet_512_fixed_5seed/driver_logs/fetal_landmark_hrnet_w18_UCL_brain_BPD_seed42_512fixed_test.log
299296	2026-08-01 02:59:02.7734589300	/root/autodl-tmp/hrnet_512_fixed_5seed/driver_logs/fetal_landmark_hrnet_w18_UCL_brain_BPD_seed0_512fixed_train.log
2661	2026-08-01 02:59:11.2412346230	/root/autodl-tmp/hrnet_512_fixed_5seed/driver_logs/fetal_landmark_hrnet_w18_UCL_brain_BPD_seed0_512fixed_test.log
299661	2026-08-01 03:18:25.2891654370	/root/autodl-tmp/hrnet_512_fixed_5seed/driver_logs/fetal_landmark_hrnet_w18_UCL_brain_BPD_seed123_512fixed_train.log
2669	2026-08-01 03:18:33.8367218310	/root/autodl-tmp/hrnet_512_fixed_5seed/driver_logs/fetal_landmark_hrnet_w18_UCL_brain_BPD_seed123_512fixed_test.log
299927	2026-08-01 03:38:03.5293389230	/root/autodl-tmp/hrnet_512_fixed_5seed/driver_logs/fetal_landmark_hrnet_w18_UCL_brain_BPD_seed2024_512fixed_train.log
2673	2026-08-01 03:38:11.8970029920	/root/autodl-tmp/hrnet_512_fixed_5seed/driver_logs/fetal_landmark_hrnet_w18_UCL_brain_BPD_seed2024_512fixed_test.log
299957	2026-08-01 03:57:32.2861650530	/root/autodl-tmp/hrnet_512_fixed_5seed/driver_logs/fetal_landmark_hrnet_w18_UCL_brain_BPD_seed3407_512fixed_train.log
2673	2026-08-01 03:57:43.0218792830	/root/autodl-tmp/hrnet_512_fixed_5seed/driver_logs/fetal_landmark_hrnet_w18_UCL_brain_BPD_seed3407_512fixed_test.log
299846	2026-08-01 04:16:44.0966996660	/root/autodl-tmp/hrnet_512_fixed_5seed/driver_logs/fetal_landmark_hrnet_w18_UCL_brain_OFD_seed42_512fixed_train.log
2665	2026-08-01 04:16:52.6450042960	/root/autodl-tmp/hrnet_512_fixed_5seed/driver_logs/fetal_landmark_hrnet_w18_UCL_brain_OFD_seed42_512fixed_test.log
299626	2026-08-01 04:36:01.3301819940	/root/autodl-tmp/hrnet_512_fixed_5seed/driver_logs/fetal_landmark_hrnet_w18_UCL_brain_OFD_seed0_512fixed_train.log
2661	2026-08-01 04:36:09.7380508050	/root/autodl-tmp/hrnet_512_fixed_5seed/driver_logs/fetal_landmark_hrnet_w18_UCL_brain_OFD_seed0_512fixed_test.log
300026	2026-08-01 04:55:31.4039066730	/root/autodl-tmp/hrnet_512_fixed_5seed/driver_logs/fetal_landmark_hrnet_w18_UCL_brain_OFD_seed123_512fixed_train.log
2669	2026-08-01 04:55:39.9116839220	/root/autodl-tmp/hrnet_512_fixed_5seed/driver_logs/fetal_landmark_hrnet_w18_UCL_brain_OFD_seed123_512fixed_test.log
300233	2026-08-01 05:15:12.5672029740	/root/autodl-tmp/hrnet_512_fixed_5seed/driver_logs/fetal_landmark_hrnet_w18_UCL_brain_OFD_seed2024_512fixed_train.log
2673	2026-08-01 05:15:22.3509741350	/root/autodl-tmp/hrnet_512_fixed_5seed/driver_logs/fetal_landmark_hrnet_w18_UCL_brain_OFD_seed2024_512fixed_test.log
300257	2026-08-01 05:34:19.3890565480	/root/autodl-tmp/hrnet_512_fixed_5seed/driver_logs/fetal_landmark_hrnet_w18_UCL_brain_OFD_seed3407_512fixed_train.log
2673	2026-08-01 05:34:27.8249114020	/root/autodl-tmp/hrnet_512_fixed_5seed/driver_logs/fetal_landmark_hrnet_w18_UCL_brain_OFD_seed3407_512fixed_test.log
300465	2026-08-01 05:51:58.2885559720	/root/autodl-tmp/hrnet_512_fixed_5seed/driver_logs/fetal_landmark_hrnet_w18_UCL_abdomen_APAD_seed42_512fixed_train.log
2689	2026-08-01 05:52:06.2643926010	/root/autodl-tmp/hrnet_512_fixed_5seed/driver_logs/fetal_landmark_hrnet_w18_UCL_abdomen_APAD_seed42_512fixed_test.log
300259	2026-08-01 06:09:32.1570160280	/root/autodl-tmp/hrnet_512_fixed_5seed/driver_logs/fetal_landmark_hrnet_w18_UCL_abdomen_APAD_seed0_512fixed_train.log
2685	2026-08-01 06:09:42.0088607560	/root/autodl-tmp/hrnet_512_fixed_5seed/driver_logs/fetal_landmark_hrnet_w18_UCL_abdomen_APAD_seed0_512fixed_test.log
300638	2026-08-01 06:26:49.0668137310	/root/autodl-tmp/hrnet_512_fixed_5seed/driver_logs/fetal_landmark_hrnet_w18_UCL_abdomen_APAD_seed123_512fixed_train.log
2693	2026-08-01 06:26:57.6906541520	/root/autodl-tmp/hrnet_512_fixed_5seed/driver_logs/fetal_landmark_hrnet_w18_UCL_abdomen_APAD_seed123_512fixed_test.log
300880	2026-08-01 06:44:11.9743286390	/root/autodl-tmp/hrnet_512_fixed_5seed/driver_logs/fetal_landmark_hrnet_w18_UCL_abdomen_APAD_seed2024_512fixed_train.log
2697	2026-08-01 06:44:19.5301044840	/root/autodl-tmp/hrnet_512_fixed_5seed/driver_logs/fetal_landmark_hrnet_w18_UCL_abdomen_APAD_seed2024_512fixed_test.log
300807	2026-08-01 07:02:07.6251870000	/root/autodl-tmp/hrnet_512_fixed_5seed/driver_logs/fetal_landmark_hrnet_w18_UCL_abdomen_APAD_seed3407_512fixed_train.log
2697	2026-08-01 07:02:15.4969901690	/root/autodl-tmp/hrnet_512_fixed_5seed/driver_logs/fetal_landmark_hrnet_w18_UCL_abdomen_APAD_seed3407_512fixed_test.log
300287	2026-08-01 07:19:42.7475710230	/root/autodl-tmp/hrnet_512_fixed_5seed/driver_logs/fetal_landmark_hrnet_w18_UCL_abdomen_TAD_seed42_512fixed_train.log
2684	2026-08-01 07:19:52.9591981900	/root/autodl-tmp/hrnet_512_fixed_5seed/driver_logs/fetal_landmark_hrnet_w18_UCL_abdomen_TAD_seed42_512fixed_test.log
300054	2026-08-01 07:36:36.1503970110	/root/autodl-tmp/hrnet_512_fixed_5seed/driver_logs/fetal_landmark_hrnet_w18_UCL_abdomen_TAD_seed0_512fixed_train.log
2680	2026-08-01 07:36:43.9501575130	/root/autodl-tmp/hrnet_512_fixed_5seed/driver_logs/fetal_landmark_hrnet_w18_UCL_abdomen_TAD_seed0_512fixed_test.log
300426	2026-08-01 07:55:00.2578599290	/root/autodl-tmp/hrnet_512_fixed_5seed/driver_logs/fetal_landmark_hrnet_w18_UCL_abdomen_TAD_seed123_512fixed_train.log
2688	2026-08-01 07:55:07.7698168330	/root/autodl-tmp/hrnet_512_fixed_5seed/driver_logs/fetal_landmark_hrnet_w18_UCL_abdomen_TAD_seed123_512fixed_test.log
2692	2026-08-01 08:13:06.8167114840	/root/autodl-tmp/hrnet_512_fixed_5seed/driver_logs/fetal_landmark_hrnet_w18_UCL_abdomen_TAD_seed2024_512fixed_test.log
2692	2026-08-01 08:30:19.4126615640	/root/autodl-tmp/hrnet_512_fixed_5seed/driver_logs/fetal_landmark_hrnet_w18_UCL_abdomen_TAD_seed3407_512fixed_test.log
2663	2026-08-01 08:49:22.2956565300	/root/autodl-tmp/hrnet_512_fixed_5seed/driver_logs/fetal_landmark_hrnet_w18_UCL_femur_FL_seed42_512fixed_test.log
299191	2026-08-01 09:08:21.1388667740	/root/autodl-tmp/hrnet_512_fixed_5seed/driver_logs/fetal_landmark_hrnet_w18_UCL_femur_FL_seed0_512fixed_train.log
2659	2026-08-01 09:08:30.3139256460	/root/autodl-tmp/hrnet_512_fixed_5seed/driver_logs/fetal_landmark_hrnet_w18_UCL_femur_FL_seed0_512fixed_test.log
299555	2026-08-01 09:26:51.8748466280	/root/autodl-tmp/hrnet_512_fixed_5seed/driver_logs/fetal_landmark_hrnet_w18_UCL_femur_FL_seed123_512fixed_train.log
2667	2026-08-01 09:27:02.9182217530	/root/autodl-tmp/hrnet_512_fixed_5seed/driver_logs/fetal_landmark_hrnet_w18_UCL_femur_FL_seed123_512fixed_test.log
299836	2026-08-01 09:44:45.5182201310	/root/autodl-tmp/hrnet_512_fixed_5seed/driver_logs/fetal_landmark_hrnet_w18_UCL_femur_FL_seed2024_512fixed_train.log
2671	2026-08-01 09:44:53.5624467850	/root/autodl-tmp/hrnet_512_fixed_5seed/driver_logs/fetal_landmark_hrnet_w18_UCL_femur_FL_seed2024_512fixed_test.log
299882	2026-08-01 10:03:57.5968487840	/root/autodl-tmp/hrnet_512_fixed_5seed/driver_logs/fetal_landmark_hrnet_w18_UCL_femur_FL_seed3407_512fixed_train.log
2671	2026-08-01 10:04:08.3766240220	/root/autodl-tmp/hrnet_512_fixed_5seed/driver_logs/fetal_landmark_hrnet_w18_UCL_femur_FL_seed3407_512fixed_test.log
323359	2026-08-01 11:45:17.6887523050	/root/autodl-tmp/hrnet_512_fixed_5seed/driver_logs/fetal_landmark_hrnet_w18_MULTICENTRE_brain_BPD_seed42_512fixed_train.log
2725	2026-08-01 11:45:34.0121683580	/root/autodl-tmp/hrnet_512_fixed_5seed/driver_logs/fetal_landmark_hrnet_w18_MULTICENTRE_brain_BPD_seed42_512fixed_test.log
322996	2026-08-01 13:27:02.9783968100	/root/autodl-tmp/hrnet_512_fixed_5seed/driver_logs/fetal_landmark_hrnet_w18_MULTICENTRE_brain_BPD_seed0_512fixed_train.log
2721	2026-08-01 13:27:18.4298850040	/root/autodl-tmp/hrnet_512_fixed_5seed/driver_logs/fetal_landmark_hrnet_w18_MULTICENTRE_brain_BPD_seed0_512fixed_test.log
323414	2026-08-01 15:07:05.3032139670	/root/autodl-tmp/hrnet_512_fixed_5seed/driver_logs/fetal_landmark_hrnet_w18_MULTICENTRE_brain_BPD_seed123_512fixed_train.log
2729	2026-08-01 15:07:21.1228671900	/root/autodl-tmp/hrnet_512_fixed_5seed/driver_logs/fetal_landmark_hrnet_w18_MULTICENTRE_brain_BPD_seed123_512fixed_test.log
323762	2026-08-01 16:46:40.1463357260	/root/autodl-tmp/hrnet_512_fixed_5seed/driver_logs/fetal_landmark_hrnet_w18_MULTICENTRE_brain_BPD_seed2024_512fixed_train.log
2733	2026-08-01 16:46:55.5776257330	/root/autodl-tmp/hrnet_512_fixed_5seed/driver_logs/fetal_landmark_hrnet_w18_MULTICENTRE_brain_BPD_seed2024_512fixed_test.log
323785	2026-08-01 18:26:50.4482435640	/root/autodl-tmp/hrnet_512_fixed_5seed/driver_logs/fetal_landmark_hrnet_w18_MULTICENTRE_brain_BPD_seed3407_512fixed_train.log
2733	2026-08-01 18:27:07.0839768080	/root/autodl-tmp/hrnet_512_fixed_5seed/driver_logs/fetal_landmark_hrnet_w18_MULTICENTRE_brain_BPD_seed3407_512fixed_test.log
345064	2026-08-01 20:07:21.5039099370	/root/autodl-tmp/hrnet_512_fixed_5seed/driver_logs/fetal_landmark_hrnet_w18_MULTICENTRE_brain_OFD_seed42_512fixed_train.log
2721	2026-08-01 20:07:37.6197702680	/root/autodl-tmp/hrnet_512_fixed_5seed/driver_logs/fetal_landmark_hrnet_w18_MULTICENTRE_brain_OFD_seed42_512fixed_test.log
344860	2026-08-01 21:48:41.2902682720	/root/autodl-tmp/hrnet_512_fixed_5seed/driver_logs/fetal_landmark_hrnet_w18_MULTICENTRE_brain_OFD_seed0_512fixed_train.log
2717	2026-08-01 21:48:58.0860030450	/root/autodl-tmp/hrnet_512_fixed_5seed/driver_logs/fetal_landmark_hrnet_w18_MULTICENTRE_brain_OFD_seed0_512fixed_test.log
345261	2026-08-01 23:29:39.6386277940	/root/autodl-tmp/hrnet_512_fixed_5seed/driver_logs/fetal_landmark_hrnet_w18_MULTICENTRE_brain_OFD_seed123_512fixed_train.log
2725	2026-08-01 23:29:55.8742695790	/root/autodl-tmp/hrnet_512_fixed_5seed/driver_logs/fetal_landmark_hrnet_w18_MULTICENTRE_brain_OFD_seed123_512fixed_test.log
345476	2026-08-02 01:10:19.0078587800	/root/autodl-tmp/hrnet_512_fixed_5seed/driver_logs/fetal_landmark_hrnet_w18_MULTICENTRE_brain_OFD_seed2024_512fixed_train.log
2729	2026-08-02 01:10:35.2561819910	/root/autodl-tmp/hrnet_512_fixed_5seed/driver_logs/fetal_landmark_hrnet_w18_MULTICENTRE_brain_OFD_seed2024_512fixed_test.log
345480	2026-08-02 02:51:03.3372627960	/root/autodl-tmp/hrnet_512_fixed_5seed/driver_logs/fetal_landmark_hrnet_w18_MULTICENTRE_brain_OFD_seed3407_512fixed_train.log
2729	2026-08-02 02:51:19.4136006490	/root/autodl-tmp/hrnet_512_fixed_5seed/driver_logs/fetal_landmark_hrnet_w18_MULTICENTRE_brain_OFD_seed3407_512fixed_test.log
302310	2026-08-02 03:35:59.9871056480	/root/autodl-tmp/hrnet_512_fixed_5seed/driver_logs/fetal_landmark_hrnet_w18_MULTICENTRE_abdomen_APAD_seed42_512fixed_train.log
2745	2026-08-02 03:36:09.3305668950	/root/autodl-tmp/hrnet_512_fixed_5seed/driver_logs/fetal_landmark_hrnet_w18_MULTICENTRE_abdomen_APAD_seed42_512fixed_test.log
302110	2026-08-02 04:19:45.3416245540	/root/autodl-tmp/hrnet_512_fixed_5seed/driver_logs/fetal_landmark_hrnet_w18_MULTICENTRE_abdomen_APAD_seed0_512fixed_train.log
2741	2026-08-02 04:19:54.7971804140	/root/autodl-tmp/hrnet_512_fixed_5seed/driver_logs/fetal_landmark_hrnet_w18_MULTICENTRE_abdomen_APAD_seed0_512fixed_test.log
302510	2026-08-02 05:03:56.6953500580	/root/autodl-tmp/hrnet_512_fixed_5seed/driver_logs/fetal_landmark_hrnet_w18_MULTICENTRE_abdomen_APAD_seed123_512fixed_train.log
2749	2026-08-02 05:04:06.7066981460	/root/autodl-tmp/hrnet_512_fixed_5seed/driver_logs/fetal_landmark_hrnet_w18_MULTICENTRE_abdomen_APAD_seed123_512fixed_test.log
302727	2026-08-02 05:47:25.6663825250	/root/autodl-tmp/hrnet_512_fixed_5seed/driver_logs/fetal_landmark_hrnet_w18_MULTICENTRE_abdomen_APAD_seed2024_512fixed_train.log
2753	2026-08-02 05:47:34.8665214840	/root/autodl-tmp/hrnet_512_fixed_5seed/driver_logs/fetal_landmark_hrnet_w18_MULTICENTRE_abdomen_APAD_seed2024_512fixed_test.log
302717	2026-08-02 06:31:15.0689442060	/root/autodl-tmp/hrnet_512_fixed_5seed/driver_logs/fetal_landmark_hrnet_w18_MULTICENTRE_abdomen_APAD_seed3407_512fixed_train.log
2753	2026-08-02 06:31:24.4449006160	/root/autodl-tmp/hrnet_512_fixed_5seed/driver_logs/fetal_landmark_hrnet_w18_MULTICENTRE_abdomen_APAD_seed3407_512fixed_test.log
302102	2026-08-02 07:15:14.8582808130	/root/autodl-tmp/hrnet_512_fixed_5seed/driver_logs/fetal_landmark_hrnet_w18_MULTICENTRE_abdomen_TAD_seed42_512fixed_train.log
2740	2026-08-02 07:15:24.4018324340	/root/autodl-tmp/hrnet_512_fixed_5seed/driver_logs/fetal_landmark_hrnet_w18_MULTICENTRE_abdomen_TAD_seed42_512fixed_test.log
301736	2026-08-02 07:59:28.3106323520	/root/autodl-tmp/hrnet_512_fixed_5seed/driver_logs/fetal_landmark_hrnet_w18_MULTICENTRE_abdomen_TAD_seed0_512fixed_train.log
2736	2026-08-02 07:59:40.4385527590	/root/autodl-tmp/hrnet_512_fixed_5seed/driver_logs/fetal_landmark_hrnet_w18_MULTICENTRE_abdomen_TAD_seed0_512fixed_test.log
302320	2026-08-02 08:42:51.8227886950	/root/autodl-tmp/hrnet_512_fixed_5seed/driver_logs/fetal_landmark_hrnet_w18_MULTICENTRE_abdomen_TAD_seed123_512fixed_train.log
2744	2026-08-02 08:43:04.2865094080	/root/autodl-tmp/hrnet_512_fixed_5seed/driver_logs/fetal_landmark_hrnet_w18_MULTICENTRE_abdomen_TAD_seed123_512fixed_test.log
302520	2026-08-02 09:26:07.7373369200	/root/autodl-tmp/hrnet_512_fixed_5seed/driver_logs/fetal_landmark_hrnet_w18_MULTICENTRE_abdomen_TAD_seed2024_512fixed_train.log
2748	2026-08-02 09:26:17.7014247500	/root/autodl-tmp/hrnet_512_fixed_5seed/driver_logs/fetal_landmark_hrnet_w18_MULTICENTRE_abdomen_TAD_seed2024_512fixed_test.log
302529	2026-08-02 10:09:07.4562486250	/root/autodl-tmp/hrnet_512_fixed_5seed/driver_logs/fetal_landmark_hrnet_w18_MULTICENTRE_abdomen_TAD_seed3407_512fixed_train.log
2748	2026-08-02 10:09:16.7204731310	/root/autodl-tmp/hrnet_512_fixed_5seed/driver_logs/fetal_landmark_hrnet_w18_MULTICENTRE_abdomen_TAD_seed3407_512fixed_test.log
301294	2026-08-02 10:50:21.5440747010	/root/autodl-tmp/hrnet_512_fixed_5seed/driver_logs/fetal_landmark_hrnet_w18_MULTICENTRE_femur_FL_seed42_512fixed_train.log
2719	2026-08-02 10:50:32.7153811900	/root/autodl-tmp/hrnet_512_fixed_5seed/driver_logs/fetal_landmark_hrnet_w18_MULTICENTRE_femur_FL_seed42_512fixed_test.log
301070	2026-08-02 11:31:36.2936264080	/root/autodl-tmp/hrnet_512_fixed_5seed/driver_logs/fetal_landmark_hrnet_w18_MULTICENTRE_femur_FL_seed0_512fixed_train.log
2715	2026-08-02 11:31:48.1853654630	/root/autodl-tmp/hrnet_512_fixed_5seed/driver_logs/fetal_landmark_hrnet_w18_MULTICENTRE_femur_FL_seed0_512fixed_test.log
301458	2026-08-02 12:13:40.1953392980	/root/autodl-tmp/hrnet_512_fixed_5seed/driver_logs/fetal_landmark_hrnet_w18_MULTICENTRE_femur_FL_seed123_512fixed_train.log
2723	2026-08-02 12:13:50.6270558530	/root/autodl-tmp/hrnet_512_fixed_5seed/driver_logs/fetal_landmark_hrnet_w18_MULTICENTRE_femur_FL_seed123_512fixed_test.log
301641	2026-08-02 12:56:28.5842073620	/root/autodl-tmp/hrnet_512_fixed_5seed/driver_logs/fetal_landmark_hrnet_w18_MULTICENTRE_femur_FL_seed2024_512fixed_train.log
2727	2026-08-02 12:56:39.8159782460	/root/autodl-tmp/hrnet_512_fixed_5seed/driver_logs/fetal_landmark_hrnet_w18_MULTICENTRE_femur_FL_seed2024_512fixed_test.log
301705	2026-08-02 13:38:18.9062334540	/root/autodl-tmp/hrnet_512_fixed_5seed/driver_logs/fetal_landmark_hrnet_w18_MULTICENTRE_femur_FL_seed3407_512fixed_train.log
2727	2026-08-02 13:38:30.3499579000	/root/autodl-tmp/hrnet_512_fixed_5seed/driver_logs/fetal_landmark_hrnet_w18_MULTICENTRE_femur_FL_seed3407_512fixed_test.log
1531	2026-08-01 02:20:24.1161064570	/root/autodl-tmp/hrnet_512_fixed_5seed/generated_configs/fetal_landmark_hrnet_w18_UCL_brain_BPD_preflight_512fixed.yaml
1531	2026-08-01 02:20:24.2081036860	/root/autodl-tmp/hrnet_512_fixed_5seed/generated_configs/fetal_landmark_hrnet_w18_UCL_brain_OFD_preflight_512fixed.yaml
1543	2026-08-01 02:20:24.2961010360	/root/autodl-tmp/hrnet_512_fixed_5seed/generated_configs/fetal_landmark_hrnet_w18_UCL_abdomen_APAD_preflight_512fixed.yaml
1542	2026-08-01 02:20:24.3840983840	/root/autodl-tmp/hrnet_512_fixed_5seed/generated_configs/fetal_landmark_hrnet_w18_UCL_abdomen_TAD_preflight_512fixed.yaml
1533	2026-08-01 02:20:24.4720957340	/root/autodl-tmp/hrnet_512_fixed_5seed/generated_configs/fetal_landmark_hrnet_w18_UCL_femur_FL_preflight_512fixed.yaml
1555	2026-08-01 02:20:24.6000918770	/root/autodl-tmp/hrnet_512_fixed_5seed/generated_configs/fetal_landmark_hrnet_w18_MULTICENTRE_brain_BPD_preflight_512fixed.yaml
1555	2026-08-01 02:20:24.7360877820	/root/autodl-tmp/hrnet_512_fixed_5seed/generated_configs/fetal_landmark_hrnet_w18_MULTICENTRE_brain_OFD_preflight_512fixed.yaml
1567	2026-08-01 02:20:24.8240851300	/root/autodl-tmp/hrnet_512_fixed_5seed/generated_configs/fetal_landmark_hrnet_w18_MULTICENTRE_abdomen_APAD_preflight_512fixed.yaml
1566	2026-08-01 02:20:24.9280819970	/root/autodl-tmp/hrnet_512_fixed_5seed/generated_configs/fetal_landmark_hrnet_w18_MULTICENTRE_abdomen_TAD_preflight_512fixed.yaml
1557	2026-08-01 02:20:25.0160793470	/root/autodl-tmp/hrnet_512_fixed_5seed/generated_configs/fetal_landmark_hrnet_w18_MULTICENTRE_femur_FL_preflight_512fixed.yaml
1531	2026-08-01 02:21:06.5268321390	/root/autodl-tmp/hrnet_512_fixed_5seed/generated_configs/fetal_landmark_hrnet_w18_UCL_brain_BPD_seed42_512fixed.yaml
1531	2026-08-01 02:40:10.2742952570	/root/autodl-tmp/hrnet_512_fixed_5seed/generated_configs/fetal_landmark_hrnet_w18_UCL_brain_BPD_seed0_512fixed.yaml
1531	2026-08-01 02:59:17.3410730080	/root/autodl-tmp/hrnet_512_fixed_5seed/generated_configs/fetal_landmark_hrnet_w18_UCL_brain_BPD_seed123_512fixed.yaml
1531	2026-08-01 03:18:39.5564260240	/root/autodl-tmp/hrnet_512_fixed_5seed/generated_configs/fetal_landmark_hrnet_w18_UCL_brain_BPD_seed2024_512fixed.yaml
1531	2026-08-01 03:38:18.0047578980	/root/autodl-tmp/hrnet_512_fixed_5seed/generated_configs/fetal_landmark_hrnet_w18_UCL_brain_BPD_seed3407_512fixed.yaml
1531	2026-08-01 03:57:51.1616617440	/root/autodl-tmp/hrnet_512_fixed_5seed/generated_configs/fetal_landmark_hrnet_w18_UCL_brain_OFD_seed42_512fixed.yaml
1531	2026-08-01 04:16:59.0892285920	/root/autodl-tmp/hrnet_512_fixed_5seed/generated_configs/fetal_landmark_hrnet_w18_UCL_brain_OFD_seed0_512fixed.yaml
1531	2026-08-01 04:36:15.4699609000	/root/autodl-tmp/hrnet_512_fixed_5seed/generated_configs/fetal_landmark_hrnet_w18_UCL_brain_OFD_seed123_512fixed.yaml
1531	2026-08-01 04:55:46.2675178000	/root/autodl-tmp/hrnet_512_fixed_5seed/generated_configs/fetal_landmark_hrnet_w18_UCL_brain_OFD_seed2024_512fixed.yaml
1531	2026-08-01 05:15:29.4868072660	/root/autodl-tmp/hrnet_512_fixed_5seed/generated_configs/fetal_landmark_hrnet_w18_UCL_brain_OFD_seed3407_512fixed.yaml
1543	2026-08-01 05:34:34.0448040540	/root/autodl-tmp/hrnet_512_fixed_5seed/generated_configs/fetal_landmark_hrnet_w18_UCL_abdomen_APAD_seed42_512fixed.yaml
1543	2026-08-01 05:52:12.1202726180	/root/autodl-tmp/hrnet_512_fixed_5seed/generated_configs/fetal_landmark_hrnet_w18_UCL_abdomen_APAD_seed0_512fixed.yaml
1543	2026-08-01 06:09:48.1407638130	/root/autodl-tmp/hrnet_512_fixed_5seed/generated_configs/fetal_landmark_hrnet_w18_UCL_abdomen_APAD_seed123_512fixed.yaml
1543	2026-08-01 06:27:04.2145333930	/root/autodl-tmp/hrnet_512_fixed_5seed/generated_configs/fetal_landmark_hrnet_w18_UCL_abdomen_APAD_seed2024_512fixed.yaml
1543	2026-08-01 06:44:24.1699671270	/root/autodl-tmp/hrnet_512_fixed_5seed/generated_configs/fetal_landmark_hrnet_w18_UCL_abdomen_APAD_seed3407_512fixed.yaml
1542	2026-08-01 07:02:20.8768556930	/root/autodl-tmp/hrnet_512_fixed_5seed/generated_configs/fetal_landmark_hrnet_w18_UCL_abdomen_TAD_seed42_512fixed.yaml
1542	2026-08-01 07:20:00.8949093910	/root/autodl-tmp/hrnet_512_fixed_5seed/generated_configs/fetal_landmark_hrnet_w18_UCL_abdomen_TAD_seed0_512fixed.yaml
1542	2026-08-01 07:36:50.0299709010	/root/autodl-tmp/hrnet_512_fixed_5seed/generated_configs/fetal_landmark_hrnet_w18_UCL_abdomen_TAD_seed123_512fixed.yaml
1542	2026-08-01 07:55:13.6937818790	/root/autodl-tmp/hrnet_512_fixed_5seed/generated_configs/fetal_landmark_hrnet_w18_UCL_abdomen_TAD_seed2024_512fixed.yaml
1542	2026-08-01 08:13:13.0919876780	/root/autodl-tmp/hrnet_512_fixed_5seed/generated_configs/fetal_landmark_hrnet_w18_UCL_abdomen_TAD_seed3407_512fixed.yaml
1533	2026-08-01 08:30:24.6924199550	/root/autodl-tmp/hrnet_512_fixed_5seed/generated_configs/fetal_landmark_hrnet_w18_UCL_femur_FL_seed42_512fixed.yaml
1533	2026-08-01 08:49:28.2314414500	/root/autodl-tmp/hrnet_512_fixed_5seed/generated_configs/fetal_landmark_hrnet_w18_UCL_femur_FL_seed0_512fixed.yaml
1533	2026-08-01 09:08:36.9092543610	/root/autodl-tmp/hrnet_512_fixed_5seed/generated_configs/fetal_landmark_hrnet_w18_UCL_femur_FL_seed123_512fixed.yaml
1533	2026-08-01 09:27:09.9978218990	/root/autodl-tmp/hrnet_512_fixed_5seed/generated_configs/fetal_landmark_hrnet_w18_UCL_femur_FL_seed2024_512fixed.yaml
1533	2026-08-01 09:44:59.6986150520	/root/autodl-tmp/hrnet_512_fixed_5seed/generated_configs/fetal_landmark_hrnet_w18_UCL_femur_FL_seed3407_512fixed.yaml
1555	2026-08-01 10:04:15.7604693190	/root/autodl-tmp/hrnet_512_fixed_5seed/generated_configs/fetal_landmark_hrnet_w18_MULTICENTRE_brain_BPD_seed42_512fixed.yaml
1555	2026-08-01 11:46:02.5071544170	/root/autodl-tmp/hrnet_512_fixed_5seed/generated_configs/fetal_landmark_hrnet_w18_MULTICENTRE_brain_BPD_seed0_512fixed.yaml
1555	2026-08-01 13:27:41.8931064660	/root/autodl-tmp/hrnet_512_fixed_5seed/generated_configs/fetal_landmark_hrnet_w18_MULTICENTRE_brain_BPD_seed123_512fixed.yaml
1555	2026-08-01 15:07:43.5343680940	/root/autodl-tmp/hrnet_512_fixed_5seed/generated_configs/fetal_landmark_hrnet_w18_MULTICENTRE_brain_BPD_seed2024_512fixed.yaml
1555	2026-08-01 16:47:17.9006000850	/root/autodl-tmp/hrnet_512_fixed_5seed/generated_configs/fetal_landmark_hrnet_w18_MULTICENTRE_brain_BPD_seed3407_512fixed.yaml
1555	2026-08-01 18:27:31.7275681990	/root/autodl-tmp/hrnet_512_fixed_5seed/generated_configs/fetal_landmark_hrnet_w18_MULTICENTRE_brain_OFD_seed42_512fixed.yaml
1555	2026-08-01 20:08:00.8955684030	/root/autodl-tmp/hrnet_512_fixed_5seed/generated_configs/fetal_landmark_hrnet_w18_MULTICENTRE_brain_OFD_seed0_512fixed.yaml
1555	2026-08-01 21:49:21.8096233400	/root/autodl-tmp/hrnet_512_fixed_5seed/generated_configs/fetal_landmark_hrnet_w18_MULTICENTRE_brain_OFD_seed123_512fixed.yaml
1555	2026-08-01 23:30:17.4177939560	/root/autodl-tmp/hrnet_512_fixed_5seed/generated_configs/fetal_landmark_hrnet_w18_MULTICENTRE_brain_OFD_seed2024_512fixed.yaml
1555	2026-08-02 01:10:57.7125912170	/root/autodl-tmp/hrnet_512_fixed_5seed/generated_configs/fetal_landmark_hrnet_w18_MULTICENTRE_brain_OFD_seed3407_512fixed.yaml
1567	2026-08-02 02:51:41.3340059440	/root/autodl-tmp/hrnet_512_fixed_5seed/generated_configs/fetal_landmark_hrnet_w18_MULTICENTRE_abdomen_APAD_seed42_512fixed.yaml
1567	2026-08-02 03:36:16.5661500460	/root/autodl-tmp/hrnet_512_fixed_5seed/generated_configs/fetal_landmark_hrnet_w18_MULTICENTRE_abdomen_APAD_seed0_512fixed.yaml
1567	2026-08-02 04:20:03.6567640350	/root/autodl-tmp/hrnet_512_fixed_5seed/generated_configs/fetal_landmark_hrnet_w18_MULTICENTRE_abdomen_APAD_seed123_512fixed.yaml
1567	2026-08-02 05:04:13.8142400240	/root/autodl-tmp/hrnet_512_fixed_5seed/generated_configs/fetal_landmark_hrnet_w18_MULTICENTRE_abdomen_APAD_seed2024_512fixed.yaml
1567	2026-08-02 05:47:44.4226617570	/root/autodl-tmp/hrnet_512_fixed_5seed/generated_configs/fetal_landmark_hrnet_w18_MULTICENTRE_abdomen_APAD_seed3407_512fixed.yaml
1566	2026-08-02 06:31:33.1848598160	/root/autodl-tmp/hrnet_512_fixed_5seed/generated_configs/fetal_landmark_hrnet_w18_MULTICENTRE_abdomen_TAD_seed42_512fixed.yaml
1566	2026-08-02 07:15:31.6894934210	/root/autodl-tmp/hrnet_512_fixed_5seed/generated_configs/fetal_landmark_hrnet_w18_MULTICENTRE_abdomen_TAD_seed0_512fixed.yaml
1566	2026-08-02 07:59:50.2984865190	/root/autodl-tmp/hrnet_512_fixed_5seed/generated_configs/fetal_landmark_hrnet_w18_MULTICENTRE_abdomen_TAD_seed123_512fixed.yaml
1566	2026-08-02 08:43:14.2222875770	/root/autodl-tmp/hrnet_512_fixed_5seed/generated_configs/fetal_landmark_hrnet_w18_MULTICENTRE_abdomen_TAD_seed2024_512fixed.yaml
1566	2026-08-02 09:26:26.6535029730	/root/autodl-tmp/hrnet_512_fixed_5seed/generated_configs/fetal_landmark_hrnet_w18_MULTICENTRE_abdomen_TAD_seed3407_512fixed.yaml
1557	2026-08-02 10:09:24.1806497430	/root/autodl-tmp/hrnet_512_fixed_5seed/generated_configs/fetal_landmark_hrnet_w18_MULTICENTRE_femur_FL_seed42_512fixed.yaml
1557	2026-08-02 10:50:46.7385229230	/root/autodl-tmp/hrnet_512_fixed_5seed/generated_configs/fetal_landmark_hrnet_w18_MULTICENTRE_femur_FL_seed0_512fixed.yaml
1557	2026-08-02 11:32:02.0810599810	/root/autodl-tmp/hrnet_512_fixed_5seed/generated_configs/fetal_landmark_hrnet_w18_MULTICENTRE_femur_FL_seed123_512fixed.yaml
1557	2026-08-02 12:14:04.2506860000	/root/autodl-tmp/hrnet_512_fixed_5seed/generated_configs/fetal_landmark_hrnet_w18_MULTICENTRE_femur_FL_seed2024_512fixed.yaml
1557	2026-08-02 12:56:51.3277423320	/root/autodl-tmp/hrnet_512_fixed_5seed/generated_configs/fetal_landmark_hrnet_w18_MULTICENTRE_femur_FL_seed3407_512fixed.yaml
4551	2026-08-02 13:38:46.0415798930	/root/autodl-tmp/hrnet_512_fixed_5seed/hrnet_512_fixed_5seed_results.tsv
111398	2026-08-02 15:23:27.9249080170	/root/autodl-tmp/hrnet_512_fixed_5seed/paired_analysis/bpd_dinov2_paired_per_image.csv
111378	2026-08-02 15:23:28.1569077410	/root/autodl-tmp/hrnet_512_fixed_5seed/paired_analysis/bpd_dinov3_paired_per_image.csv
111302	2026-08-02 15:23:28.4529073860	/root/autodl-tmp/hrnet_512_fixed_5seed/paired_analysis/ofd_dinov2_paired_per_image.csv
111299	2026-08-02 15:23:28.6889071030	/root/autodl-tmp/hrnet_512_fixed_5seed/paired_analysis/ofd_dinov3_paired_per_image.csv
15525	2026-08-02 15:23:28.7329070500	/root/autodl-tmp/hrnet_512_fixed_5seed/paired_analysis/apad_dinov2_paired_per_image.csv
15529	2026-08-02 15:23:28.7689070070	/root/autodl-tmp/hrnet_512_fixed_5seed/paired_analysis/apad_dinov3_paired_per_image.csv
15652	2026-08-02 15:23:28.8089069600	/root/autodl-tmp/hrnet_512_fixed_5seed/paired_analysis/tad_dinov2_paired_per_image.csv
15639	2026-08-02 15:23:28.8449069160	/root/autodl-tmp/hrnet_512_fixed_5seed/paired_analysis/tad_dinov3_paired_per_image.csv
35011	2026-08-02 15:23:28.9329068110	/root/autodl-tmp/hrnet_512_fixed_5seed/paired_analysis/fl_dinov2_paired_per_image.csv
35017	2026-08-02 15:23:29.0129067140	/root/autodl-tmp/hrnet_512_fixed_5seed/paired_analysis/fl_dinov3_paired_per_image.csv
4070	2026-08-02 16:35:48.1419584650	/root/autodl-tmp/hrnet_512_fixed_5seed/ucl_paired_analysis/ofd_dinov2_paired_per_image.csv
4068	2026-08-02 16:35:48.1539584190	/root/autodl-tmp/hrnet_512_fixed_5seed/ucl_paired_analysis/ofd_dinov3_paired_per_image.csv
3038	2026-08-02 16:35:48.1659583710	/root/autodl-tmp/hrnet_512_fixed_5seed/ucl_paired_analysis/apad_dinov2_paired_per_image.csv
3034	2026-08-02 16:35:48.1779583240	/root/autodl-tmp/hrnet_512_fixed_5seed/ucl_paired_analysis/apad_dinov3_paired_per_image.csv
3047	2026-08-02 16:35:48.1899582750	/root/autodl-tmp/hrnet_512_fixed_5seed/ucl_paired_analysis/tad_dinov2_paired_per_image.csv
3044	2026-08-02 16:35:48.2019582280	/root/autodl-tmp/hrnet_512_fixed_5seed/ucl_paired_analysis/tad_dinov3_paired_per_image.csv
3244	2026-08-02 16:35:48.2139581820	/root/autodl-tmp/hrnet_512_fixed_5seed/ucl_paired_analysis/fl_dinov2_paired_per_image.csv
3247	2026-08-02 16:35:48.2259581340	/root/autodl-tmp/hrnet_512_fixed_5seed/ucl_paired_analysis/fl_dinov3_paired_per_image.csv
114	2026-08-02 15:52:00.2118990040	/root/autodl-tmp/ucl_eomt_per_image/driver_logs/ofd_dinov2_seed42_order.log
2877	2026-08-02 15:52:10.6674929180	/root/autodl-tmp/ucl_eomt_per_image/driver_logs/ofd_dinov2_seed42_fixed.log
2872	2026-08-02 15:52:22.5590354400	/root/autodl-tmp/ucl_eomt_per_image/driver_logs/ofd_dinov2_seed42_swap.log
113	2026-08-02 15:53:55.7555999490	/root/autodl-tmp/ucl_eomt_per_image/driver_logs/ofd_dinov2_seed0_order.log
2870	2026-08-02 15:54:07.9071701540	/root/autodl-tmp/ucl_eomt_per_image/driver_logs/ofd_dinov2_seed0_fixed.log
2865	2026-08-02 15:54:20.4787295820	/root/autodl-tmp/ucl_eomt_per_image/driver_logs/ofd_dinov2_seed0_swap.log
115	2026-08-02 15:54:27.5624831200	/root/autodl-tmp/ucl_eomt_per_image/driver_logs/ofd_dinov2_seed123_order.log
2883	2026-08-02 15:54:39.2420795110	/root/autodl-tmp/ucl_eomt_per_image/driver_logs/ofd_dinov2_seed123_fixed.log
2878	2026-08-02 15:54:51.5616574360	/root/autodl-tmp/ucl_eomt_per_image/driver_logs/ofd_dinov2_seed123_swap.log
116	2026-08-02 15:54:58.8374098850	/root/autodl-tmp/ucl_eomt_per_image/driver_logs/ofd_dinov2_seed2024_order.log
2889	2026-08-02 15:55:11.1809927760	/root/autodl-tmp/ucl_eomt_per_image/driver_logs/ofd_dinov2_seed2024_fixed.log
2884	2026-08-02 15:55:24.3525515840	/root/autodl-tmp/ucl_eomt_per_image/driver_logs/ofd_dinov2_seed2024_swap.log
116	2026-08-02 15:55:31.8243030580	/root/autodl-tmp/ucl_eomt_per_image/driver_logs/ofd_dinov2_seed3407_order.log
2889	2026-08-02 15:55:44.2398928330	/root/autodl-tmp/ucl_eomt_per_image/driver_logs/ofd_dinov2_seed3407_fixed.log
2884	2026-08-02 15:55:56.8874783830	/root/autodl-tmp/ucl_eomt_per_image/driver_logs/ofd_dinov2_seed3407_swap.log
114	2026-08-02 15:56:03.6472582700	/root/autodl-tmp/ucl_eomt_per_image/driver_logs/ofd_dinov3_seed42_order.log
2901	2026-08-02 15:56:16.0348573680	/root/autodl-tmp/ucl_eomt_per_image/driver_logs/ofd_dinov3_seed42_fixed.log
2896	2026-08-02 15:56:28.4744579420	/root/autodl-tmp/ucl_eomt_per_image/driver_logs/ofd_dinov3_seed42_swap.log
113	2026-08-02 15:56:35.7462258840	/root/autodl-tmp/ucl_eomt_per_image/driver_logs/ofd_dinov3_seed0_order.log
2895	2026-08-02 15:56:48.2018308010	/root/autodl-tmp/ucl_eomt_per_image/driver_logs/ofd_dinov3_seed0_fixed.log
2890	2026-08-02 15:57:00.0014592720	/root/autodl-tmp/ucl_eomt_per_image/driver_logs/ofd_dinov3_seed0_swap.log
115	2026-08-02 15:57:07.0452387350	/root/autodl-tmp/ucl_eomt_per_image/driver_logs/ofd_dinov3_seed123_order.log
2906	2026-08-02 15:57:18.9048694830	/root/autodl-tmp/ucl_eomt_per_image/driver_logs/ofd_dinov3_seed123_fixed.log
2901	2026-08-02 15:57:30.2205195400	/root/autodl-tmp/ucl_eomt_per_image/driver_logs/ofd_dinov3_seed123_swap.log
116	2026-08-02 15:57:37.6242918000	/root/autodl-tmp/ucl_eomt_per_image/driver_logs/ofd_dinov3_seed2024_order.log
2913	2026-08-02 15:57:49.4919287370	/root/autodl-tmp/ucl_eomt_per_image/driver_logs/ofd_dinov3_seed2024_fixed.log
2908	2026-08-02 15:58:01.2395717020	/root/autodl-tmp/ucl_eomt_per_image/driver_logs/ofd_dinov3_seed2024_swap.log
116	2026-08-02 15:58:08.5473507660	/root/autodl-tmp/ucl_eomt_per_image/driver_logs/ofd_dinov3_seed3407_order.log
2912	2026-08-02 15:58:19.0470348550	/root/autodl-tmp/ucl_eomt_per_image/driver_logs/ofd_dinov3_seed3407_fixed.log
2907	2026-08-02 15:58:30.8106830180	/root/autodl-tmp/ucl_eomt_per_image/driver_logs/ofd_dinov3_seed3407_swap.log
115	2026-08-02 15:58:37.6864783800	/root/autodl-tmp/ucl_eomt_per_image/driver_logs/apad_dinov2_seed42_order.log
2813	2026-08-02 15:58:49.1021402360	/root/autodl-tmp/ucl_eomt_per_image/driver_logs/apad_dinov2_seed42_fixed.log
2808	2026-08-02 15:59:00.3578087650	/root/autodl-tmp/ucl_eomt_per_image/driver_logs/apad_dinov2_seed42_swap.log
114	2026-08-02 15:59:07.6855939770	/root/autodl-tmp/ucl_eomt_per_image/driver_logs/apad_dinov2_seed0_order.log
2808	2026-08-02 15:59:18.9012667420	/root/autodl-tmp/ucl_eomt_per_image/driver_logs/apad_dinov2_seed0_fixed.log
2803	2026-08-02 15:59:29.8449491780	/root/autodl-tmp/ucl_eomt_per_image/driver_logs/apad_dinov2_seed0_swap.log
116	2026-08-02 15:59:37.0367414000	/root/autodl-tmp/ucl_eomt_per_image/driver_logs/apad_dinov2_seed123_order.log
2820	2026-08-02 15:59:47.1804495480	/root/autodl-tmp/ucl_eomt_per_image/driver_logs/apad_dinov2_seed123_fixed.log
2815	2026-08-02 15:59:59.4720977570	/root/autodl-tmp/ucl_eomt_per_image/driver_logs/apad_dinov2_seed123_swap.log
117	2026-08-02 16:00:06.7438905770	/root/autodl-tmp/ucl_eomt_per_image/driver_logs/apad_dinov2_seed2024_order.log
2825	2026-08-02 16:00:18.0966122160	/root/autodl-tmp/ucl_eomt_per_image/driver_logs/apad_dinov2_seed2024_fixed.log
2820	2026-08-02 16:00:28.9377243350	/root/autodl-tmp/ucl_eomt_per_image/driver_logs/apad_dinov2_seed2024_swap.log
117	2026-08-02 16:00:34.9845763630	/root/autodl-tmp/ucl_eomt_per_image/driver_logs/apad_dinov2_seed3407_order.log
2826	2026-08-02 16:00:44.9572810170	/root/autodl-tmp/ucl_eomt_per_image/driver_logs/apad_dinov2_seed3407_fixed.log
2821	2026-08-02 16:00:57.5791475980	/root/autodl-tmp/ucl_eomt_per_image/driver_logs/apad_dinov2_seed3407_swap.log
115	2026-08-02 16:01:04.7870937720	/root/autodl-tmp/ucl_eomt_per_image/driver_logs/apad_dinov3_seed42_order.log
2828	2026-08-02 16:01:14.9028138560	/root/autodl-tmp/ucl_eomt_per_image/driver_logs/apad_dinov3_seed42_fixed.log
2823	2026-08-02 16:01:27.0024805710	/root/autodl-tmp/ucl_eomt_per_image/driver_logs/apad_dinov3_seed42_swap.log
114	2026-08-02 16:01:34.0302877410	/root/autodl-tmp/ucl_eomt_per_image/driver_logs/apad_dinov3_seed0_order.log
2821	2026-08-02 16:01:44.8619915950	/root/autodl-tmp/ucl_eomt_per_image/driver_logs/apad_dinov3_seed0_fixed.log
2816	2026-08-02 16:01:55.4897022530	/root/autodl-tmp/ucl_eomt_per_image/driver_logs/apad_dinov3_seed0_swap.log
116	2026-08-02 16:02:01.4575402970	/root/autodl-tmp/ucl_eomt_per_image/driver_logs/apad_dinov3_seed123_order.log
2834	2026-08-02 16:02:11.5812664060	/root/autodl-tmp/ucl_eomt_per_image/driver_logs/apad_dinov3_seed123_fixed.log
2829	2026-08-02 16:02:22.2249795720	/root/autodl-tmp/ucl_eomt_per_image/driver_logs/apad_dinov3_seed123_swap.log
117	2026-08-02 16:02:29.4887844720	/root/autodl-tmp/ucl_eomt_per_image/driver_logs/apad_dinov3_seed2024_order.log
2840	2026-08-02 16:02:40.0005030530	/root/autodl-tmp/ucl_eomt_per_image/driver_logs/apad_dinov3_seed2024_fixed.log
2834	2026-08-02 16:02:50.7362167390	/root/autodl-tmp/ucl_eomt_per_image/driver_logs/apad_dinov3_seed2024_swap.log
117	2026-08-02 16:02:56.9520514650	/root/autodl-tmp/ucl_eomt_per_image/driver_logs/apad_dinov3_seed3407_order.log
2839	2026-08-02 16:03:06.7957904630	/root/autodl-tmp/ucl_eomt_per_image/driver_logs/apad_dinov3_seed3407_fixed.log
2834	2026-08-02 16:03:17.5555061890	/root/autodl-tmp/ucl_eomt_per_image/driver_logs/apad_dinov3_seed3407_swap.log
114	2026-08-02 16:03:24.8113150740	/root/autodl-tmp/ucl_eomt_per_image/driver_logs/tad_dinov2_seed42_order.log
2809	2026-08-02 16:03:34.3790637760	/root/autodl-tmp/ucl_eomt_per_image/driver_logs/tad_dinov2_seed42_fixed.log
2803	2026-08-02 16:03:46.1547555720	/root/autodl-tmp/ucl_eomt_per_image/driver_logs/tad_dinov2_seed42_swap.log
113	2026-08-02 16:03:53.8705542650	/root/autodl-tmp/ucl_eomt_per_image/driver_logs/tad_dinov2_seed0_order.log
2803	2026-08-02 16:04:06.6062230740	/root/autodl-tmp/ucl_eomt_per_image/driver_logs/tad_dinov2_seed0_fixed.log
2797	2026-08-02 16:04:19.7458827590	/root/autodl-tmp/ucl_eomt_per_image/driver_logs/tad_dinov2_seed0_swap.log
115	2026-08-02 16:04:26.5657066680	/root/autodl-tmp/ucl_eomt_per_image/driver_logs/tad_dinov2_seed123_order.log
2815	2026-08-02 16:04:38.2254064520	/root/autodl-tmp/ucl_eomt_per_image/driver_logs/tad_dinov2_seed123_fixed.log
2809	2026-08-02 16:04:51.2410725480	/root/autodl-tmp/ucl_eomt_per_image/driver_logs/tad_dinov2_seed123_swap.log
116	2026-08-02 16:04:58.2768925810	/root/autodl-tmp/ucl_eomt_per_image/driver_logs/tad_dinov2_seed2024_order.log
2821	2026-08-02 16:05:10.7005756820	/root/autodl-tmp/ucl_eomt_per_image/driver_logs/tad_dinov2_seed2024_fixed.log
2816	2026-08-02 16:05:23.6282471060	/root/autodl-tmp/ucl_eomt_per_image/driver_logs/tad_dinov2_seed2024_swap.log
116	2026-08-02 16:05:31.3520513540	/root/autodl-tmp/ucl_eomt_per_image/driver_logs/tad_dinov2_seed3407_order.log
2821	2026-08-02 16:05:43.7437381550	/root/autodl-tmp/ucl_eomt_per_image/driver_logs/tad_dinov2_seed3407_fixed.log
2816	2026-08-02 16:05:56.3914195530	/root/autodl-tmp/ucl_eomt_per_image/driver_logs/tad_dinov2_seed3407_swap.log
114	2026-08-02 16:06:03.8232328320	/root/autodl-tmp/ucl_eomt_per_image/driver_logs/tad_dinov3_seed42_order.log
2822	2026-08-02 16:06:15.7629336000	/root/autodl-tmp/ucl_eomt_per_image/driver_logs/tad_dinov3_seed42_fixed.log
2817	2026-08-02 16:06:28.6786109220	/root/autodl-tmp/ucl_eomt_per_image/driver_logs/tad_dinov3_seed42_swap.log
113	2026-08-02 16:06:36.3344201400	/root/autodl-tmp/ucl_eomt_per_image/driver_logs/tad_dinov3_seed0_order.log
2816	2026-08-02 16:06:48.5141173560	/root/autodl-tmp/ucl_eomt_per_image/driver_logs/tad_dinov3_seed0_fixed.log
2811	2026-08-02 16:07:01.3817984240	/root/autodl-tmp/ucl_eomt_per_image/driver_logs/tad_dinov3_seed0_swap.log
115	2026-08-02 16:07:07.8336388730	/root/autodl-tmp/ucl_eomt_per_image/driver_logs/tad_dinov3_seed123_order.log
2828	2026-08-02 16:07:18.9213652340	/root/autodl-tmp/ucl_eomt_per_image/driver_logs/tad_dinov3_seed123_fixed.log
2823	2026-08-02 16:07:31.9010457720	/root/autodl-tmp/ucl_eomt_per_image/driver_logs/tad_dinov3_seed123_swap.log
116	2026-08-02 16:07:39.4528603280	/root/autodl-tmp/ucl_eomt_per_image/driver_logs/tad_dinov3_seed2024_order.log
2833	2026-08-02 16:07:49.7206086800	/root/autodl-tmp/ucl_eomt_per_image/driver_logs/tad_dinov3_seed2024_fixed.log
2829	2026-08-02 16:08:02.6722920440	/root/autodl-tmp/ucl_eomt_per_image/driver_logs/tad_dinov3_seed2024_swap.log
116	2026-08-02 16:08:08.9521388290	/root/autodl-tmp/ucl_eomt_per_image/driver_logs/tad_dinov3_seed3407_order.log
2834	2026-08-02 16:08:20.6278544940	/root/autodl-tmp/ucl_eomt_per_image/driver_logs/tad_dinov3_seed3407_fixed.log
2829	2026-08-02 16:08:31.1515987930	/root/autodl-tmp/ucl_eomt_per_image/driver_logs/tad_dinov3_seed3407_swap.log
113	2026-08-02 16:08:38.0314319200	/root/autodl-tmp/ucl_eomt_per_image/driver_logs/fl_dinov2_seed42_order.log
2804	2026-08-02 16:08:49.6071516580	/root/autodl-tmp/ucl_eomt_per_image/driver_logs/fl_dinov2_seed42_fixed.log
2799	2026-08-02 16:09:00.8708795510	/root/autodl-tmp/ucl_eomt_per_image/driver_logs/fl_dinov2_seed42_swap.log
112	2026-08-02 16:09:08.5666939730	/root/autodl-tmp/ucl_eomt_per_image/driver_logs/fl_dinov2_seed0_order.log
2798	2026-08-02 16:09:21.1343914840	/root/autodl-tmp/ucl_eomt_per_image/driver_logs/fl_dinov2_seed0_fixed.log
2793	2026-08-02 16:09:33.5580931440	/root/autodl-tmp/ucl_eomt_per_image/driver_logs/fl_dinov2_seed0_swap.log
114	2026-08-02 16:09:40.7179215130	/root/autodl-tmp/ucl_eomt_per_image/driver_logs/fl_dinov2_seed123_order.log
2810	2026-08-02 16:09:50.6816830260	/root/autodl-tmp/ucl_eomt_per_image/driver_logs/fl_dinov2_seed123_fixed.log
2805	2026-08-02 16:10:03.8893675290	/root/autodl-tmp/ucl_eomt_per_image/driver_logs/fl_dinov2_seed123_swap.log
115	2026-08-02 16:10:11.4531871700	/root/autodl-tmp/ucl_eomt_per_image/driver_logs/fl_dinov2_seed2024_order.log
2816	2026-08-02 16:10:22.9609132030	/root/autodl-tmp/ucl_eomt_per_image/driver_logs/fl_dinov2_seed2024_fixed.log
2811	2026-08-02 16:10:34.3926415570	/root/autodl-tmp/ucl_eomt_per_image/driver_logs/fl_dinov2_seed2024_swap.log
115	2026-08-02 16:10:41.7524669340	/root/autodl-tmp/ucl_eomt_per_image/driver_logs/fl_dinov2_seed3407_order.log
2816	2026-08-02 16:10:52.3202165520	/root/autodl-tmp/ucl_eomt_per_image/driver_logs/fl_dinov2_seed3407_fixed.log
2811	2026-08-02 16:11:03.0079637450	/root/autodl-tmp/ucl_eomt_per_image/driver_logs/fl_dinov2_seed3407_swap.log
113	2026-08-02 16:30:17.1858504030	/root/autodl-tmp/ucl_eomt_per_image/driver_logs/fl_dinov3_seed42_order.log
2818	2026-08-02 16:30:27.6739072750	/root/autodl-tmp/ucl_eomt_per_image/driver_logs/fl_dinov3_seed42_fixed.log
2813	2026-08-02 16:30:40.4739709540	/root/autodl-tmp/ucl_eomt_per_image/driver_logs/fl_dinov3_seed42_swap.log
112	2026-08-02 16:30:48.0060055460	/root/autodl-tmp/ucl_eomt_per_image/driver_logs/fl_dinov3_seed0_order.log
2812	2026-08-02 16:30:59.4460540670	/root/autodl-tmp/ucl_eomt_per_image/driver_logs/fl_dinov3_seed0_fixed.log
2807	2026-08-02 16:31:12.7261044680	/root/autodl-tmp/ucl_eomt_per_image/driver_logs/fl_dinov3_seed0_swap.log
114	2026-08-02 16:31:20.1381298850	/root/autodl-tmp/ucl_eomt_per_image/driver_logs/fl_dinov3_seed123_order.log
2824	2026-08-02 16:31:31.6701656420	/root/autodl-tmp/ucl_eomt_per_image/driver_logs/fl_dinov3_seed123_fixed.log
2819	2026-08-02 16:31:41.8621934820	/root/autodl-tmp/ucl_eomt_per_image/driver_logs/fl_dinov3_seed123_swap.log
115	2026-08-02 16:31:49.4302119080	/root/autodl-tmp/ucl_eomt_per_image/driver_logs/fl_dinov3_seed2024_order.log
2830	2026-08-02 16:32:00.9062362810	/root/autodl-tmp/ucl_eomt_per_image/driver_logs/fl_dinov3_seed2024_fixed.log
2825	2026-08-02 16:32:11.1262544220	/root/autodl-tmp/ucl_eomt_per_image/driver_logs/fl_dinov3_seed2024_swap.log
115	2026-08-02 16:32:17.1702636000	/root/autodl-tmp/ucl_eomt_per_image/driver_logs/fl_dinov3_seed3407_order.log
2830	2026-08-02 16:32:28.9422782320	/root/autodl-tmp/ucl_eomt_per_image/driver_logs/fl_dinov3_seed3407_fixed.log
2825	2026-08-02 16:32:39.7342879440	/root/autodl-tmp/ucl_eomt_per_image/driver_logs/fl_dinov3_seed3407_swap.log
114	2026-08-08 03:13:32.2589142440	/root/autodl-tmp/ucl_eomt_per_image/driver_logs/bpd_dinov2_seed42_order.log
2481	2026-08-08 03:13:42.9667089760	/root/autodl-tmp/ucl_eomt_per_image/driver_logs/bpd_dinov2_seed42_fixed.log
2476	2026-08-08 03:14:24.1979196810	/root/autodl-tmp/ucl_eomt_per_image/driver_logs/bpd_dinov2_seed42_permutation.log
113	2026-08-08 03:15:14.6169567320	/root/autodl-tmp/ucl_eomt_per_image/driver_logs/bpd_dinov2_seed0_order.log
2476	2026-08-08 03:15:26.9567214060	/root/autodl-tmp/ucl_eomt_per_image/driver_logs/bpd_dinov2_seed0_fixed.log
2470	2026-08-08 03:15:38.4845016820	/root/autodl-tmp/ucl_eomt_per_image/driver_logs/bpd_dinov2_seed0_permutation.log
115	2026-08-08 03:15:44.5203866810	/root/autodl-tmp/ucl_eomt_per_image/driver_logs/bpd_dinov2_seed123_order.log
2487	2026-08-08 03:15:55.8321712390	/root/autodl-tmp/ucl_eomt_per_image/driver_logs/bpd_dinov2_seed123_fixed.log
2482	2026-08-08 03:16:06.0359769890	/root/autodl-tmp/ucl_eomt_per_image/driver_logs/bpd_dinov2_seed123_permutation.log
116	2026-08-08 03:16:11.5278724740	/root/autodl-tmp/ucl_eomt_per_image/driver_logs/bpd_dinov2_seed2024_order.log
2493	2026-08-08 03:16:22.7436591010	/root/autodl-tmp/ucl_eomt_per_image/driver_logs/bpd_dinov2_seed2024_fixed.log
2488	2026-08-08 03:16:34.2074411120	/root/autodl-tmp/ucl_eomt_per_image/driver_logs/bpd_dinov2_seed2024_permutation.log
116	2026-08-08 03:16:39.6673373230	/root/autodl-tmp/ucl_eomt_per_image/driver_logs/bpd_dinov2_seed3407_order.log
2493	2026-08-08 03:16:49.1231576280	/root/autodl-tmp/ucl_eomt_per_image/driver_logs/bpd_dinov2_seed3407_fixed.log
2487	2026-08-08 03:16:59.3789628040	/root/autodl-tmp/ucl_eomt_per_image/driver_logs/bpd_dinov2_seed3407_permutation.log
114	2026-08-08 04:20:13.3982707520	/root/autodl-tmp/ucl_eomt_per_image/driver_logs/bpd_dinov3_seed42_order.log
2457	2026-08-08 04:20:23.6779594960	/root/autodl-tmp/ucl_eomt_per_image/driver_logs/bpd_dinov3_seed42_fixed.log
2452	2026-08-08 04:20:35.8055956380	/root/autodl-tmp/ucl_eomt_per_image/driver_logs/bpd_dinov3_seed42_permutation.log
113	2026-08-08 04:20:42.5733941390	/root/autodl-tmp/ucl_eomt_per_image/driver_logs/bpd_dinov3_seed0_order.log
2451	2026-08-08 04:20:54.4530430670	/root/autodl-tmp/ucl_eomt_per_image/driver_logs/bpd_dinov3_seed0_fixed.log
2446	2026-08-08 04:21:07.1646710420	/root/autodl-tmp/ucl_eomt_per_image/driver_logs/bpd_dinov3_seed0_permutation.log
115	2026-08-08 04:21:13.6604823550	/root/autodl-tmp/ucl_eomt_per_image/driver_logs/bpd_dinov3_seed123_order.log
2463	2026-08-08 04:21:25.6801356980	/root/autodl-tmp/ucl_eomt_per_image/driver_logs/bpd_dinov3_seed123_fixed.log
2458	2026-08-08 04:21:37.8517878780	/root/autodl-tmp/ucl_eomt_per_image/driver_logs/bpd_dinov3_seed123_permutation.log
116	2026-08-08 04:21:44.8155903090	/root/autodl-tmp/ucl_eomt_per_image/driver_logs/bpd_dinov3_seed2024_order.log
2470	2026-08-08 04:21:55.6472850290	/root/autodl-tmp/ucl_eomt_per_image/driver_logs/bpd_dinov3_seed2024_fixed.log
2465	2026-08-08 04:22:07.8669435340	/root/autodl-tmp/ucl_eomt_per_image/driver_logs/bpd_dinov3_seed2024_permutation.log
116	2026-08-08 04:22:14.0467719800	/root/autodl-tmp/ucl_eomt_per_image/driver_logs/bpd_dinov3_seed3407_order.log
2469	2026-08-08 04:22:24.7944754290	/root/autodl-tmp/ucl_eomt_per_image/driver_logs/bpd_dinov3_seed3407_fixed.log
2464	2026-08-08 04:22:37.7901198540	/root/autodl-tmp/ucl_eomt_per_image/driver_logs/bpd_dinov3_seed3407_permutation.log
772	2026-08-02 15:52:00.2118990040	/root/autodl-tmp/ucl_eomt_per_image/ofd_dinov2/seed42/test_image_order.csv
6162	2026-08-02 15:52:10.5114989510	/root/autodl-tmp/ucl_eomt_per_image/ofd_dinov2/seed42/final_fixedchannel_per_image.csv
6162	2026-08-02 15:52:22.4030414130	/root/autodl-tmp/ucl_eomt_per_image/ofd_dinov2/seed42/final_swapmin_per_image.csv
772	2026-08-02 15:53:55.7555999490	/root/autodl-tmp/ucl_eomt_per_image/ofd_dinov2/seed0/test_image_order.csv
6165	2026-08-02 15:54:07.7551755080	/root/autodl-tmp/ucl_eomt_per_image/ofd_dinov2/seed0/final_fixedchannel_per_image.csv
6165	2026-08-02 15:54:20.3307347460	/root/autodl-tmp/ucl_eomt_per_image/ofd_dinov2/seed0/final_swapmin_per_image.csv
772	2026-08-02 15:54:27.5624831200	/root/autodl-tmp/ucl_eomt_per_image/ofd_dinov2/seed123/test_image_order.csv
6162	2026-08-02 15:54:39.0820850150	/root/autodl-tmp/ucl_eomt_per_image/ofd_dinov2/seed123/final_fixedchannel_per_image.csv
6162	2026-08-02 15:54:51.4096626200	/root/autodl-tmp/ucl_eomt_per_image/ofd_dinov2/seed123/final_swapmin_per_image.csv
772	2026-08-02 15:54:58.8374098850	/root/autodl-tmp/ucl_eomt_per_image/ofd_dinov2/seed2024/test_image_order.csv
6164	2026-08-02 15:55:11.0209981570	/root/autodl-tmp/ucl_eomt_per_image/ofd_dinov2/seed2024/final_fixedchannel_per_image.csv
6164	2026-08-02 15:55:24.1965567850	/root/autodl-tmp/ucl_eomt_per_image/ofd_dinov2/seed2024/final_swapmin_per_image.csv
772	2026-08-02 15:55:31.8243030580	/root/autodl-tmp/ucl_eomt_per_image/ofd_dinov2/seed3407/test_image_order.csv
6163	2026-08-02 15:55:44.0878978330	/root/autodl-tmp/ucl_eomt_per_image/ofd_dinov2/seed3407/final_fixedchannel_per_image.csv
6163	2026-08-02 15:55:56.7434830840	/root/autodl-tmp/ucl_eomt_per_image/ofd_dinov2/seed3407/final_swapmin_per_image.csv
772	2026-08-02 15:56:03.6472582700	/root/autodl-tmp/ucl_eomt_per_image/ofd_dinov3/seed42/test_image_order.csv
6163	2026-08-02 15:56:15.8668627850	/root/autodl-tmp/ucl_eomt_per_image/ofd_dinov3/seed42/final_fixedchannel_per_image.csv
6163	2026-08-02 15:56:28.3144630590	/root/autodl-tmp/ucl_eomt_per_image/ofd_dinov3/seed42/final_swapmin_per_image.csv
772	2026-08-02 15:56:35.7462258840	/root/autodl-tmp/ucl_eomt_per_image/ofd_dinov3/seed0/test_image_order.csv
6163	2026-08-02 15:56:48.0338361100	/root/autodl-tmp/ucl_eomt_per_image/ofd_dinov3/seed0/final_fixedchannel_per_image.csv
6163	2026-08-02 15:56:59.8454641670	/root/autodl-tmp/ucl_eomt_per_image/ofd_dinov3/seed0/final_swapmin_per_image.csv
772	2026-08-02 15:57:07.0452387350	/root/autodl-tmp/ucl_eomt_per_image/ofd_dinov3/seed123/test_image_order.csv
6164	2026-08-02 15:57:18.7328748210	/root/autodl-tmp/ucl_eomt_per_image/ofd_dinov3/seed123/final_fixedchannel_per_image.csv
6164	2026-08-02 15:57:30.0565245940	/root/autodl-tmp/ucl_eomt_per_image/ofd_dinov3/seed123/final_swapmin_per_image.csv
772	2026-08-02 15:57:37.6242918000	/root/autodl-tmp/ucl_eomt_per_image/ofd_dinov3/seed2024/test_image_order.csv
6163	2026-08-02 15:57:49.3239338590	/root/autodl-tmp/ucl_eomt_per_image/ofd_dinov3/seed2024/final_fixedchannel_per_image.csv
6163	2026-08-02 15:58:01.0835764260	/root/autodl-tmp/ucl_eomt_per_image/ofd_dinov3/seed2024/final_swapmin_per_image.csv
772	2026-08-02 15:58:08.5473507660	/root/autodl-tmp/ucl_eomt_per_image/ofd_dinov3/seed3407/test_image_order.csv
6163	2026-08-02 15:58:18.9030391760	/root/autodl-tmp/ucl_eomt_per_image/ofd_dinov3/seed3407/final_fixedchannel_per_image.csv
6163	2026-08-02 15:58:30.6706871930	/root/autodl-tmp/ucl_eomt_per_image/ofd_dinov3/seed3407/final_swapmin_per_image.csv
558	2026-08-02 15:58:37.6864783800	/root/autodl-tmp/ucl_eomt_per_image/apad_dinov2/seed42/test_image_order.csv
4561	2026-08-02 15:58:48.9661442520	/root/autodl-tmp/ucl_eomt_per_image/apad_dinov2/seed42/final_fixedchannel_per_image.csv
4561	2026-08-02 15:59:00.2258126400	/root/autodl-tmp/ucl_eomt_per_image/apad_dinov2/seed42/final_swapmin_per_image.csv
558	2026-08-02 15:59:07.6855939770	/root/autodl-tmp/ucl_eomt_per_image/apad_dinov2/seed0/test_image_order.csv
4560	2026-08-02 15:59:18.7612708170	/root/autodl-tmp/ucl_eomt_per_image/apad_dinov2/seed0/final_fixedchannel_per_image.csv
4560	2026-08-02 15:59:29.6969534610	/root/autodl-tmp/ucl_eomt_per_image/apad_dinov2/seed0/final_swapmin_per_image.csv
558	2026-08-02 15:59:37.0367414000	/root/autodl-tmp/ucl_eomt_per_image/apad_dinov2/seed123/test_image_order.csv
4561	2026-08-02 15:59:47.0324537940	/root/autodl-tmp/ucl_eomt_per_image/apad_dinov2/seed123/final_fixedchannel_per_image.csv
4561	2026-08-02 15:59:59.3121023230	/root/autodl-tmp/ucl_eomt_per_image/apad_dinov2/seed123/final_swapmin_per_image.csv
558	2026-08-02 16:00:06.7438905770	/root/autodl-tmp/ucl_eomt_per_image/apad_dinov2/seed2024/test_image_order.csv
4561	2026-08-02 16:00:17.9485424030	/root/autodl-tmp/ucl_eomt_per_image/apad_dinov2/seed2024/final_fixedchannel_per_image.csv
4561	2026-08-02 16:00:28.7936563920	/root/autodl-tmp/ucl_eomt_per_image/apad_dinov2/seed2024/final_swapmin_per_image.csv
558	2026-08-02 16:00:34.9845763630	/root/autodl-tmp/ucl_eomt_per_image/apad_dinov2/seed3407/test_image_order.csv
4559	2026-08-02 16:00:44.8132130450	/root/autodl-tmp/ucl_eomt_per_image/apad_dinov2/seed3407/final_fixedchannel_per_image.csv
4559	2026-08-02 16:00:57.4190970090	/root/autodl-tmp/ucl_eomt_per_image/apad_dinov2/seed3407/final_swapmin_per_image.csv
558	2026-08-02 16:01:04.7870937720	/root/autodl-tmp/ucl_eomt_per_image/apad_dinov3/seed42/test_image_order.csv
4560	2026-08-02 16:01:14.7468181660	/root/autodl-tmp/ucl_eomt_per_image/apad_dinov3/seed42/final_fixedchannel_per_image.csv
4560	2026-08-02 16:01:26.8304852970	/root/autodl-tmp/ucl_eomt_per_image/apad_dinov3/seed42/final_swapmin_per_image.csv
558	2026-08-02 16:01:34.0302877410	/root/autodl-tmp/ucl_eomt_per_image/apad_dinov3/seed0/test_image_order.csv
4561	2026-08-02 16:01:44.7259953060	/root/autodl-tmp/ucl_eomt_per_image/apad_dinov3/seed0/final_fixedchannel_per_image.csv
4561	2026-08-02 16:01:55.3377063820	/root/autodl-tmp/ucl_eomt_per_image/apad_dinov3/seed0/final_swapmin_per_image.csv
558	2026-08-02 16:02:01.4575402970	/root/autodl-tmp/ucl_eomt_per_image/apad_dinov3/seed123/test_image_order.csv
4561	2026-08-02 16:02:11.4132709430	/root/autodl-tmp/ucl_eomt_per_image/apad_dinov3/seed123/final_fixedchannel_per_image.csv
4561	2026-08-02 16:02:22.0649838750	/root/autodl-tmp/ucl_eomt_per_image/apad_dinov3/seed123/final_swapmin_per_image.csv
558	2026-08-02 16:02:29.4887844720	/root/autodl-tmp/ucl_eomt_per_image/apad_dinov3/seed2024/test_image_order.csv
4558	2026-08-02 16:02:39.8565069010	/root/autodl-tmp/ucl_eomt_per_image/apad_dinov3/seed2024/final_fixedchannel_per_image.csv
4558	2026-08-02 16:02:50.5722211050	/root/autodl-tmp/ucl_eomt_per_image/apad_dinov3/seed2024/final_swapmin_per_image.csv
558	2026-08-02 16:02:56.9520514650	/root/autodl-tmp/ucl_eomt_per_image/apad_dinov3/seed3407/test_image_order.csv
4558	2026-08-02 16:03:06.6477943810	/root/autodl-tmp/ucl_eomt_per_image/apad_dinov3/seed3407/final_fixedchannel_per_image.csv
4558	2026-08-02 16:03:17.4075100920	/root/autodl-tmp/ucl_eomt_per_image/apad_dinov3/seed3407/final_swapmin_per_image.csv
558	2026-08-02 16:03:24.8113150740	/root/autodl-tmp/ucl_eomt_per_image/tad_dinov2/seed42/test_image_order.csv
4551	2026-08-02 16:03:34.2350675520	/root/autodl-tmp/ucl_eomt_per_image/tad_dinov2/seed42/final_fixedchannel_per_image.csv
4549	2026-08-02 16:03:46.0147592280	/root/autodl-tmp/ucl_eomt_per_image/tad_dinov2/seed42/final_swapmin_per_image.csv
558	2026-08-02 16:03:53.8705542650	/root/autodl-tmp/ucl_eomt_per_image/tad_dinov2/seed0/test_image_order.csv
4557	2026-08-02 16:04:06.4462272260	/root/autodl-tmp/ucl_eomt_per_image/tad_dinov2/seed0/final_fixedchannel_per_image.csv
4553	2026-08-02 16:04:19.5938866880	/root/autodl-tmp/ucl_eomt_per_image/tad_dinov2/seed0/final_swapmin_per_image.csv
558	2026-08-02 16:04:26.5617067710	/root/autodl-tmp/ucl_eomt_per_image/tad_dinov2/seed123/test_image_order.csv
4554	2026-08-02 16:04:38.0654105630	/root/autodl-tmp/ucl_eomt_per_image/tad_dinov2/seed123/final_fixedchannel_per_image.csv
4550	2026-08-02 16:04:51.0770767480	/root/autodl-tmp/ucl_eomt_per_image/tad_dinov2/seed123/final_swapmin_per_image.csv
558	2026-08-02 16:04:58.2768925810	/root/autodl-tmp/ucl_eomt_per_image/tad_dinov2/seed2024/test_image_order.csv
4555	2026-08-02 16:05:10.5485795530	/root/autodl-tmp/ucl_eomt_per_image/tad_dinov2/seed2024/final_fixedchannel_per_image.csv
4555	2026-08-02 16:05:23.4802508600	/root/autodl-tmp/ucl_eomt_per_image/tad_dinov2/seed2024/final_swapmin_per_image.csv
558	2026-08-02 16:05:31.3480514550	/root/autodl-tmp/ucl_eomt_per_image/tad_dinov2/seed3407/test_image_order.csv
4553	2026-08-02 16:05:43.5957418900	/root/autodl-tmp/ucl_eomt_per_image/tad_dinov2/seed3407/final_fixedchannel_per_image.csv
4553	2026-08-02 16:05:56.2314235760	/root/autodl-tmp/ucl_eomt_per_image/tad_dinov2/seed3407/final_swapmin_per_image.csv
558	2026-08-02 16:06:03.8232328320	/root/autodl-tmp/ucl_eomt_per_image/tad_dinov3/seed42/test_image_order.csv
4547	2026-08-02 16:06:15.6029376040	/root/autodl-tmp/ucl_eomt_per_image/tad_dinov3/seed42/final_fixedchannel_per_image.csv
4547	2026-08-02 16:06:28.5026153110	/root/autodl-tmp/ucl_eomt_per_image/tad_dinov3/seed42/final_swapmin_per_image.csv
558	2026-08-02 16:06:36.3344201400	/root/autodl-tmp/ucl_eomt_per_image/tad_dinov3/seed0/test_image_order.csv
4550	2026-08-02 16:06:48.3541213270	/root/autodl-tmp/ucl_eomt_per_image/tad_dinov3/seed0/final_fixedchannel_per_image.csv
4550	2026-08-02 16:07:01.2178024810	/root/autodl-tmp/ucl_eomt_per_image/tad_dinov3/seed0/final_swapmin_per_image.csv
558	2026-08-02 16:07:07.8336388730	/root/autodl-tmp/ucl_eomt_per_image/tad_dinov3/seed123/test_image_order.csv
4550	2026-08-02 16:07:18.7853685860	/root/autodl-tmp/ucl_eomt_per_image/tad_dinov3/seed123/final_fixedchannel_per_image.csv
4550	2026-08-02 16:07:31.7370498030	/root/autodl-tmp/ucl_eomt_per_image/tad_dinov3/seed123/final_swapmin_per_image.csv
558	2026-08-02 16:07:39.4528603280	/root/autodl-tmp/ucl_eomt_per_image/tad_dinov3/seed2024/test_image_order.csv
4551	2026-08-02 16:07:49.5566126960	/root/autodl-tmp/ucl_eomt_per_image/tad_dinov3/seed2024/final_fixedchannel_per_image.csv
4551	2026-08-02 16:08:02.5082960490	/root/autodl-tmp/ucl_eomt_per_image/tad_dinov3/seed2024/final_swapmin_per_image.csv
558	2026-08-02 16:08:08.9521388290	/root/autodl-tmp/ucl_eomt_per_image/tad_dinov3/seed3407/test_image_order.csv
4551	2026-08-02 16:08:20.4678583860	/root/autodl-tmp/ucl_eomt_per_image/tad_dinov3/seed3407/final_fixedchannel_per_image.csv
4551	2026-08-02 16:08:31.0116021910	/root/autodl-tmp/ucl_eomt_per_image/tad_dinov3/seed3407/final_swapmin_per_image.csv
610	2026-08-02 16:08:38.0314319200	/root/autodl-tmp/ucl_eomt_per_image/fl_dinov2/seed42/test_image_order.csv
4911	2026-08-02 16:08:49.4711549470	/root/autodl-tmp/ucl_eomt_per_image/fl_dinov2/seed42/final_fixedchannel_per_image.csv
4911	2026-08-02 16:09:00.7348828330	/root/autodl-tmp/ucl_eomt_per_image/fl_dinov2/seed42/final_swapmin_per_image.csv
610	2026-08-02 16:09:08.5666939730	/root/autodl-tmp/ucl_eomt_per_image/fl_dinov2/seed0/test_image_order.csv
4911	2026-08-02 16:09:20.9783952340	/root/autodl-tmp/ucl_eomt_per_image/fl_dinov2/seed0/final_fixedchannel_per_image.csv
4911	2026-08-02 16:09:33.3900971750	/root/autodl-tmp/ucl_eomt_per_image/fl_dinov2/seed0/final_swapmin_per_image.csv
610	2026-08-02 16:09:40.7179215130	/root/autodl-tmp/ucl_eomt_per_image/fl_dinov2/seed123/test_image_order.csv
4911	2026-08-02 16:09:50.5496861820	/root/autodl-tmp/ucl_eomt_per_image/fl_dinov2/seed123/final_fixedchannel_per_image.csv
4911	2026-08-02 16:10:03.7373711560	/root/autodl-tmp/ucl_eomt_per_image/fl_dinov2/seed123/final_swapmin_per_image.csv
610	2026-08-02 16:10:11.4531871700	/root/autodl-tmp/ucl_eomt_per_image/fl_dinov2/seed2024/test_image_order.csv
4911	2026-08-02 16:10:22.8049169130	/root/autodl-tmp/ucl_eomt_per_image/fl_dinov2/seed2024/final_fixedchannel_per_image.csv
4911	2026-08-02 16:10:34.2446450700	/root/autodl-tmp/ucl_eomt_per_image/fl_dinov2/seed2024/final_swapmin_per_image.csv
610	2026-08-02 16:10:41.7524669340	/root/autodl-tmp/ucl_eomt_per_image/fl_dinov2/seed3407/test_image_order.csv
4911	2026-08-02 16:10:52.1642202450	/root/autodl-tmp/ucl_eomt_per_image/fl_dinov2/seed3407/final_fixedchannel_per_image.csv
4911	2026-08-02 16:11:02.8559673390	/root/autodl-tmp/ucl_eomt_per_image/fl_dinov2/seed3407/final_swapmin_per_image.csv
610	2026-08-02 16:30:17.1858504030	/root/autodl-tmp/ucl_eomt_per_image/fl_dinov3/seed42/test_image_order.csv
4911	2026-08-02 16:30:27.5019063750	/root/autodl-tmp/ucl_eomt_per_image/fl_dinov3/seed42/final_fixedchannel_per_image.csv
4911	2026-08-02 16:30:40.3059701580	/root/autodl-tmp/ucl_eomt_per_image/fl_dinov3/seed42/final_swapmin_per_image.csv
610	2026-08-02 16:30:48.0060055460	/root/autodl-tmp/ucl_eomt_per_image/fl_dinov3/seed0/test_image_order.csv
4911	2026-08-02 16:30:59.2780533890	/root/autodl-tmp/ucl_eomt_per_image/fl_dinov3/seed0/final_fixedchannel_per_image.csv
4911	2026-08-02 16:31:12.5661038960	/root/autodl-tmp/ucl_eomt_per_image/fl_dinov3/seed0/final_swapmin_per_image.csv
610	2026-08-02 16:31:20.1381298850	/root/autodl-tmp/ucl_eomt_per_image/fl_dinov3/seed123/test_image_order.csv
4911	2026-08-02 16:31:31.4861651060	/root/autodl-tmp/ucl_eomt_per_image/fl_dinov3/seed123/final_fixedchannel_per_image.csv
4911	2026-08-02 16:31:41.7181931100	/root/autodl-tmp/ucl_eomt_per_image/fl_dinov3/seed123/final_swapmin_per_image.csv
610	2026-08-02 16:31:49.4302119080	/root/autodl-tmp/ucl_eomt_per_image/fl_dinov3/seed2024/test_image_order.csv
4911	2026-08-02 16:32:00.7422359600	/root/autodl-tmp/ucl_eomt_per_image/fl_dinov3/seed2024/final_fixedchannel_per_image.csv
4911	2026-08-02 16:32:10.9782541840	/root/autodl-tmp/ucl_eomt_per_image/fl_dinov3/seed2024/final_swapmin_per_image.csv
610	2026-08-02 16:32:17.1702636000	/root/autodl-tmp/ucl_eomt_per_image/fl_dinov3/seed3407/test_image_order.csv
4911	2026-08-02 16:32:28.7822780610	/root/autodl-tmp/ucl_eomt_per_image/fl_dinov3/seed3407/final_fixedchannel_per_image.csv
4911	2026-08-02 16:32:39.5782878270	/root/autodl-tmp/ucl_eomt_per_image/fl_dinov3/seed3407/final_swapmin_per_image.csv
1652	2026-08-02 16:32:41.1942889900	/root/autodl-tmp/ucl_eomt_per_image/ucl_eomt_per_image_results.tsv
772	2026-08-08 03:13:32.2589142440	/root/autodl-tmp/ucl_eomt_per_image/bpd_dinov2/seed42/test_image_order.csv
6164	2026-08-08 03:13:42.8027121180	/root/autodl-tmp/ucl_eomt_per_image/bpd_dinov2/seed42/final_fixedchannel_per_image.csv
6161	2026-08-08 03:14:24.0259229700	/root/autodl-tmp/ucl_eomt_per_image/bpd_dinov2/seed42/final_swapmin_per_image.csv
772	2026-08-08 03:15:14.6129568080	/root/autodl-tmp/ucl_eomt_per_image/bpd_dinov2/seed0/test_image_order.csv
6171	2026-08-08 03:15:26.7967244570	/root/autodl-tmp/ucl_eomt_per_image/bpd_dinov2/seed0/final_fixedchannel_per_image.csv
6166	2026-08-08 03:15:38.3365045020	/root/autodl-tmp/ucl_eomt_per_image/bpd_dinov2/seed0/final_swapmin_per_image.csv
772	2026-08-08 03:15:44.5203866810	/root/autodl-tmp/ucl_eomt_per_image/bpd_dinov2/seed123/test_image_order.csv
6167	2026-08-08 03:15:55.6761742100	/root/autodl-tmp/ucl_eomt_per_image/bpd_dinov2/seed123/final_fixedchannel_per_image.csv
6163	2026-08-08 03:16:05.8719801100	/root/autodl-tmp/ucl_eomt_per_image/bpd_dinov2/seed123/final_swapmin_per_image.csv
772	2026-08-08 03:16:11.5278724740	/root/autodl-tmp/ucl_eomt_per_image/bpd_dinov2/seed2024/test_image_order.csv
6166	2026-08-08 03:16:22.5916619920	/root/autodl-tmp/ucl_eomt_per_image/bpd_dinov2/seed2024/final_fixedchannel_per_image.csv
6164	2026-08-08 03:16:34.0354443810	/root/autodl-tmp/ucl_eomt_per_image/bpd_dinov2/seed2024/final_swapmin_per_image.csv
772	2026-08-08 03:16:39.6673373230	/root/autodl-tmp/ucl_eomt_per_image/bpd_dinov2/seed3407/test_image_order.csv
6166	2026-08-08 03:16:48.9831602890	/root/autodl-tmp/ucl_eomt_per_image/bpd_dinov2/seed3407/final_fixedchannel_per_image.csv
6162	2026-08-08 03:16:59.2149659190	/root/autodl-tmp/ucl_eomt_per_image/bpd_dinov2/seed3407/final_swapmin_per_image.csv
772	2026-08-08 04:20:13.3982707520	/root/autodl-tmp/ucl_eomt_per_image/bpd_dinov3/seed42/test_image_order.csv
6163	2026-08-08 04:20:23.5179643210	/root/autodl-tmp/ucl_eomt_per_image/bpd_dinov3/seed42/final_fixedchannel_per_image.csv
6161	2026-08-08 04:20:35.6336007750	/root/autodl-tmp/ucl_eomt_per_image/bpd_dinov3/seed42/final_swapmin_per_image.csv
772	2026-08-08 04:20:42.5733941390	/root/autodl-tmp/ucl_eomt_per_image/bpd_dinov3/seed0/test_image_order.csv
6167	2026-08-08 04:20:54.2690484800	/root/autodl-tmp/ucl_eomt_per_image/bpd_dinov3/seed0/final_fixedchannel_per_image.csv
6165	2026-08-08 04:21:06.9806763980	/root/autodl-tmp/ucl_eomt_per_image/bpd_dinov3/seed0/final_swapmin_per_image.csv
772	2026-08-08 04:21:13.6604823550	/root/autodl-tmp/ucl_eomt_per_image/bpd_dinov3/seed123/test_image_order.csv
6167	2026-08-08 04:21:25.4921410960	/root/autodl-tmp/ucl_eomt_per_image/bpd_dinov3/seed123/final_fixedchannel_per_image.csv
6164	2026-08-08 04:21:37.6837926580	/root/autodl-tmp/ucl_eomt_per_image/bpd_dinov3/seed123/final_swapmin_per_image.csv
772	2026-08-08 04:21:44.8155903090	/root/autodl-tmp/ucl_eomt_per_image/bpd_dinov3/seed2024/test_image_order.csv
6168	2026-08-08 04:21:55.4712899700	/root/autodl-tmp/ucl_eomt_per_image/bpd_dinov3/seed2024/final_fixedchannel_per_image.csv
6162	2026-08-08 04:22:07.6949483200	/root/autodl-tmp/ucl_eomt_per_image/bpd_dinov3/seed2024/final_swapmin_per_image.csv
772	2026-08-08 04:22:14.0467719800	/root/autodl-tmp/ucl_eomt_per_image/bpd_dinov3/seed3407/test_image_order.csv
6170	2026-08-08 04:22:24.6104804870	/root/autodl-tmp/ucl_eomt_per_image/bpd_dinov3/seed3407/final_fixedchannel_per_image.csv
6165	2026-08-08 04:22:37.6021249770	/root/autodl-tmp/ucl_eomt_per_image/bpd_dinov3/seed3407/final_swapmin_per_image.csv
1664	2024-05-01 04:56:11.5386853210	/root/autodl-tmp/conda_pkgs/bzip2-1.0.8-h5eee18b_6/info/recipe/conda_build_config.yaml
2705	2024-05-01 04:56:11.5346853730	/root/autodl-tmp/conda_pkgs/bzip2-1.0.8-h5eee18b_6/info/recipe/meta.yaml
550	2026-03-12 02:57:19.5053164950	/root/autodl-tmp/conda_pkgs/ld_impl_linux-64-2.44-h9e0c5a2_3/info/recipe/parent/conda_build_config.yaml
6240	2026-03-12 02:57:19.5053164950	/root/autodl-tmp/conda_pkgs/ld_impl_linux-64-2.44-h9e0c5a2_3/info/recipe/parent/meta.yaml
2161	2026-03-12 02:59:24.3863217830	/root/autodl-tmp/conda_pkgs/ld_impl_linux-64-2.44-h9e0c5a2_3/info/recipe/meta.yaml
669	2026-03-12 02:59:24.3873217100	/root/autodl-tmp/conda_pkgs/ld_impl_linux-64-2.44-h9e0c5a2_3/info/recipe/conda_build_config.yaml
2000	2026-05-20 00:48:40.6051340100	/root/autodl-tmp/conda_pkgs/libgcc-15.2.0-h69a1729_8/info/recipe/parent/conda_build_config.yaml
31397	2026-05-20 00:48:40.6051340100	/root/autodl-tmp/conda_pkgs/libgcc-15.2.0-h69a1729_8/info/recipe/parent/meta.yaml
874	2026-05-20 01:46:57.9687178130	/root/autodl-tmp/conda_pkgs/libgcc-15.2.0-h69a1729_8/info/recipe/conda_build_config.yaml
1919	2026-05-20 01:46:57.9677178850	/root/autodl-tmp/conda_pkgs/libgcc-15.2.0-h69a1729_8/info/recipe/meta.yaml
2800	2025-08-06 21:07:33.9115347860	/root/autodl-tmp/conda_pkgs/readline-8.3-hc2a1206_0/info/recipe/meta.yaml
6476	2025-08-06 21:07:33.9275343410	/root/autodl-tmp/conda_pkgs/readline-8.3-hc2a1206_0/info/recipe/conda_build_config.yaml
591	2026-03-03 22:33:01.6501908300	/root/autodl-tmp/conda_pkgs/xz-5.8.2-h448239c_0/info/recipe/conda_build_config.yaml
2856	2026-03-03 22:33:01.6491909020	/root/autodl-tmp/conda_pkgs/xz-5.8.2-h448239c_0/info/recipe/meta.yaml
4146	2025-08-15 15:45:07.1386306280	/root/autodl-tmp/conda_pkgs/tk-8.6.15-h54e0aa7_0/info/recipe/meta.yaml
6471	2025-08-15 15:45:07.1546304220	/root/autodl-tmp/conda_pkgs/tk-8.6.15-h54e0aa7_0/info/recipe/conda_build_config.yaml
3641	2026-08-05 18:22:05.1579220290	/root/autodl-tmp/conda_pkgs/packaging-26.1-py310h06a4308_0/info/recipe/meta.yaml
504	2026-08-05 18:22:05.1599221220	/root/autodl-tmp/conda_pkgs/packaging-26.1-py310h06a4308_0/info/recipe/conda_build_config.yaml
504	2026-07-14 21:26:33.0487182140	/root/autodl-tmp/conda_pkgs/setuptools-83.0.0-py310h06a4308_0/info/recipe/conda_build_config.yaml
2533	2026-07-14 21:26:33.0467183580	/root/autodl-tmp/conda_pkgs/setuptools-83.0.0-py310h06a4308_0/info/recipe/meta.yaml
151	2026-07-14 21:26:28.3777356140	/root/autodl-tmp/conda_pkgs/setuptools-83.0.0-py310h06a4308_0/lib/python3.10/site-packages/distutils-precedence.pth
584	2026-06-10 03:57:45.5380177490	/root/autodl-tmp/conda_pkgs/openssl-3.5.7-h1b28b03_0/info/recipe/conda_build_config.yaml
3336	2026-06-10 03:57:45.5370175830	/root/autodl-tmp/conda_pkgs/openssl-3.5.7-h1b28b03_0/info/recipe/meta.yaml
3166	2026-06-30 19:06:11.4490287300	/root/autodl-tmp/conda_pkgs/libexpat-2.8.2-h7354ed3_1/info/recipe/parent/meta.yaml
614	2026-06-30 19:07:12.7153906820	/root/autodl-tmp/conda_pkgs/libexpat-2.8.2-h7354ed3_1/info/recipe/conda_build_config.yaml
2324	2026-06-30 19:07:12.7143907540	/root/autodl-tmp/conda_pkgs/libexpat-2.8.2-h7354ed3_1/info/recipe/meta.yaml
2000	2026-05-20 00:48:40.6051340100	/root/autodl-tmp/conda_pkgs/libstdcxx-15.2.0-h39759b7_8/info/recipe/parent/conda_build_config.yaml
31397	2026-05-20 00:48:40.6051340100	/root/autodl-tmp/conda_pkgs/libstdcxx-15.2.0-h39759b7_8/info/recipe/parent/meta.yaml
874	2026-05-20 01:47:10.8097608080	/root/autodl-tmp/conda_pkgs/libstdcxx-15.2.0-h39759b7_8/info/recipe/conda_build_config.yaml
1741	2026-05-20 01:47:10.8087608810	/root/autodl-tmp/conda_pkgs/libstdcxx-15.2.0-h39759b7_8/info/recipe/meta.yaml
2737	2026-06-17 00:59:58.8095095150	/root/autodl-tmp/conda_pkgs/libffi-3.4.8-h06d3fd0_3/info/recipe/meta.yaml
617	2026-06-17 00:59:58.8105094430	/root/autodl-tmp/conda_pkgs/libffi-3.4.8-h06d3fd0_3/info/recipe/conda_build_config.yaml
1836	2025-04-30 22:10:11.5013561240	/root/autodl-tmp/conda_pkgs/libxcb-1.17.0-h9b100fa_0/info/recipe/conda_build_config.yaml
4212	2025-04-30 22:10:11.4973561760	/root/autodl-tmp/conda_pkgs/libxcb-1.17.0-h9b100fa_0/info/recipe/meta.yaml
2753	2025-07-31 15:38:07.6664123530	/root/autodl-tmp/conda_pkgs/ncurses-6.5-h7934f7d_0/info/recipe/meta.yaml
6471	2025-07-31 15:38:07.6784121990	/root/autodl-tmp/conda_pkgs/ncurses-6.5-h7934f7d_0/info/recipe/conda_build_config.yaml
534	2026-06-24 17:36:15.0793321130	/root/autodl-tmp/conda_pkgs/pip-26.1.2-pyhc872135_0/info/recipe/conda_build_config.yaml
2620	2026-06-24 17:36:15.0783321850	/root/autodl-tmp/conda_pkgs/pip-26.1.2-pyhc872135_0/info/recipe/meta.yaml
1832	2025-04-30 04:31:48.0095849030	/root/autodl-tmp/conda_pkgs/xorg-libxau-1.0.12-h9b100fa_0/info/recipe/conda_build_config.yaml
2205	2025-04-30 04:31:48.0055849550	/root/autodl-tmp/conda_pkgs/xorg-libxau-1.0.12-h9b100fa_0/info/recipe/meta.yaml
1365	2026-05-19 03:05:07.9688186640	/root/autodl-tmp/conda_pkgs/_openmp_mutex-5.1-52_gnu/info/recipe/meta.yaml
586	2026-05-19 03:05:07.9698188300	/root/autodl-tmp/conda_pkgs/_openmp_mutex-5.1-52_gnu/info/recipe/conda_build_config.yaml
456	2019-07-02 04:07:54.0000000000	/root/autodl-tmp/conda_pkgs/_libgcc_mutex-0.1-main/info/recipe/meta.yaml
2029	2019-07-02 04:07:54.0000000000	/root/autodl-tmp/conda_pkgs/_libgcc_mutex-0.1-main/info/recipe/conda_build_config.yaml
2257	2026-07-24 20:39:54.5381312370	/root/autodl-tmp/conda_pkgs/pthread-stubs-0.3-h47b2149_2/info/recipe/meta.yaml
574	2026-07-24 20:39:54.5391311640	/root/autodl-tmp/conda_pkgs/pthread-stubs-0.3-h47b2149_2/info/recipe/conda_build_config.yaml
759	2026-06-11 23:26:21.8608667850	/root/autodl-tmp/conda_pkgs/python-3.10.20-h17756b0_1/info/recipe/conda_build_config.yaml
561	2026-06-11 23:10:36.7524080270	/root/autodl-tmp/conda_pkgs/python-3.10.20-h17756b0_1/info/recipe/parent/.circleci/config.yml
193	2026-06-11 23:10:36.7654080390	/root/autodl-tmp/conda_pkgs/python-3.10.20-h17756b0_1/info/recipe/parent/conda_build_config.yaml
15095	2026-06-11 23:10:36.7664079660	/root/autodl-tmp/conda_pkgs/python-3.10.20-h17756b0_1/info/recipe/parent/meta.yaml
7523	2026-06-11 23:26:21.8598668570	/root/autodl-tmp/conda_pkgs/python-3.10.20-h17756b0_1/info/recipe/meta.yaml
3238	2026-06-27 00:58:37.4952361580	/root/autodl-tmp/conda_pkgs/xorg-xorgproto-2024.1-h47b2149_2/info/recipe/meta.yaml
574	2026-06-27 00:58:37.4972362510	/root/autodl-tmp/conda_pkgs/xorg-xorgproto-2024.1-h47b2149_2/info/recipe/conda_build_config.yaml
1837	2025-05-01 22:33:40.6731877320	/root/autodl-tmp/conda_pkgs/xorg-libx11-1.8.12-h9b100fa_1/info/recipe/conda_build_config.yaml
3105	2025-05-01 22:33:40.6691877840	/root/autodl-tmp/conda_pkgs/xorg-libx11-1.8.12-h9b100fa_1/info/recipe/meta.yaml
2576	2026-07-13 21:14:20.2424259180	/root/autodl-tmp/conda_pkgs/tzdata-2026c-he532380_0/info/recipe/meta.yaml
761	2026-07-13 21:14:20.2433514590	/root/autodl-tmp/conda_pkgs/tzdata-2026c-he532380_0/info/recipe/conda_build_config.yaml
504	2026-07-20 16:42:45.0099844930	/root/autodl-tmp/conda_pkgs/ca-certificates-2026.7.16-h06a4308_0/info/recipe/conda_build_config.yaml
1381	2026-07-20 16:42:45.0089843270	/root/autodl-tmp/conda_pkgs/ca-certificates-2026.7.16-h06a4308_0/info/recipe/meta.yaml
2925	2026-06-11 22:04:05.4480221270	/root/autodl-tmp/conda_pkgs/sqlite-3.53.2-h795bf6d_0/info/recipe/meta.yaml
623	2026-06-11 22:04:05.4490222930	/root/autodl-tmp/conda_pkgs/sqlite-3.53.2-h795bf6d_0/info/recipe/conda_build_config.yaml
50	2026-06-09 07:50:40.3382511130	/root/autodl-tmp/conda_pkgs/zlib-1.3.2-h47b2149_0/info/recipe/parent/conda_build_config.yaml
4717	2026-06-09 07:50:40.3382511130	/root/autodl-tmp/conda_pkgs/zlib-1.3.2-h47b2149_0/info/recipe/parent/meta.yaml
2175	2026-06-09 07:51:38.0756909840	/root/autodl-tmp/conda_pkgs/zlib-1.3.2-h47b2149_0/info/recipe/meta.yaml
584	2026-06-09 07:51:38.0766909120	/root/autodl-tmp/conda_pkgs/zlib-1.3.2-h47b2149_0/info/recipe/conda_build_config.yaml
50	2026-06-09 07:50:40.3382511130	/root/autodl-tmp/conda_pkgs/libzlib-1.3.2-h47b2149_0/info/recipe/parent/conda_build_config.yaml
4717	2026-06-09 07:50:40.3382511130	/root/autodl-tmp/conda_pkgs/libzlib-1.3.2-h47b2149_0/info/recipe/parent/meta.yaml
2130	2026-06-09 07:51:36.2827363010	/root/autodl-tmp/conda_pkgs/libzlib-1.3.2-h47b2149_0/info/recipe/meta.yaml
584	2026-06-09 07:51:36.2837362280	/root/autodl-tmp/conda_pkgs/libzlib-1.3.2-h47b2149_0/info/recipe/conda_build_config.yaml
504	2026-06-17 18:07:07.1664233200	/root/autodl-tmp/conda_pkgs/wheel-0.47.0-py310h06a4308_0/info/recipe/conda_build_config.yaml
2645	2026-06-17 18:07:07.1654233930	/root/autodl-tmp/conda_pkgs/wheel-0.47.0-py310h06a4308_0/info/recipe/meta.yaml
2000	2026-05-20 00:48:40.6051340100	/root/autodl-tmp/conda_pkgs/libgcc-ng-15.2.0-h166f726_8/info/recipe/parent/conda_build_config.yaml
31397	2026-05-20 00:48:40.6051340100	/root/autodl-tmp/conda_pkgs/libgcc-ng-15.2.0-h166f726_8/info/recipe/parent/meta.yaml
874	2026-05-20 01:47:00.1657252310	/root/autodl-tmp/conda_pkgs/libgcc-ng-15.2.0-h166f726_8/info/recipe/conda_build_config.yaml
1514	2026-05-20 01:47:00.1647253030	/root/autodl-tmp/conda_pkgs/libgcc-ng-15.2.0-h166f726_8/info/recipe/meta.yaml
1649	2022-10-28 00:03:37.0000000000	/root/autodl-tmp/conda_pkgs/libnsl-2.0.0-h5eee18b_0/info/recipe/conda_build_config.yaml
2096	2022-10-28 00:03:37.0000000000	/root/autodl-tmp/conda_pkgs/libnsl-2.0.0-h5eee18b_0/info/recipe/meta.yaml
1837	2025-04-30 13:51:19.5159740440	/root/autodl-tmp/conda_pkgs/xorg-libxdmcp-1.1.5-h9b100fa_0/info/recipe/conda_build_config.yaml
2410	2025-04-30 13:51:19.5119740960	/root/autodl-tmp/conda_pkgs/xorg-libxdmcp-1.1.5-h9b100fa_0/info/recipe/meta.yaml
1646	2022-11-10 20:18:49.0000000000	/root/autodl-tmp/conda_pkgs/libuuid-1.41.5-h5eee18b_0/info/recipe/conda_build_config.yaml
2447	2022-11-10 20:18:49.0000000000	/root/autodl-tmp/conda_pkgs/libuuid-1.41.5-h5eee18b_0/info/recipe/meta.yaml
34438482	2026-08-07 07:37:25.2348202640	/root/autodl-tmp/rtmpose_pretrained/cspnext-s_udp-aic-coco_210e-256x192-92f5a029_20230130.pth
151	2026-08-07 08:29:25.9067072980	/root/autodl-tmp/rtmpose_env/lib/python3.10/site-packages/distutils-precedence.pth
563373	2026-08-07 07:25:57.3441050740	/root/autodl-tmp/rtmpose_env/lib/python3.10/site-packages/torchgen/packaged/ATen/native/native_functions.yaml
2700	2026-08-07 07:25:57.3441050740	/root/autodl-tmp/rtmpose_env/lib/python3.10/site-packages/torchgen/packaged/ATen/native/tags.yaml
6250	2026-08-07 07:25:57.3481050440	/root/autodl-tmp/rtmpose_env/lib/python3.10/site-packages/torchgen/packaged/autograd/deprecated.yaml
170326	2026-08-07 07:25:57.3521050150	/root/autodl-tmp/rtmpose_env/lib/python3.10/site-packages/torchgen/packaged/autograd/derivatives.yaml
2447	2026-08-07 07:28:00.2312448680	/root/autodl-tmp/rtmpose_env/lib/python3.10/site-packages/markdown_it/port.yaml
475	2026-08-07 07:28:22.3590961480	/root/autodl-tmp/rtmpose_env/lib/python3.10/site-packages/mmdet/.mim/dataset-index.yml
3388	2026-08-07 07:28:22.3590961480	/root/autodl-tmp/rtmpose_env/lib/python3.10/site-packages/mmdet/.mim/model-index.yml
551	2026-08-07 07:28:22.3630961220	/root/autodl-tmp/rtmpose_env/lib/python3.10/site-packages/mmdet/.mim/configs/albu_example/metafile.yml
1772	2026-08-07 07:28:22.3630961220	/root/autodl-tmp/rtmpose_env/lib/python3.10/site-packages/mmdet/.mim/configs/atss/metafile.yml
1060	2026-08-07 07:28:22.3630961220	/root/autodl-tmp/rtmpose_env/lib/python3.10/site-packages/mmdet/.mim/configs/autoassign/metafile.yml
1631	2026-08-07 07:28:22.3670960950	/root/autodl-tmp/rtmpose_env/lib/python3.10/site-packages/mmdet/.mim/configs/boxinst/metafile.yml
2124	2026-08-07 07:28:22.3670960950	/root/autodl-tmp/rtmpose_env/lib/python3.10/site-packages/mmdet/.mim/configs/bytetrack/metafile.yml
1757	2026-08-07 07:28:22.3670960950	/root/autodl-tmp/rtmpose_env/lib/python3.10/site-packages/mmdet/.mim/configs/carafe/metafile.yml
18943	2026-08-07 07:28:22.3710960680	/root/autodl-tmp/rtmpose_env/lib/python3.10/site-packages/mmdet/.mim/configs/cascade_rcnn/metafile.yml
1553	2026-08-07 07:28:22.3710960680	/root/autodl-tmp/rtmpose_env/lib/python3.10/site-packages/mmdet/.mim/configs/cascade_rpn/metafile.yml
2060	2026-08-07 07:28:22.3710960680	/root/autodl-tmp/rtmpose_env/lib/python3.10/site-packages/mmdet/.mim/configs/centernet/metafile.yml
1357	2026-08-07 07:28:22.3710960680	/root/autodl-tmp/rtmpose_env/lib/python3.10/site-packages/mmdet/.mim/configs/centripetalnet/metafile.yml
963	2026-08-07 07:28:22.3750960420	/root/autodl-tmp/rtmpose_env/lib/python3.10/site-packages/mmdet/.mim/configs/condinst/metafile.yml
1097	2026-08-07 07:28:22.3750960420	/root/autodl-tmp/rtmpose_env/lib/python3.10/site-packages/mmdet/.mim/configs/conditional_detr/metafile.yml
3484	2026-08-07 07:28:22.3750960420	/root/autodl-tmp/rtmpose_env/lib/python3.10/site-packages/mmdet/.mim/configs/convnext/metafile.yml
2823	2026-08-07 07:28:22.3750960420	/root/autodl-tmp/rtmpose_env/lib/python3.10/site-packages/mmdet/.mim/configs/cornernet/metafile.yml
1634	2026-08-07 07:28:22.3750960420	/root/autodl-tmp/rtmpose_env/lib/python3.10/site-packages/mmdet/.mim/configs/crowddet/metafile.yml
1029	2026-08-07 07:28:22.3750960420	/root/autodl-tmp/rtmpose_env/lib/python3.10/site-packages/mmdet/.mim/configs/dab_detr/metafile.yml
9290	2026-08-07 07:28:22.3790960150	/root/autodl-tmp/rtmpose_env/lib/python3.10/site-packages/mmdet/.mim/configs/dcn/metafile.yml
4212	2026-08-07 07:28:22.3790960150	/root/autodl-tmp/rtmpose_env/lib/python3.10/site-packages/mmdet/.mim/configs/dcnv2/metafile.yml
951	2026-08-07 07:28:22.3790960150	/root/autodl-tmp/rtmpose_env/lib/python3.10/site-packages/mmdet/.mim/configs/ddod/metafile.yml
1710	2026-08-07 07:28:22.3790960150	/root/autodl-tmp/rtmpose_env/lib/python3.10/site-packages/mmdet/.mim/configs/ddq/metafile.yml
1209	2026-08-07 07:28:22.3790960150	/root/autodl-tmp/rtmpose_env/lib/python3.10/site-packages/mmdet/.mim/configs/deepsort/metafile.yml
2120	2026-08-07 07:28:22.3790960150	/root/autodl-tmp/rtmpose_env/lib/python3.10/site-packages/mmdet/.mim/configs/deformable_detr/metafile.yml
3568	2026-08-07 07:28:22.3830959880	/root/autodl-tmp/rtmpose_env/lib/python3.10/site-packages/mmdet/.mim/configs/detectors/metafile.yml
975	2026-08-07 07:28:22.3830959880	/root/autodl-tmp/rtmpose_env/lib/python3.10/site-packages/mmdet/.mim/configs/detr/metafile.yml
2758	2026-08-07 07:28:22.3830959880	/root/autodl-tmp/rtmpose_env/lib/python3.10/site-packages/mmdet/.mim/configs/dino/metafile.yml
1359	2026-08-07 07:28:22.3830959880	/root/autodl-tmp/rtmpose_env/lib/python3.10/site-packages/mmdet/.mim/configs/double_heads/metafile.yml
2463	2026-08-07 07:28:22.3830959880	/root/autodl-tmp/rtmpose_env/lib/python3.10/site-packages/mmdet/.mim/configs/dyhead/metafile.yml
1083	2026-08-07 07:28:22.3830959880	/root/autodl-tmp/rtmpose_env/lib/python3.10/site-packages/mmdet/.mim/configs/dynamic_rcnn/metafile.yml
816	2026-08-07 07:28:22.3870959610	/root/autodl-tmp/rtmpose_env/lib/python3.10/site-packages/mmdet/.mim/configs/efficientnet/metafile.yml
3569	2026-08-07 07:28:22.3870959610	/root/autodl-tmp/rtmpose_env/lib/python3.10/site-packages/mmdet/.mim/configs/empirical_attention/metafile.yml
16081	2026-08-07 07:28:22.3910959350	/root/autodl-tmp/rtmpose_env/lib/python3.10/site-packages/mmdet/.mim/configs/faster_rcnn/metafile.yml
5094	2026-08-07 07:28:22.3910959350	/root/autodl-tmp/rtmpose_env/lib/python3.10/site-packages/mmdet/.mim/configs/fcos/metafile.yml
5678	2026-08-07 07:28:22.3950959080	/root/autodl-tmp/rtmpose_env/lib/python3.10/site-packages/mmdet/.mim/configs/foveabox/metafile.yml
3717	2026-08-07 07:28:22.3950959080	/root/autodl-tmp/rtmpose_env/lib/python3.10/site-packages/mmdet/.mim/configs/fpg/metafile.yml
2582	2026-08-07 07:28:22.3950959080	/root/autodl-tmp/rtmpose_env/lib/python3.10/site-packages/mmdet/.mim/configs/free_anchor/metafile.yml
2342	2026-08-07 07:28:22.3950959080	/root/autodl-tmp/rtmpose_env/lib/python3.10/site-packages/mmdet/.mim/configs/fsaf/metafile.yml
15228	2026-08-07 07:28:22.3990958810	/root/autodl-tmp/rtmpose_env/lib/python3.10/site-packages/mmdet/.mim/configs/gcnet/metafile.yml
4350	2026-08-07 07:28:22.3990958810	/root/autodl-tmp/rtmpose_env/lib/python3.10/site-packages/mmdet/.mim/configs/gfl/metafile.yml
3103	2026-08-07 07:28:22.3990958810	/root/autodl-tmp/rtmpose_env/lib/python3.10/site-packages/mmdet/.mim/configs/ghm/metafile.yml
4711	2026-08-07 07:28:22.3990958810	/root/autodl-tmp/rtmpose_env/lib/python3.10/site-packages/mmdet/.mim/configs/glip/metafile.yml
5088	2026-08-07 07:28:22.4030958550	/root/autodl-tmp/rtmpose_env/lib/python3.10/site-packages/mmdet/.mim/configs/gn/metafile.yml
9025	2026-08-07 07:28:22.4030958550	/root/autodl-tmp/rtmpose_env/lib/python3.10/site-packages/mmdet/.mim/configs/gn+ws/metafile.yml
3242	2026-08-07 07:28:22.4030958550	/root/autodl-tmp/rtmpose_env/lib/python3.10/site-packages/mmdet/.mim/configs/grid_rcnn/metafile.yml
3311	2026-08-07 07:28:22.4030958550	/root/autodl-tmp/rtmpose_env/lib/python3.10/site-packages/mmdet/.mim/configs/groie/metafile.yml
2732	2026-08-07 07:28:22.4070958280	/root/autodl-tmp/rtmpose_env/lib/python3.10/site-packages/mmdet/.mim/configs/grounding_dino/metafile.yml
8336	2026-08-07 07:28:22.4070958280	/root/autodl-tmp/rtmpose_env/lib/python3.10/site-packages/mmdet/.mim/configs/guided_anchoring/metafile.yml
32447	2026-08-07 07:28:22.4110958010	/root/autodl-tmp/rtmpose_env/lib/python3.10/site-packages/mmdet/.mim/configs/hrnet/metafile.yml
4920	2026-08-07 07:28:22.4150957750	/root/autodl-tmp/rtmpose_env/lib/python3.10/site-packages/mmdet/.mim/configs/htc/metafile.yml
3340	2026-08-07 07:28:22.4150957750	/root/autodl-tmp/rtmpose_env/lib/python3.10/site-packages/mmdet/.mim/configs/instaboost/metafile.yml
1542	2026-08-07 07:28:22.4150957750	/root/autodl-tmp/rtmpose_env/lib/python3.10/site-packages/mmdet/.mim/configs/lad/metafile.yml
2435	2026-08-07 07:28:22.4150957750	/root/autodl-tmp/rtmpose_env/lib/python3.10/site-packages/mmdet/.mim/configs/ld/metafile.yml
3246	2026-08-07 07:28:22.4150957750	/root/autodl-tmp/rtmpose_env/lib/python3.10/site-packages/mmdet/.mim/configs/libra_rcnn/metafile.yml
4711	2026-08-07 07:28:22.4190957480	/root/autodl-tmp/rtmpose_env/lib/python3.10/site-packages/mmdet/.mim/configs/lvis/metafile.yml
7761	2026-08-07 07:28:22.4190957480	/root/autodl-tmp/rtmpose_env/lib/python3.10/site-packages/mmdet/.mim/configs/mask2former/metafile.yml
2106	2026-08-07 07:28:22.4190957480	/root/autodl-tmp/rtmpose_env/lib/python3.10/site-packages/mmdet/.mim/configs/mask2former_vis/metafile.yml
14620	2026-08-07 07:28:22.4230957210	/root/autodl-tmp/rtmpose_env/lib/python3.10/site-packages/mmdet/.mim/configs/mask_rcnn/metafile.yml
1536	2026-08-07 07:28:22.4230957210	/root/autodl-tmp/rtmpose_env/lib/python3.10/site-packages/mmdet/.mim/configs/maskformer/metafile.yml
3926	2026-08-07 07:28:22.4270956940	/root/autodl-tmp/rtmpose_env/lib/python3.10/site-packages/mmdet/.mim/configs/masktrack_rcnn/metafile.yml
5102	2026-08-07 07:28:22.4270956940	/root/autodl-tmp/rtmpose_env/lib/python3.10/site-packages/mmdet/.mim/configs/ms_rcnn/metafile.yml
1589	2026-08-07 07:28:22.4270956940	/root/autodl-tmp/rtmpose_env/lib/python3.10/site-packages/mmdet/.mim/configs/nas_fcos/metafile.yml
1869	2026-08-07 07:28:22.4270956940	/root/autodl-tmp/rtmpose_env/lib/python3.10/site-packages/mmdet/.mim/configs/nas_fpn/metafile.yml
3500	2026-08-07 07:28:22.4270956940	/root/autodl-tmp/rtmpose_env/lib/python3.10/site-packages/mmdet/.mim/configs/objects365/metafile.yml
930	2026-08-07 07:28:22.4270956940	/root/autodl-tmp/rtmpose_env/lib/python3.10/site-packages/mmdet/.mim/configs/ocsort/metafile.yml
3894	2026-08-07 07:28:22.4310956680	/root/autodl-tmp/rtmpose_env/lib/python3.10/site-packages/mmdet/.mim/configs/openimages/metafile.yml
3459	2026-08-07 07:28:22.4310956680	/root/autodl-tmp/rtmpose_env/lib/python3.10/site-packages/mmdet/.mim/configs/paa/metafile.yml
1165	2026-08-07 07:28:22.4310956680	/root/autodl-tmp/rtmpose_env/lib/python3.10/site-packages/mmdet/.mim/configs/pafpn/metafile.yml
2428	2026-08-07 07:28:22.4310956680	/root/autodl-tmp/rtmpose_env/lib/python3.10/site-packages/mmdet/.mim/configs/panoptic_fpn/metafile.yml
3459	2026-08-07 07:28:22.4310956680	/root/autodl-tmp/rtmpose_env/lib/python3.10/site-packages/mmdet/.mim/configs/pisa/metafile.yml
1732	2026-08-07 07:28:22.4350956410	/root/autodl-tmp/rtmpose_env/lib/python3.10/site-packages/mmdet/.mim/configs/point_rend/metafile.yml
8674	2026-08-07 07:28:22.4350956410	/root/autodl-tmp/rtmpose_env/lib/python3.10/site-packages/mmdet/.mim/configs/pvt/metafile.yml
974	2026-08-07 07:28:22.4350956410	/root/autodl-tmp/rtmpose_env/lib/python3.10/site-packages/mmdet/.mim/configs/qdtrack/metafile.yml
3528	2026-08-07 07:28:22.4350956410	/root/autodl-tmp/rtmpose_env/lib/python3.10/site-packages/mmdet/.mim/configs/queryinst/metafile.yml
27463	2026-08-07 07:28:22.4390956140	/root/autodl-tmp/rtmpose_env/lib/python3.10/site-packages/mmdet/.mim/configs/regnet/metafile.yml
6311	2026-08-07 07:28:22.4390956140	/root/autodl-tmp/rtmpose_env/lib/python3.10/site-packages/mmdet/.mim/configs/reppoints/metafile.yml
4958	2026-08-07 07:28:22.4430955880	/root/autodl-tmp/rtmpose_env/lib/python3.10/site-packages/mmdet/.mim/configs/res2net/metafile.yml
8668	2026-08-07 07:28:22.4430955880	/root/autodl-tmp/rtmpose_env/lib/python3.10/site-packages/mmdet/.mim/configs/resnest/metafile.yml
4288	2026-08-07 07:28:22.4430955880	/root/autodl-tmp/rtmpose_env/lib/python3.10/site-packages/mmdet/.mim/configs/resnet_strikes_back/metafile.yml
10332	2026-08-07 07:28:22.4430955880	/root/autodl-tmp/rtmpose_env/lib/python3.10/site-packages/mmdet/.mim/configs/retinanet/metafile.yml
4070	2026-08-07 07:28:22.4470955610	/root/autodl-tmp/rtmpose_env/lib/python3.10/site-packages/mmdet/.mim/configs/rpn/metafile.yml
6100	2026-08-07 07:28:22.4470955610	/root/autodl-tmp/rtmpose_env/lib/python3.10/site-packages/mmdet/.mim/configs/rtmdet/metafile.yml
4809	2026-08-07 07:28:22.4510955340	/root/autodl-tmp/rtmpose_env/lib/python3.10/site-packages/mmdet/.mim/configs/sabl/metafile.yml
3359	2026-08-07 07:28:22.4510955340	/root/autodl-tmp/rtmpose_env/lib/python3.10/site-packages/mmdet/.mim/configs/scnet/metafile.yml
1707	2026-08-07 07:28:22.4510955340	/root/autodl-tmp/rtmpose_env/lib/python3.10/site-packages/mmdet/.mim/configs/scratch/metafile.yml
7709	2026-08-07 07:28:22.4550955070	/root/autodl-tmp/rtmpose_env/lib/python3.10/site-packages/mmdet/.mim/configs/seesaw_loss/metafile.yml
3574	2026-08-07 07:28:22.4550955070	/root/autodl-tmp/rtmpose_env/lib/python3.10/site-packages/mmdet/.mim/configs/simple_copy_paste/metafile.yml
2861	2026-08-07 07:28:22.4550955070	/root/autodl-tmp/rtmpose_env/lib/python3.10/site-packages/mmdet/.mim/configs/soft_teacher/metafile.yml
3420	2026-08-07 07:28:22.4550955070	/root/autodl-tmp/rtmpose_env/lib/python3.10/site-packages/mmdet/.mim/configs/solo/metafile.yml
3054	2026-08-07 07:28:22.4590954810	/root/autodl-tmp/rtmpose_env/lib/python3.10/site-packages/mmdet/.mim/configs/solov2/metafile.yml
1050	2026-08-07 07:28:22.4590954810	/root/autodl-tmp/rtmpose_env/lib/python3.10/site-packages/mmdet/.mim/configs/sort/metafile.yml
3113	2026-08-07 07:28:22.4590954810	/root/autodl-tmp/rtmpose_env/lib/python3.10/site-packages/mmdet/.mim/configs/sparse_rcnn/metafile.yml
2289	2026-08-07 07:28:22.4590954810	/root/autodl-tmp/rtmpose_env/lib/python3.10/site-packages/mmdet/.mim/configs/ssd/metafile.yml
668	2026-08-07 07:28:22.4630954540	/root/autodl-tmp/rtmpose_env/lib/python3.10/site-packages/mmdet/.mim/configs/strong_baselines/metafile.yml
1988	2026-08-07 07:28:22.4630954540	/root/autodl-tmp/rtmpose_env/lib/python3.10/site-packages/mmdet/.mim/configs/strongsort/metafile.yml
4297	2026-08-07 07:28:22.4630954540	/root/autodl-tmp/rtmpose_env/lib/python3.10/site-packages/mmdet/.mim/configs/swin/metafile.yml
3166	2026-08-07 07:28:22.4630954540	/root/autodl-tmp/rtmpose_env/lib/python3.10/site-packages/mmdet/.mim/configs/tood/metafile.yml
1901	2026-08-07 07:28:22.4630954540	/root/autodl-tmp/rtmpose_env/lib/python3.10/site-packages/mmdet/.mim/configs/tridentnet/metafile.yml
4015	2026-08-07 07:28:22.4670954280	/root/autodl-tmp/rtmpose_env/lib/python3.10/site-packages/mmdet/.mim/configs/vfnet/metafile.yml
2371	2026-08-07 07:28:22.4670954280	/root/autodl-tmp/rtmpose_env/lib/python3.10/site-packages/mmdet/.mim/configs/yolact/metafile.yml
4014	2026-08-07 07:28:22.4670954280	/root/autodl-tmp/rtmpose_env/lib/python3.10/site-packages/mmdet/.mim/configs/yolo/metafile.yml
960	2026-08-07 07:28:22.4710954000	/root/autodl-tmp/rtmpose_env/lib/python3.10/site-packages/mmdet/.mim/configs/yolof/metafile.yml
2261	2026-08-07 07:28:22.4710954000	/root/autodl-tmp/rtmpose_env/lib/python3.10/site-packages/mmdet/.mim/configs/yolox/metafile.yml
83	2026-08-07 07:35:53.0403507990	/root/autodl-tmp/rtmpose_env/lib/python3.10/site-packages/__editable__.mmpose-1.3.2.pth
1277	2026-08-07 07:31:20.4099551430	/root/autodl-tmp/mmpose-v1.3.2/.circleci/config.yml
6264	2026-08-07 07:31:20.4099551430	/root/autodl-tmp/mmpose-v1.3.2/.circleci/test.yml
3414	2026-08-07 07:31:20.4099551430	/root/autodl-tmp/mmpose-v1.3.2/.github/ISSUE_TEMPLATE/1-bug-report.yml
1399	2026-08-07 07:31:20.4099551430	/root/autodl-tmp/mmpose-v1.3.2/.github/ISSUE_TEMPLATE/2-feature_request.yml
1265	2026-08-07 07:31:20.4099551430	/root/autodl-tmp/mmpose-v1.3.2/.github/ISSUE_TEMPLATE/3-documentation.yml
314	2026-08-07 07:31:20.4099551430	/root/autodl-tmp/mmpose-v1.3.2/.github/ISSUE_TEMPLATE/config.yml
560	2026-08-07 07:31:20.4099551430	/root/autodl-tmp/mmpose-v1.3.2/.github/workflows/deploy.yml
725	2026-08-07 07:31:20.4099551430	/root/autodl-tmp/mmpose-v1.3.2/.github/workflows/lint.yml
8169	2026-08-07 07:31:20.4099551430	/root/autodl-tmp/mmpose-v1.3.2/.github/workflows/merge_stage_test.yml
7377	2026-08-07 07:31:20.4099551430	/root/autodl-tmp/mmpose-v1.3.2/.github/workflows/pr_stage_test.yml
251	2026-08-07 07:31:20.4139551180	/root/autodl-tmp/mmpose-v1.3.2/.owners.yml
1504	2026-08-07 07:31:20.4139551180	/root/autodl-tmp/mmpose-v1.3.2/.pre-commit-config.yaml
561	2026-08-07 07:31:20.4219550680	/root/autodl-tmp/mmpose-v1.3.2/configs/animal_2d_keypoint/rtmpose/ap10k/rtmpose_ap10k.yml
3944	2026-08-07 07:31:20.4219550680	/root/autodl-tmp/mmpose-v1.3.2/configs/animal_2d_keypoint/topdown_heatmap/ak/hrnet_animalkingdom.yml
1104	2026-08-07 07:31:20.4219550680	/root/autodl-tmp/mmpose-v1.3.2/configs/animal_2d_keypoint/topdown_heatmap/animalpose/hrnet_animalpose.yml
1676	2026-08-07 07:31:20.4219550680	/root/autodl-tmp/mmpose-v1.3.2/configs/animal_2d_keypoint/topdown_heatmap/animalpose/resnet_animalpose.yml
565	2026-08-07 07:31:20.4219550680	/root/autodl-tmp/mmpose-v1.3.2/configs/animal_2d_keypoint/topdown_heatmap/ap10k/cspnext_udp_ap10k.yml
1052	2026-08-07 07:31:20.4219550680	/root/autodl-tmp/mmpose-v1.3.2/configs/animal_2d_keypoint/topdown_heatmap/ap10k/hrnet_ap10k.yml
1079	2026-08-07 07:31:20.4219550680	/root/autodl-tmp/mmpose-v1.3.2/configs/animal_2d_keypoint/topdown_heatmap/ap10k/resnet_ap10k.yml
1511	2026-08-07 07:31:20.4219550680	/root/autodl-tmp/mmpose-v1.3.2/configs/animal_2d_keypoint/topdown_heatmap/locust/resnet_locust.yml
1565	2026-08-07 07:31:20.4219550680	/root/autodl-tmp/mmpose-v1.3.2/configs/animal_2d_keypoint/topdown_heatmap/zebra/resnet_zebra.yml
789	2026-08-07 07:31:20.4259550440	/root/autodl-tmp/mmpose-v1.3.2/configs/body_2d_keypoint/associative_embedding/coco/hrnet_coco.yml
1419	2026-08-07 07:31:20.4259550440	/root/autodl-tmp/mmpose-v1.3.2/configs/body_2d_keypoint/cid/coco/hrnet_coco.yml
1318	2026-08-07 07:31:20.4259550440	/root/autodl-tmp/mmpose-v1.3.2/configs/body_2d_keypoint/dekr/coco/hrnet_coco.yml
1183	2026-08-07 07:31:20.4259550440	/root/autodl-tmp/mmpose-v1.3.2/configs/body_2d_keypoint/dekr/crowdpose/hrnet_crowdpose.yml
801	2026-08-07 07:31:20.4259550440	/root/autodl-tmp/mmpose-v1.3.2/configs/body_2d_keypoint/edpose/coco/edpose_coco.yml
922	2026-08-07 07:31:20.4259550440	/root/autodl-tmp/mmpose-v1.3.2/configs/body_2d_keypoint/integral_regression/coco/resnet_debias_coco.yml
829	2026-08-07 07:31:20.4259550440	/root/autodl-tmp/mmpose-v1.3.2/configs/body_2d_keypoint/integral_regression/coco/resnet_dsnt_coco.yml
771	2026-08-07 07:31:20.4259550440	/root/autodl-tmp/mmpose-v1.3.2/configs/body_2d_keypoint/integral_regression/coco/resnet_ipr_coco.yml
2095	2026-08-07 07:31:20.4259550440	/root/autodl-tmp/mmpose-v1.3.2/configs/body_2d_keypoint/rtmo/body7/rtmo_body7.yml
1763	2026-08-07 07:31:20.4259550440	/root/autodl-tmp/mmpose-v1.3.2/configs/body_2d_keypoint/rtmo/coco/rtmo_coco.yml
2191	2026-08-07 07:31:20.4299550190	/root/autodl-tmp/mmpose-v1.3.2/configs/body_2d_keypoint/rtmo/crowdpose/rtmo_crowdpose.yml
3221	2026-08-07 07:31:20.4299550190	/root/autodl-tmp/mmpose-v1.3.2/configs/body_2d_keypoint/rtmpose/body8/rtmpose_body8-coco.yml
3818	2026-08-07 07:31:20.4299550190	/root/autodl-tmp/mmpose-v1.3.2/configs/body_2d_keypoint/rtmpose/body8/rtmpose_body8-halpe26.yml
5541	2026-08-07 07:31:20.4299550190	/root/autodl-tmp/mmpose-v1.3.2/configs/body_2d_keypoint/rtmpose/coco/rtmpose_coco.yml
579	2026-08-07 07:31:20.4299550190	/root/autodl-tmp/mmpose-v1.3.2/configs/body_2d_keypoint/rtmpose/crowdpose/rtmpose_crowdpose.yml
3646	2026-08-07 07:31:20.4299550190	/root/autodl-tmp/mmpose-v1.3.2/configs/body_2d_keypoint/rtmpose/humanart/rtmpose_humanart.yml
476	2026-08-07 07:31:20.4299550190	/root/autodl-tmp/mmpose-v1.3.2/configs/body_2d_keypoint/rtmpose/mpii/rtmpose_mpii.yml
598	2026-08-07 07:31:20.4339549930	/root/autodl-tmp/mmpose-v1.3.2/configs/body_2d_keypoint/simcc/coco/mobilenetv2_coco.yml
1314	2026-08-07 07:31:20.4339549930	/root/autodl-tmp/mmpose-v1.3.2/configs/body_2d_keypoint/simcc/coco/resnet_coco.yml
564	2026-08-07 07:31:20.4339549930	/root/autodl-tmp/mmpose-v1.3.2/configs/body_2d_keypoint/simcc/coco/vipnas_coco.yml
529	2026-08-07 07:31:20.4339549930	/root/autodl-tmp/mmpose-v1.3.2/configs/body_2d_keypoint/topdown_heatmap/aic/hrnet_aic.yml
556	2026-08-07 07:31:20.4339549930	/root/autodl-tmp/mmpose-v1.3.2/configs/body_2d_keypoint/topdown_heatmap/aic/resnet_aic.yml
547	2026-08-07 07:31:20.4339549930	/root/autodl-tmp/mmpose-v1.3.2/configs/body_2d_keypoint/topdown_heatmap/coco/alexnet_coco.yml
1345	2026-08-07 07:31:20.4339549930	/root/autodl-tmp/mmpose-v1.3.2/configs/body_2d_keypoint/topdown_heatmap/coco/cpm_coco.yml
4301	2026-08-07 07:31:20.4339549930	/root/autodl-tmp/mmpose-v1.3.2/configs/body_2d_keypoint/topdown_heatmap/coco/cspnext_udp_coco.yml
1329	2026-08-07 07:31:20.4339549930	/root/autodl-tmp/mmpose-v1.3.2/configs/body_2d_keypoint/topdown_heatmap/coco/hourglass_coco.yml
2422	2026-08-07 07:31:20.4339549930	/root/autodl-tmp/mmpose-v1.3.2/configs/body_2d_keypoint/topdown_heatmap/coco/hrformer_coco.yml
1930	2026-08-07 07:31:20.4339549930	/root/autodl-tmp/mmpose-v1.3.2/configs/body_2d_keypoint/topdown_heatmap/coco/hrnet_augmentation_coco.yml
4331	2026-08-07 07:31:20.4339549930	/root/autodl-tmp/mmpose-v1.3.2/configs/body_2d_keypoint/topdown_heatmap/coco/hrnet_coco.yml
2659	2026-08-07 07:31:20.4339549930	/root/autodl-tmp/mmpose-v1.3.2/configs/body_2d_keypoint/topdown_heatmap/coco/hrnet_dark_coco.yml
3209	2026-08-07 07:31:20.4339549930	/root/autodl-tmp/mmpose-v1.3.2/configs/body_2d_keypoint/topdown_heatmap/coco/hrnet_udp_coco.yml
2334	2026-08-07 07:31:20.4339549930	/root/autodl-tmp/mmpose-v1.3.2/configs/body_2d_keypoint/topdown_heatmap/coco/litehrnet_coco.yml
1173	2026-08-07 07:31:20.4339549930	/root/autodl-tmp/mmpose-v1.3.2/configs/body_2d_keypoint/topdown_heatmap/coco/mobilenetv2_coco.yml
2240	2026-08-07 07:31:20.4339549930	/root/autodl-tmp/mmpose-v1.3.2/configs/body_2d_keypoint/topdown_heatmap/coco/mspn_coco.yml
1052	2026-08-07 07:31:20.4339549930	/root/autodl-tmp/mmpose-v1.3.2/configs/body_2d_keypoint/topdown_heatmap/coco/pvt_coco.yml
4177	2026-08-07 07:31:20.4339549930	/root/autodl-tmp/mmpose-v1.3.2/configs/body_2d_keypoint/topdown_heatmap/coco/resnest_coco.yml
4204	2026-08-07 07:31:20.4379549700	/root/autodl-tmp/mmpose-v1.3.2/configs/body_2d_keypoint/topdown_heatmap/coco/resnet_coco.yml
3373	2026-08-07 07:31:20.4379549700	/root/autodl-tmp/mmpose-v1.3.2/configs/body_2d_keypoint/topdown_heatmap/coco/resnet_dark_coco.yml
3427	2026-08-07 07:31:20.4379549700	/root/autodl-tmp/mmpose-v1.3.2/configs/body_2d_keypoint/topdown_heatmap/coco/resnetv1d_coco.yml
3141	2026-08-07 07:31:20.4379549700	/root/autodl-tmp/mmpose-v1.3.2/configs/body_2d_keypoint/topdown_heatmap/coco/resnext_coco.yml
2427	2026-08-07 07:31:20.4379549700	/root/autodl-tmp/mmpose-v1.3.2/configs/body_2d_keypoint/topdown_heatmap/coco/rsn_coco.yml
2052	2026-08-07 07:31:20.4379549700	/root/autodl-tmp/mmpose-v1.3.2/configs/body_2d_keypoint/topdown_heatmap/coco/scnet_coco.yml
3146	2026-08-07 07:31:20.4379549700	/root/autodl-tmp/mmpose-v1.3.2/configs/body_2d_keypoint/topdown_heatmap/coco/seresnet_coco.yml
1180	2026-08-07 07:31:20.4379549700	/root/autodl-tmp/mmpose-v1.3.2/configs/body_2d_keypoint/topdown_heatmap/coco/shufflenetv1_coco.yml
1179	2026-08-07 07:31:20.4379549700	/root/autodl-tmp/mmpose-v1.3.2/configs/body_2d_keypoint/topdown_heatmap/coco/shufflenetv2_coco.yml
3167	2026-08-07 07:31:20.4379549700	/root/autodl-tmp/mmpose-v1.3.2/configs/body_2d_keypoint/topdown_heatmap/coco/swin_coco.yml
541	2026-08-07 07:31:20.4419549450	/root/autodl-tmp/mmpose-v1.3.2/configs/body_2d_keypoint/topdown_heatmap/coco/vgg_coco.yml
1383	2026-08-07 07:31:20.4419549450	/root/autodl-tmp/mmpose-v1.3.2/configs/body_2d_keypoint/topdown_heatmap/coco/vipnas_coco.yml
5188	2026-08-07 07:31:20.4419549450	/root/autodl-tmp/mmpose-v1.3.2/configs/body_2d_keypoint/topdown_heatmap/coco/vitpose_coco.yml
597	2026-08-07 07:31:20.4419549450	/root/autodl-tmp/mmpose-v1.3.2/configs/body_2d_keypoint/topdown_heatmap/crowdpose/cspnext_udp_crowdpose.yml
568	2026-08-07 07:31:20.4419549450	/root/autodl-tmp/mmpose-v1.3.2/configs/body_2d_keypoint/topdown_heatmap/crowdpose/hrnet_crowdpose.yml
2275	2026-08-07 07:31:20.4419549450	/root/autodl-tmp/mmpose-v1.3.2/configs/body_2d_keypoint/topdown_heatmap/crowdpose/resnet_crowdpose.yml
565	2026-08-07 07:31:20.4419549450	/root/autodl-tmp/mmpose-v1.3.2/configs/body_2d_keypoint/topdown_heatmap/exlpose/hrnet_exlpose.yml
2182	2026-08-07 07:31:20.4419549450	/root/autodl-tmp/mmpose-v1.3.2/configs/body_2d_keypoint/topdown_heatmap/humanart/hrnet_humanart.yml
4048	2026-08-07 07:31:20.4459549210	/root/autodl-tmp/mmpose-v1.3.2/configs/body_2d_keypoint/topdown_heatmap/humanart/vitpose_humanart.yml
3292	2026-08-07 07:31:20.4459549210	/root/autodl-tmp/mmpose-v1.3.2/configs/body_2d_keypoint/topdown_heatmap/jhmdb/cpm_jhmdb.yml
6896	2026-08-07 07:31:20.4459549210	/root/autodl-tmp/mmpose-v1.3.2/configs/body_2d_keypoint/topdown_heatmap/jhmdb/resnet_jhmdb.yml
438	2026-08-07 07:31:20.4459549210	/root/autodl-tmp/mmpose-v1.3.2/configs/body_2d_keypoint/topdown_heatmap/mpii/cpm_mpii.yml
492	2026-08-07 07:31:20.4459549210	/root/autodl-tmp/mmpose-v1.3.2/configs/body_2d_keypoint/topdown_heatmap/mpii/cspnext_udp_mpii.yml
950	2026-08-07 07:31:20.4459549210	/root/autodl-tmp/mmpose-v1.3.2/configs/body_2d_keypoint/topdown_heatmap/mpii/hourglass_mpii.yml
968	2026-08-07 07:31:20.4459549210	/root/autodl-tmp/mmpose-v1.3.2/configs/body_2d_keypoint/topdown_heatmap/mpii/hrnet_dark_mpii.yml
916	2026-08-07 07:31:20.4459549210	/root/autodl-tmp/mmpose-v1.3.2/configs/body_2d_keypoint/topdown_heatmap/mpii/hrnet_mpii.yml
953	2026-08-07 07:31:20.4459549210	/root/autodl-tmp/mmpose-v1.3.2/configs/body_2d_keypoint/topdown_heatmap/mpii/litehrnet_mpii.yml
514	2026-08-07 07:31:20.4459549210	/root/autodl-tmp/mmpose-v1.3.2/configs/body_2d_keypoint/topdown_heatmap/mpii/mobilenetv2_mpii.yml
1396	2026-08-07 07:31:20.4459549210	/root/autodl-tmp/mmpose-v1.3.2/configs/body_2d_keypoint/topdown_heatmap/mpii/resnet_mpii.yml
1460	2026-08-07 07:31:20.4459549210	/root/autodl-tmp/mmpose-v1.3.2/configs/body_2d_keypoint/topdown_heatmap/mpii/resnetv1d_mpii.yml
503	2026-08-07 07:31:20.4459549210	/root/autodl-tmp/mmpose-v1.3.2/configs/body_2d_keypoint/topdown_heatmap/mpii/resnext_mpii.yml
953	2026-08-07 07:31:20.4459549210	/root/autodl-tmp/mmpose-v1.3.2/configs/body_2d_keypoint/topdown_heatmap/mpii/scnet_mpii.yml
1450	2026-08-07 07:31:20.4459549210	/root/autodl-tmp/mmpose-v1.3.2/configs/body_2d_keypoint/topdown_heatmap/mpii/seresnet_mpii.yml
519	2026-08-07 07:31:20.4459549210	/root/autodl-tmp/mmpose-v1.3.2/configs/body_2d_keypoint/topdown_heatmap/mpii/shufflenetv1_mpii.yml
519	2026-08-07 07:31:20.4459549210	/root/autodl-tmp/mmpose-v1.3.2/configs/body_2d_keypoint/topdown_heatmap/mpii/shufflenetv2_mpii.yml
4674	2026-08-07 07:31:20.4459549210	/root/autodl-tmp/mmpose-v1.3.2/configs/body_2d_keypoint/topdown_heatmap/posetrack18/hrnet_posetrack18.yml
627	2026-08-07 07:31:20.4499548960	/root/autodl-tmp/mmpose-v1.3.2/configs/body_2d_keypoint/topdown_heatmap/posetrack18/resnet_posetrack18.yml
651	2026-08-07 07:31:20.4499548960	/root/autodl-tmp/mmpose-v1.3.2/configs/body_2d_keypoint/topdown_regression/coco/mobilenetv2_rle_coco.yml
1918	2026-08-07 07:31:20.4499548960	/root/autodl-tmp/mmpose-v1.3.2/configs/body_2d_keypoint/topdown_regression/coco/resnet_coco.yml
2982	2026-08-07 07:31:20.4499548960	/root/autodl-tmp/mmpose-v1.3.2/configs/body_2d_keypoint/topdown_regression/coco/resnet_rle_coco.yml
1409	2026-08-07 07:31:20.4499548960	/root/autodl-tmp/mmpose-v1.3.2/configs/body_2d_keypoint/topdown_regression/mpii/resnet_mpii.yml
503	2026-08-07 07:31:20.4499548960	/root/autodl-tmp/mmpose-v1.3.2/configs/body_2d_keypoint/topdown_regression/mpii/resnet_rle_mpii.yml
2357	2026-08-07 07:31:20.4499548960	/root/autodl-tmp/mmpose-v1.3.2/configs/body_2d_keypoint/yoloxpose/coco/yoloxpose_coco.yml
824	2026-08-07 07:31:20.4499548960	/root/autodl-tmp/mmpose-v1.3.2/configs/body_3d_keypoint/image_pose_lift/h36m/simplebaseline3d_h36m.yml
1515	2026-08-07 07:31:20.4499548960	/root/autodl-tmp/mmpose-v1.3.2/configs/body_3d_keypoint/motionbert/h36m/motionbert_h36m.yml
4072	2026-08-07 07:31:20.4499548960	/root/autodl-tmp/mmpose-v1.3.2/configs/body_3d_keypoint/video_pose_lift/h36m/videopose3d_h36m.yml
541	2026-08-07 07:31:20.4539548710	/root/autodl-tmp/mmpose-v1.3.2/configs/face_2d_keypoint/rtmpose/coco_wholebody_face/rtmpose_coco_wholebody_face.yml
1685	2026-08-07 07:31:20.4539548710	/root/autodl-tmp/mmpose-v1.3.2/configs/face_2d_keypoint/rtmpose/face6/rtmpose_face6.yml
466	2026-08-07 07:31:20.4539548710	/root/autodl-tmp/mmpose-v1.3.2/configs/face_2d_keypoint/rtmpose/lapa/rtmpose_lapa.yml
449	2026-08-07 07:31:20.4539548710	/root/autodl-tmp/mmpose-v1.3.2/configs/face_2d_keypoint/rtmpose/wflw/rtmpose_wflw.yml
793	2026-08-07 07:31:20.4539548710	/root/autodl-tmp/mmpose-v1.3.2/configs/face_2d_keypoint/topdown_heatmap/300w/hrnetv2_300w.yml
770	2026-08-07 07:31:20.4539548710	/root/autodl-tmp/mmpose-v1.3.2/configs/face_2d_keypoint/topdown_heatmap/300wlp/hrnetv2_300wlp.yml
473	2026-08-07 07:31:20.4539548710	/root/autodl-tmp/mmpose-v1.3.2/configs/face_2d_keypoint/topdown_heatmap/aflw/hrnetv2_aflw.yml
505	2026-08-07 07:31:20.4539548710	/root/autodl-tmp/mmpose-v1.3.2/configs/face_2d_keypoint/topdown_heatmap/aflw/hrnetv2_dark_aflw.yml
542	2026-08-07 07:31:20.4539548710	/root/autodl-tmp/mmpose-v1.3.2/configs/face_2d_keypoint/topdown_heatmap/coco_wholebody_face/hourglass_coco_wholebody_face.yml
536	2026-08-07 07:31:20.4539548710	/root/autodl-tmp/mmpose-v1.3.2/configs/face_2d_keypoint/topdown_heatmap/coco_wholebody_face/hrnetv2_coco_wholebody_face.yml
568	2026-08-07 07:31:20.4539548710	/root/autodl-tmp/mmpose-v1.3.2/configs/face_2d_keypoint/topdown_heatmap/coco_wholebody_face/hrnetv2_dark_coco_wholebody_face.yml
576	2026-08-07 07:31:20.4539548710	/root/autodl-tmp/mmpose-v1.3.2/configs/face_2d_keypoint/topdown_heatmap/coco_wholebody_face/mobilenetv2_coco_wholebody_face.yml
548	2026-08-07 07:31:20.4539548710	/root/autodl-tmp/mmpose-v1.3.2/configs/face_2d_keypoint/topdown_heatmap/coco_wholebody_face/resnet_coco_wholebody_face.yml
552	2026-08-07 07:31:20.4539548710	/root/autodl-tmp/mmpose-v1.3.2/configs/face_2d_keypoint/topdown_heatmap/coco_wholebody_face/scnet_coco_wholebody_face.yml
444	2026-08-07 07:31:20.4539548710	/root/autodl-tmp/mmpose-v1.3.2/configs/face_2d_keypoint/topdown_heatmap/cofw/hrnetv2_cofw.yml
637	2026-08-07 07:31:20.4539548710	/root/autodl-tmp/mmpose-v1.3.2/configs/face_2d_keypoint/topdown_heatmap/wflw/hrnetv2_awing_wflw.yml
628	2026-08-07 07:31:20.4539548710	/root/autodl-tmp/mmpose-v1.3.2/configs/face_2d_keypoint/topdown_heatmap/wflw/hrnetv2_dark_wflw.yml
596	2026-08-07 07:31:20.4539548710	/root/autodl-tmp/mmpose-v1.3.2/configs/face_2d_keypoint/topdown_heatmap/wflw/hrnetv2_wflw.yml
796	2026-08-07 07:31:20.4539548710	/root/autodl-tmp/mmpose-v1.3.2/configs/face_2d_keypoint/topdown_regression/wflw/resnet_softwingloss_wflw.yml
750	2026-08-07 07:31:20.4579548460	/root/autodl-tmp/mmpose-v1.3.2/configs/face_2d_keypoint/topdown_regression/wflw/resnet_wflw.yml
838	2026-08-07 07:31:20.4579548460	/root/autodl-tmp/mmpose-v1.3.2/configs/face_2d_keypoint/topdown_regression/wflw/resnet_wingloss_wflw.yml
1796	2026-08-07 07:31:20.4579548460	/root/autodl-tmp/mmpose-v1.3.2/configs/fashion_2d_keypoint/topdown_heatmap/deepfashion/hrnet_deepfashion.yml
1950	2026-08-07 07:31:20.4579548460	/root/autodl-tmp/mmpose-v1.3.2/configs/fashion_2d_keypoint/topdown_heatmap/deepfashion/resnet_deepfashion.yml
7252	2026-08-07 07:31:20.4579548460	/root/autodl-tmp/mmpose-v1.3.2/configs/fashion_2d_keypoint/topdown_heatmap/deepfashion2/res50_deepfasion2.yml
580	2026-08-07 07:31:20.4619548210	/root/autodl-tmp/mmpose-v1.3.2/configs/hand_2d_keypoint/rtmpose/coco_wholebody_hand/rtmpose_coco_wholebody_hand.yml
844	2026-08-07 07:31:20.4619548210	/root/autodl-tmp/mmpose-v1.3.2/configs/hand_2d_keypoint/rtmpose/hand5/rtmpose_hand5.yml
580	2026-08-07 07:31:20.4619548210	/root/autodl-tmp/mmpose-v1.3.2/configs/hand_2d_keypoint/topdown_heatmap/coco_wholebody_hand/hourglass_coco_wholebody_hand.yml
573	2026-08-07 07:31:20.4619548210	/root/autodl-tmp/mmpose-v1.3.2/configs/hand_2d_keypoint/topdown_heatmap/coco_wholebody_hand/hrnetv2_coco_wholebody_hand.yml
601	2026-08-07 07:31:20.4619548210	/root/autodl-tmp/mmpose-v1.3.2/configs/hand_2d_keypoint/topdown_heatmap/coco_wholebody_hand/hrnetv2_dark_coco_wholebody_hand.yml
585	2026-08-07 07:31:20.4619548210	/root/autodl-tmp/mmpose-v1.3.2/configs/hand_2d_keypoint/topdown_heatmap/coco_wholebody_hand/litehrnet_coco_wholebody_hand.yml
614	2026-08-07 07:31:20.4619548210	/root/autodl-tmp/mmpose-v1.3.2/configs/hand_2d_keypoint/topdown_heatmap/coco_wholebody_hand/mobilenetv2_coco_wholebody_hand.yml
584	2026-08-07 07:31:20.4619548210	/root/autodl-tmp/mmpose-v1.3.2/configs/hand_2d_keypoint/topdown_heatmap/coco_wholebody_hand/resnet_coco_wholebody_hand.yml
567	2026-08-07 07:31:20.4619548210	/root/autodl-tmp/mmpose-v1.3.2/configs/hand_2d_keypoint/topdown_heatmap/coco_wholebody_hand/scnet_coco_wholebody_hand.yml
526	2026-08-07 07:31:20.4619548210	/root/autodl-tmp/mmpose-v1.3.2/configs/hand_2d_keypoint/topdown_heatmap/freihand2d/resnet_freihand2d.yml
548	2026-08-07 07:31:20.4619548210	/root/autodl-tmp/mmpose-v1.3.2/configs/hand_2d_keypoint/topdown_heatmap/onehand10k/hrnetv2_dark_onehand10k.yml
520	2026-08-07 07:31:20.4619548210	/root/autodl-tmp/mmpose-v1.3.2/configs/hand_2d_keypoint/topdown_heatmap/onehand10k/hrnetv2_onehand10k.yml
534	2026-08-07 07:31:20.4619548210	/root/autodl-tmp/mmpose-v1.3.2/configs/hand_2d_keypoint/topdown_heatmap/onehand10k/hrnetv2_udp_onehand10k.yml
561	2026-08-07 07:31:20.4619548210	/root/autodl-tmp/mmpose-v1.3.2/configs/hand_2d_keypoint/topdown_heatmap/onehand10k/mobilenetv2_onehand10k.yml
533	2026-08-07 07:31:20.4619548210	/root/autodl-tmp/mmpose-v1.3.2/configs/hand_2d_keypoint/topdown_heatmap/onehand10k/resnet_onehand10k.yml
514	2026-08-07 07:31:20.4619548210	/root/autodl-tmp/mmpose-v1.3.2/configs/hand_2d_keypoint/topdown_heatmap/rhd2d/hrnetv2_dark_rhd2d.yml
486	2026-08-07 07:31:20.4619548210	/root/autodl-tmp/mmpose-v1.3.2/configs/hand_2d_keypoint/topdown_heatmap/rhd2d/hrnetv2_rhd2d.yml
501	2026-08-07 07:31:20.4619548210	/root/autodl-tmp/mmpose-v1.3.2/configs/hand_2d_keypoint/topdown_heatmap/rhd2d/hrnetv2_udp_rhd2d.yml
526	2026-08-07 07:31:20.4619548210	/root/autodl-tmp/mmpose-v1.3.2/configs/hand_2d_keypoint/topdown_heatmap/rhd2d/mobilenetv2_rhd2d.yml
498	2026-08-07 07:31:20.4619548210	/root/autodl-tmp/mmpose-v1.3.2/configs/hand_2d_keypoint/topdown_heatmap/rhd2d/resnet_rhd2d.yml
532	2026-08-07 07:31:20.4619548210	/root/autodl-tmp/mmpose-v1.3.2/configs/hand_2d_keypoint/topdown_regression/onehand10k/resnet_onehand10k.yml
498	2026-08-07 07:31:20.4659547980	/root/autodl-tmp/mmpose-v1.3.2/configs/hand_2d_keypoint/topdown_regression/rhd2d/resnet_rhd2d.yml
1146	2026-08-07 07:31:20.4659547980	/root/autodl-tmp/mmpose-v1.3.2/configs/hand_3d_keypoint/internet/interhand3d/internet_interhand3d.yml
3366	2026-08-07 07:31:20.4659547980	/root/autodl-tmp/mmpose-v1.3.2/configs/wholebody_2d_keypoint/rtmpose/cocktail14/rtmw_cocktail14.yml
2150	2026-08-07 07:31:20.4659547980	/root/autodl-tmp/mmpose-v1.3.2/configs/wholebody_2d_keypoint/rtmpose/coco-wholebody/rtmpose_coco-wholebody.yml
740	2026-08-07 07:31:20.4699547730	/root/autodl-tmp/mmpose-v1.3.2/configs/wholebody_2d_keypoint/topdown_heatmap/coco-wholebody/cspnext_udp_coco-wholebody.yml
2784	2026-08-07 07:31:20.4699547730	/root/autodl-tmp/mmpose-v1.3.2/configs/wholebody_2d_keypoint/topdown_heatmap/coco-wholebody/hrnet_coco-wholebody.yml
1453	2026-08-07 07:31:20.4699547730	/root/autodl-tmp/mmpose-v1.3.2/configs/wholebody_2d_keypoint/topdown_heatmap/coco-wholebody/hrnet_dark_coco-wholebody.yml
4182	2026-08-07 07:31:20.4699547730	/root/autodl-tmp/mmpose-v1.3.2/configs/wholebody_2d_keypoint/topdown_heatmap/coco-wholebody/resnet_coco-wholebody.yml
1414	2026-08-07 07:31:20.4699547730	/root/autodl-tmp/mmpose-v1.3.2/configs/wholebody_2d_keypoint/topdown_heatmap/coco-wholebody/vipnas_coco-wholebody.yml
1457	2026-08-07 07:31:20.4699547730	/root/autodl-tmp/mmpose-v1.3.2/configs/wholebody_2d_keypoint/topdown_heatmap/coco-wholebody/vipnas_dark_coco-wholebody.yml
721	2026-08-07 07:31:20.4699547730	/root/autodl-tmp/mmpose-v1.3.2/configs/wholebody_2d_keypoint/topdown_heatmap/ubody2d/hrnet_coco-wholebody.yml
1807	2026-08-07 07:31:20.4699547730	/root/autodl-tmp/mmpose-v1.3.2/dataset-index.yml
237	2026-08-07 07:31:20.5059545510	/root/autodl-tmp/mmpose-v1.3.2/docs/en/.readthedocs.yaml
240	2026-08-07 07:31:20.5179544770	/root/autodl-tmp/mmpose-v1.3.2/docs/zh_cn/.readthedocs.yaml
10513	2026-08-07 07:31:20.5499542800	/root/autodl-tmp/mmpose-v1.3.2/model-index.yml
3291	2026-08-07 07:41:40.6403388700	/root/autodl-tmp/rtmpose_reproduction/rtmpose_ucl_bpd_seed42_preflight.log
54794	2026-08-08 04:33:22.9312565120	/root/autodl-tmp/rtmpose_reproduction/UCL_BPD_seed42_SMOKETEST/20260808_043314/20260808_043314.log
65647102	2026-08-08 04:33:23.7552398140	/root/autodl-tmp/rtmpose_reproduction/UCL_BPD_seed42_SMOKETEST/epoch_1.pth
133502	2026-08-08 04:39:59.8955434310	/root/autodl-tmp/rtmpose_reproduction/UCL_BPD_seed42_canary/20260808_043518/20260808_043518.log
65855934	2026-08-08 04:40:00.8235260020	/root/autodl-tmp/rtmpose_reproduction/UCL_BPD_seed42_canary/epoch_200.pth
6921	2026-08-08 04:40:09.1953688670	/root/autodl-tmp/rtmpose_reproduction/UCL_BPD_seed42_canary_per_image.csv
2928	2026-08-07 08:36:55.7377340310	/root/autodl-tmp/endpoint_ordering_analysis/results/ucl_bpd_hrnet_per_image.csv
2910	2026-08-07 08:36:55.7497342000	/root/autodl-tmp/endpoint_ordering_analysis/results/ucl_ofd_hrnet_per_image.csv
2904	2026-08-07 08:36:55.8017349350	/root/autodl-tmp/endpoint_ordering_analysis/results/ucl_ofd_eomt_dinov2_per_image.csv
2904	2026-08-07 08:36:55.8177351610	/root/autodl-tmp/endpoint_ordering_analysis/results/ucl_ofd_eomt_dinov3_per_image.csv
2159	2026-08-07 08:36:55.8337353870	/root/autodl-tmp/endpoint_ordering_analysis/results/ucl_apad_hrnet_per_image.csv
2157	2026-08-07 08:36:55.8537356690	/root/autodl-tmp/endpoint_ordering_analysis/results/ucl_apad_eomt_dinov2_per_image.csv
2148	2026-08-07 08:36:55.8657358380	/root/autodl-tmp/endpoint_ordering_analysis/results/ucl_apad_eomt_dinov3_per_image.csv
2164	2026-08-07 08:36:55.8817360640	/root/autodl-tmp/endpoint_ordering_analysis/results/ucl_tad_hrnet_per_image.csv
2174	2026-08-07 08:36:55.8977362900	/root/autodl-tmp/endpoint_ordering_analysis/results/ucl_tad_eomt_dinov2_per_image.csv
2162	2026-08-07 08:36:55.9097364590	/root/autodl-tmp/endpoint_ordering_analysis/results/ucl_tad_eomt_dinov3_per_image.csv
2316	2026-08-07 08:36:55.9257366850	/root/autodl-tmp/endpoint_ordering_analysis/results/ucl_fl_hrnet_per_image.csv
2313	2026-08-07 08:36:55.9497370230	/root/autodl-tmp/endpoint_ordering_analysis/results/ucl_fl_eomt_dinov2_per_image.csv
2316	2026-08-07 08:36:55.9617371930	/root/autodl-tmp/endpoint_ordering_analysis/results/ucl_fl_eomt_dinov3_per_image.csv
84430	2026-08-07 08:36:56.2697415390	/root/autodl-tmp/endpoint_ordering_analysis/results/multicentre_bpd_hrnet_per_image.csv
86149	2026-08-07 08:36:56.9257507940	/root/autodl-tmp/endpoint_ordering_analysis/results/multicentre_bpd_eomt_dinov2_per_image.csv
85922	2026-08-07 08:36:57.3657570000	/root/autodl-tmp/endpoint_ordering_analysis/results/multicentre_bpd_eomt_dinov3_per_image.csv
84635	2026-08-07 08:36:57.6857615130	/root/autodl-tmp/endpoint_ordering_analysis/results/multicentre_ofd_hrnet_per_image.csv
84934	2026-08-07 08:36:58.1257677180	/root/autodl-tmp/endpoint_ordering_analysis/results/multicentre_ofd_eomt_dinov2_per_image.csv
84881	2026-08-07 08:36:58.4737726250	/root/autodl-tmp/endpoint_ordering_analysis/results/multicentre_ofd_eomt_dinov3_per_image.csv
11800	2026-08-07 08:36:58.5417735820	/root/autodl-tmp/endpoint_ordering_analysis/results/multicentre_apad_hrnet_per_image.csv
11756	2026-08-07 08:36:58.6217747110	/root/autodl-tmp/endpoint_ordering_analysis/results/multicentre_apad_eomt_dinov2_per_image.csv
11760	2026-08-07 08:36:58.6697753880	/root/autodl-tmp/endpoint_ordering_analysis/results/multicentre_apad_eomt_dinov3_per_image.csv
11906	2026-08-07 08:36:58.7137760080	/root/autodl-tmp/endpoint_ordering_analysis/results/multicentre_tad_hrnet_per_image.csv
11908	2026-08-07 08:36:58.7817769680	/root/autodl-tmp/endpoint_ordering_analysis/results/multicentre_tad_eomt_dinov2_per_image.csv
11904	2026-08-07 08:36:58.8297776440	/root/autodl-tmp/endpoint_ordering_analysis/results/multicentre_tad_eomt_dinov3_per_image.csv
26892	2026-08-07 08:36:58.8977786030	/root/autodl-tmp/endpoint_ordering_analysis/results/multicentre_fl_hrnet_per_image.csv
26885	2026-08-07 08:36:59.0537808020	/root/autodl-tmp/endpoint_ordering_analysis/results/multicentre_fl_eomt_dinov2_per_image.csv
26882	2026-08-07 08:36:59.1457820990	/root/autodl-tmp/endpoint_ordering_analysis/results/multicentre_fl_eomt_dinov3_per_image.csv
4728	2026-08-07 20:09:28.2482880060	/root/autodl-tmp/endpoint_ordering_analysis/raw_vs_xsort_final_20260807/ucl_bpd_hrnet_per_image.csv
4754	2026-08-07 20:09:28.2642877550	/root/autodl-tmp/endpoint_ordering_analysis/raw_vs_xsort_final_20260807/ucl_ofd_hrnet_per_image.csv
4638	2026-08-07 20:09:28.3122870030	/root/autodl-tmp/endpoint_ordering_analysis/raw_vs_xsort_final_20260807/ucl_ofd_eomt_dinov2_per_image.csv
4638	2026-08-07 20:09:28.3322866890	/root/autodl-tmp/endpoint_ordering_analysis/raw_vs_xsort_final_20260807/ucl_ofd_eomt_dinov3_per_image.csv
3469	2026-08-07 20:09:28.3442865010	/root/autodl-tmp/endpoint_ordering_analysis/raw_vs_xsort_final_20260807/ucl_apad_hrnet_per_image.csv
3466	2026-08-07 20:09:28.3642861870	/root/autodl-tmp/endpoint_ordering_analysis/raw_vs_xsort_final_20260807/ucl_apad_eomt_dinov2_per_image.csv
3454	2026-08-07 20:09:28.3802859360	/root/autodl-tmp/endpoint_ordering_analysis/raw_vs_xsort_final_20260807/ucl_apad_eomt_dinov3_per_image.csv
3510	2026-08-07 20:09:28.3922857480	/root/autodl-tmp/endpoint_ordering_analysis/raw_vs_xsort_final_20260807/ucl_tad_hrnet_per_image.csv
3490	2026-08-07 20:09:28.4122854350	/root/autodl-tmp/endpoint_ordering_analysis/raw_vs_xsort_final_20260807/ucl_tad_eomt_dinov2_per_image.csv
3475	2026-08-07 20:09:28.4242852470	/root/autodl-tmp/endpoint_ordering_analysis/raw_vs_xsort_final_20260807/ucl_tad_eomt_dinov3_per_image.csv
3718	2026-08-07 20:09:28.4402849960	/root/autodl-tmp/endpoint_ordering_analysis/raw_vs_xsort_final_20260807/ucl_fl_hrnet_per_image.csv
3714	2026-08-07 20:09:28.4602846820	/root/autodl-tmp/endpoint_ordering_analysis/raw_vs_xsort_final_20260807/ucl_fl_eomt_dinov2_per_image.csv
3718	2026-08-07 20:09:28.4762844310	/root/autodl-tmp/endpoint_ordering_analysis/raw_vs_xsort_final_20260807/ucl_fl_eomt_dinov3_per_image.csv
125095	2026-08-07 20:09:28.8402787270	/root/autodl-tmp/endpoint_ordering_analysis/raw_vs_xsort_final_20260807/multicentre_bpd_hrnet_per_image.csv
126450	2026-08-07 20:09:29.3122713270	/root/autodl-tmp/endpoint_ordering_analysis/raw_vs_xsort_final_20260807/multicentre_bpd_eomt_dinov2_per_image.csv
126029	2026-08-07 20:09:29.6962653070	/root/autodl-tmp/endpoint_ordering_analysis/raw_vs_xsort_final_20260807/multicentre_bpd_eomt_dinov3_per_image.csv
126866	2026-08-07 20:09:30.0562596640	/root/autodl-tmp/endpoint_ordering_analysis/raw_vs_xsort_final_20260807/multicentre_ofd_hrnet_per_image.csv
124479	2026-08-07 20:09:30.5602517610	/root/autodl-tmp/endpoint_ordering_analysis/raw_vs_xsort_final_20260807/multicentre_ofd_eomt_dinov2_per_image.csv
124406	2026-08-07 20:09:30.9962449250	/root/autodl-tmp/endpoint_ordering_analysis/raw_vs_xsort_final_20260807/multicentre_ofd_eomt_dinov3_per_image.csv
17619	2026-08-07 20:09:31.0682437960	/root/autodl-tmp/endpoint_ordering_analysis/raw_vs_xsort_final_20260807/multicentre_apad_hrnet_per_image.csv
17218	2026-08-07 20:09:31.1402426670	/root/autodl-tmp/endpoint_ordering_analysis/raw_vs_xsort_final_20260807/multicentre_apad_eomt_dinov2_per_image.csv
17220	2026-08-07 20:09:31.1962417890	/root/autodl-tmp/endpoint_ordering_analysis/raw_vs_xsort_final_20260807/multicentre_apad_eomt_dinov3_per_image.csv
17588	2026-08-07 20:09:31.2442410360	/root/autodl-tmp/endpoint_ordering_analysis/raw_vs_xsort_final_20260807/multicentre_tad_hrnet_per_image.csv
17449	2026-08-07 20:09:31.3242397810	/root/autodl-tmp/endpoint_ordering_analysis/raw_vs_xsort_final_20260807/multicentre_tad_eomt_dinov2_per_image.csv
17434	2026-08-07 20:09:31.3842388400	/root/autodl-tmp/endpoint_ordering_analysis/raw_vs_xsort_final_20260807/multicentre_tad_eomt_dinov3_per_image.csv
38964	2026-08-07 20:09:31.5002370210	/root/autodl-tmp/endpoint_ordering_analysis/raw_vs_xsort_final_20260807/multicentre_fl_hrnet_per_image.csv
38953	2026-08-07 20:09:31.6482347000	/root/autodl-tmp/endpoint_ordering_analysis/raw_vs_xsort_final_20260807/multicentre_fl_eomt_dinov2_per_image.csv
38949	2026-08-07 20:09:31.7802326310	/root/autodl-tmp/endpoint_ordering_analysis/raw_vs_xsort_final_20260807/multicentre_fl_eomt_dinov3_per_image.csv
8193	2026-08-07 21:05:04.5998266120	/root/autodl-tmp/endpoint_ordering_analysis/correspondence_final_20260807/ucl_bpd_hrnet_per_image.csv
8151	2026-08-07 21:05:04.6198263590	/root/autodl-tmp/endpoint_ordering_analysis/correspondence_final_20260807/ucl_ofd_hrnet_per_image.csv
8161	2026-08-07 21:05:04.6718257040	/root/autodl-tmp/endpoint_ordering_analysis/correspondence_final_20260807/ucl_ofd_eomt_dinov2_per_image.csv
8157	2026-08-07 21:05:04.6918254510	/root/autodl-tmp/endpoint_ordering_analysis/correspondence_final_20260807/ucl_ofd_eomt_dinov3_per_image.csv
6100	2026-08-07 21:05:04.7118251990	/root/autodl-tmp/endpoint_ordering_analysis/correspondence_final_20260807/ucl_apad_hrnet_per_image.csv
6096	2026-08-07 21:05:04.7318249480	/root/autodl-tmp/endpoint_ordering_analysis/correspondence_final_20260807/ucl_apad_eomt_dinov2_per_image.csv
6087	2026-08-07 21:05:04.7478247450	/root/autodl-tmp/endpoint_ordering_analysis/correspondence_final_20260807/ucl_apad_eomt_dinov3_per_image.csv
6114	2026-08-07 21:05:04.7678244940	/root/autodl-tmp/endpoint_ordering_analysis/correspondence_final_20260807/ucl_tad_hrnet_per_image.csv
6134	2026-08-07 21:05:04.7878242410	/root/autodl-tmp/endpoint_ordering_analysis/correspondence_final_20260807/ucl_tad_eomt_dinov2_per_image.csv
6109	2026-08-07 21:05:04.8038240400	/root/autodl-tmp/endpoint_ordering_analysis/correspondence_final_20260807/ucl_tad_eomt_dinov3_per_image.csv
6545	2026-08-07 21:05:04.8238237870	/root/autodl-tmp/endpoint_ordering_analysis/correspondence_final_20260807/ucl_fl_hrnet_per_image.csv
6548	2026-08-07 21:05:04.8478234850	/root/autodl-tmp/endpoint_ordering_analysis/correspondence_final_20260807/ucl_fl_eomt_dinov2_per_image.csv
6548	2026-08-07 21:05:04.8638232830	/root/autodl-tmp/endpoint_ordering_analysis/correspondence_final_20260807/ucl_fl_eomt_dinov3_per_image.csv
203938	2026-08-07 21:05:05.2878179370	/root/autodl-tmp/endpoint_ordering_analysis/correspondence_final_20260807/multicentre_bpd_hrnet_per_image.csv
207400	2026-08-07 21:05:05.8398109770	/root/autodl-tmp/endpoint_ordering_analysis/correspondence_final_20260807/multicentre_bpd_eomt_dinov2_per_image.csv
206952	2026-08-07 21:05:06.3158049760	/root/autodl-tmp/endpoint_ordering_analysis/correspondence_final_20260807/multicentre_bpd_eomt_dinov3_per_image.csv
204547	2026-08-07 21:05:06.7197998810	/root/autodl-tmp/endpoint_ordering_analysis/correspondence_final_20260807/multicentre_ofd_hrnet_per_image.csv
205311	2026-08-07 21:05:07.1037950390	/root/autodl-tmp/endpoint_ordering_analysis/correspondence_final_20260807/multicentre_ofd_eomt_dinov2_per_image.csv
205256	2026-08-07 21:05:07.4277909550	/root/autodl-tmp/endpoint_ordering_analysis/correspondence_final_20260807/multicentre_ofd_eomt_dinov3_per_image.csv
28398	2026-08-07 21:05:07.4877901980	/root/autodl-tmp/endpoint_ordering_analysis/correspondence_final_20260807/multicentre_apad_hrnet_per_image.csv
28321	2026-08-07 21:05:07.5397895420	/root/autodl-tmp/endpoint_ordering_analysis/correspondence_final_20260807/multicentre_apad_eomt_dinov2_per_image.csv
28321	2026-08-07 21:05:07.5917888860	/root/autodl-tmp/endpoint_ordering_analysis/correspondence_final_20260807/multicentre_apad_eomt_dinov3_per_image.csv
28638	2026-08-07 21:05:07.6317883820	/root/autodl-tmp/endpoint_ordering_analysis/correspondence_final_20260807/multicentre_tad_hrnet_per_image.csv
28581	2026-08-07 21:05:07.6917876260	/root/autodl-tmp/endpoint_ordering_analysis/correspondence_final_20260807/multicentre_tad_eomt_dinov2_per_image.csv
28576	2026-08-07 21:05:07.7357870700	/root/autodl-tmp/endpoint_ordering_analysis/correspondence_final_20260807/multicentre_tad_eomt_dinov3_per_image.csv
63582	2026-08-07 21:05:07.8237859610	/root/autodl-tmp/endpoint_ordering_analysis/correspondence_final_20260807/multicentre_fl_hrnet_per_image.csv
63581	2026-08-07 21:05:07.9357845490	/root/autodl-tmp/endpoint_ordering_analysis/correspondence_final_20260807/multicentre_fl_eomt_dinov2_per_image.csv
63603	2026-08-07 21:05:08.0317833390	/root/autodl-tmp/endpoint_ordering_analysis/correspondence_final_20260807/multicentre_fl_eomt_dinov3_per_image.csv
9368	2026-08-08 01:20:18.8699233040	/root/autodl-tmp/endpoint_ordering_analysis/permutation_invariant_final_20260807_v2/common_subset/ucl_bpd_hrnet_per_image.csv
9325	2026-08-08 01:20:19.0019200740	/root/autodl-tmp/endpoint_ordering_analysis/permutation_invariant_final_20260807_v2/common_subset/ucl_ofd_hrnet_per_image.csv
9333	2026-08-08 01:20:19.0219195830	/root/autodl-tmp/endpoint_ordering_analysis/permutation_invariant_final_20260807_v2/common_subset/ucl_ofd_eomt_dinov2_per_image.csv
9329	2026-08-08 01:20:19.0419190940	/root/autodl-tmp/endpoint_ordering_analysis/permutation_invariant_final_20260807_v2/common_subset/ucl_ofd_eomt_dinov3_per_image.csv
6991	2026-08-08 01:20:19.1299169410	/root/autodl-tmp/endpoint_ordering_analysis/permutation_invariant_final_20260807_v2/common_subset/ucl_apad_hrnet_per_image.csv
6986	2026-08-08 01:20:19.1459165480	/root/autodl-tmp/endpoint_ordering_analysis/permutation_invariant_final_20260807_v2/common_subset/ucl_apad_eomt_dinov2_per_image.csv
6974	2026-08-08 01:20:19.1619161580	/root/autodl-tmp/endpoint_ordering_analysis/permutation_invariant_final_20260807_v2/common_subset/ucl_apad_eomt_dinov3_per_image.csv
7004	2026-08-08 01:20:19.2499140050	/root/autodl-tmp/endpoint_ordering_analysis/permutation_invariant_final_20260807_v2/common_subset/ucl_tad_hrnet_per_image.csv
7028	2026-08-08 01:20:19.2659136120	/root/autodl-tmp/endpoint_ordering_analysis/permutation_invariant_final_20260807_v2/common_subset/ucl_tad_eomt_dinov2_per_image.csv
7000	2026-08-08 01:20:19.2819132220	/root/autodl-tmp/endpoint_ordering_analysis/permutation_invariant_final_20260807_v2/common_subset/ucl_tad_eomt_dinov3_per_image.csv
7495	2026-08-08 01:20:19.3739109700	/root/autodl-tmp/endpoint_ordering_analysis/permutation_invariant_final_20260807_v2/common_subset/ucl_fl_hrnet_per_image.csv
7497	2026-08-08 01:20:19.3899105770	/root/autodl-tmp/endpoint_ordering_analysis/permutation_invariant_final_20260807_v2/common_subset/ucl_fl_eomt_dinov2_per_image.csv
7498	2026-08-08 01:20:19.4059101870	/root/autodl-tmp/endpoint_ordering_analysis/permutation_invariant_final_20260807_v2/common_subset/ucl_fl_eomt_dinov3_per_image.csv
230072	2026-08-08 01:20:21.6858543850	/root/autodl-tmp/endpoint_ordering_analysis/permutation_invariant_final_20260807_v2/common_subset/multicentre_bpd_hrnet_per_image.csv
231651	2026-08-08 01:20:22.1018442020	/root/autodl-tmp/endpoint_ordering_analysis/permutation_invariant_final_20260807_v2/common_subset/multicentre_bpd_eomt_dinov2_per_image.csv
231170	2026-08-08 01:20:22.4098366630	/root/autodl-tmp/endpoint_ordering_analysis/permutation_invariant_final_20260807_v2/common_subset/multicentre_bpd_eomt_dinov3_per_image.csv
230884	2026-08-08 01:20:24.0177973000	/root/autodl-tmp/endpoint_ordering_analysis/permutation_invariant_final_20260807_v2/common_subset/multicentre_ofd_hrnet_per_image.csv
231327	2026-08-08 01:20:24.3217898570	/root/autodl-tmp/endpoint_ordering_analysis/permutation_invariant_final_20260807_v2/common_subset/multicentre_ofd_eomt_dinov2_per_image.csv
231254	2026-08-08 01:20:24.6177826100	/root/autodl-tmp/endpoint_ordering_analysis/permutation_invariant_final_20260807_v2/common_subset/multicentre_ofd_eomt_dinov3_per_image.csv
32086	2026-08-08 01:20:24.8857760490	/root/autodl-tmp/endpoint_ordering_analysis/permutation_invariant_final_20260807_v2/common_subset/multicentre_apad_hrnet_per_image.csv
31989	2026-08-08 01:20:24.9257750690	/root/autodl-tmp/endpoint_ordering_analysis/permutation_invariant_final_20260807_v2/common_subset/multicentre_apad_eomt_dinov2_per_image.csv
31987	2026-08-08 01:20:24.9657740900	/root/autodl-tmp/endpoint_ordering_analysis/permutation_invariant_final_20260807_v2/common_subset/multicentre_apad_eomt_dinov3_per_image.csv
32323	2026-08-08 01:20:25.1937685070	/root/autodl-tmp/endpoint_ordering_analysis/permutation_invariant_final_20260807_v2/common_subset/multicentre_tad_hrnet_per_image.csv
32260	2026-08-08 01:20:25.2337675270	/root/autodl-tmp/endpoint_ordering_analysis/permutation_invariant_final_20260807_v2/common_subset/multicentre_tad_eomt_dinov2_per_image.csv
32258	2026-08-08 01:20:25.2737665480	/root/autodl-tmp/endpoint_ordering_analysis/permutation_invariant_final_20260807_v2/common_subset/multicentre_tad_eomt_dinov3_per_image.csv
71647	2026-08-08 01:20:25.7497548940	/root/autodl-tmp/endpoint_ordering_analysis/permutation_invariant_final_20260807_v2/common_subset/multicentre_fl_hrnet_per_image.csv
71644	2026-08-08 01:20:25.8377527380	/root/autodl-tmp/endpoint_ordering_analysis/permutation_invariant_final_20260807_v2/common_subset/multicentre_fl_eomt_dinov2_per_image.csv
71665	2026-08-08 01:20:25.9297504870	/root/autodl-tmp/endpoint_ordering_analysis/permutation_invariant_final_20260807_v2/common_subset/multicentre_fl_eomt_dinov3_per_image.csv
9368	2026-08-08 01:20:18.8499237930	/root/autodl-tmp/endpoint_ordering_analysis/permutation_invariant_final_20260807_v2/ucl_bpd_hrnet_per_image.csv
9325	2026-08-08 01:20:18.8979226170	/root/autodl-tmp/endpoint_ordering_analysis/permutation_invariant_final_20260807_v2/ucl_ofd_hrnet_per_image.csv
9333	2026-08-08 01:20:18.9539212470	/root/autodl-tmp/endpoint_ordering_analysis/permutation_invariant_final_20260807_v2/ucl_ofd_eomt_dinov2_per_image.csv
9329	2026-08-08 01:20:18.9819205630	/root/autodl-tmp/endpoint_ordering_analysis/permutation_invariant_final_20260807_v2/ucl_ofd_eomt_dinov3_per_image.csv
6991	2026-08-08 01:20:19.0619186050	/root/autodl-tmp/endpoint_ordering_analysis/permutation_invariant_final_20260807_v2/ucl_apad_hrnet_per_image.csv
6986	2026-08-08 01:20:19.0899179200	/root/autodl-tmp/endpoint_ordering_analysis/permutation_invariant_final_20260807_v2/ucl_apad_eomt_dinov2_per_image.csv
6974	2026-08-08 01:20:19.1139173330	/root/autodl-tmp/endpoint_ordering_analysis/permutation_invariant_final_20260807_v2/ucl_apad_eomt_dinov3_per_image.csv
7004	2026-08-08 01:20:19.1819156690	/root/autodl-tmp/endpoint_ordering_analysis/permutation_invariant_final_20260807_v2/ucl_tad_hrnet_per_image.csv
7028	2026-08-08 01:20:19.2099149820	/root/autodl-tmp/endpoint_ordering_analysis/permutation_invariant_final_20260807_v2/ucl_tad_eomt_dinov2_per_image.csv
7000	2026-08-08 01:20:19.2339143950	/root/autodl-tmp/endpoint_ordering_analysis/permutation_invariant_final_20260807_v2/ucl_tad_eomt_dinov3_per_image.csv
7495	2026-08-08 01:20:19.3019127310	/root/autodl-tmp/endpoint_ordering_analysis/permutation_invariant_final_20260807_v2/ucl_fl_hrnet_per_image.csv
7497	2026-08-08 01:20:19.3299120470	/root/autodl-tmp/endpoint_ordering_analysis/permutation_invariant_final_20260807_v2/ucl_fl_eomt_dinov2_per_image.csv
7498	2026-08-08 01:20:19.3579113600	/root/autodl-tmp/endpoint_ordering_analysis/permutation_invariant_final_20260807_v2/ucl_fl_eomt_dinov3_per_image.csv
230072	2026-08-08 01:20:19.9418970690	/root/autodl-tmp/endpoint_ordering_analysis/permutation_invariant_final_20260807_v2/multicentre_bpd_hrnet_per_image.csv
233881	2026-08-08 01:20:20.6458798390	/root/autodl-tmp/endpoint_ordering_analysis/permutation_invariant_final_20260807_v2/multicentre_bpd_eomt_dinov2_per_image.csv
233393	2026-08-08 01:20:21.2458651550	/root/autodl-tmp/endpoint_ordering_analysis/permutation_invariant_final_20260807_v2/multicentre_bpd_eomt_dinov3_per_image.csv
230884	2026-08-08 01:20:22.7858274580	/root/autodl-tmp/endpoint_ordering_analysis/permutation_invariant_final_20260807_v2/multicentre_ofd_hrnet_per_image.csv
231730	2026-08-08 01:20:23.2738155130	/root/autodl-tmp/endpoint_ordering_analysis/permutation_invariant_final_20260807_v2/multicentre_ofd_eomt_dinov2_per_image.csv
231657	2026-08-08 01:20:23.7058049380	/root/autodl-tmp/endpoint_ordering_analysis/permutation_invariant_final_20260807_v2/multicentre_ofd_eomt_dinov3_per_image.csv
32086	2026-08-08 01:20:24.7017805520	/root/autodl-tmp/endpoint_ordering_analysis/permutation_invariant_final_20260807_v2/multicentre_apad_hrnet_per_image.csv
31989	2026-08-08 01:20:24.7737787910	/root/autodl-tmp/endpoint_ordering_analysis/permutation_invariant_final_20260807_v2/multicentre_apad_eomt_dinov2_per_image.csv
31987	2026-08-08 01:20:24.8337773220	/root/autodl-tmp/endpoint_ordering_analysis/permutation_invariant_final_20260807_v2/multicentre_apad_eomt_dinov3_per_image.csv
32323	2026-08-08 01:20:25.0177728170	/root/autodl-tmp/endpoint_ordering_analysis/permutation_invariant_final_20260807_v2/multicentre_tad_hrnet_per_image.csv
32260	2026-08-08 01:20:25.0937709560	/root/autodl-tmp/endpoint_ordering_analysis/permutation_invariant_final_20260807_v2/multicentre_tad_eomt_dinov2_per_image.csv
32258	2026-08-08 01:20:25.1497695850	/root/autodl-tmp/endpoint_ordering_analysis/permutation_invariant_final_20260807_v2/multicentre_tad_eomt_dinov3_per_image.csv
71647	2026-08-08 01:20:25.3857638070	/root/autodl-tmp/endpoint_ordering_analysis/permutation_invariant_final_20260807_v2/multicentre_fl_hrnet_per_image.csv
71644	2026-08-08 01:20:25.5377600840	/root/autodl-tmp/endpoint_ordering_analysis/permutation_invariant_final_20260807_v2/multicentre_fl_eomt_dinov2_per_image.csv
71665	2026-08-08 01:20:25.6617570490	/root/autodl-tmp/endpoint_ordering_analysis/permutation_invariant_final_20260807_v2/multicentre_fl_eomt_dinov3_per_image.csv
9368	2026-08-08 03:18:00.8777960770	/root/autodl-tmp/endpoint_ordering_analysis/permutation_invariant_final_20260808_with_bpd_dinov2/common_subset/ucl_bpd_hrnet_per_image.csv
9392	2026-08-08 03:18:00.8977956990	/root/autodl-tmp/endpoint_ordering_analysis/permutation_invariant_final_20260808_with_bpd_dinov2/common_subset/ucl_bpd_eomt_dinov2_per_image.csv
9325	2026-08-08 03:18:01.0017937280	/root/autodl-tmp/endpoint_ordering_analysis/permutation_invariant_final_20260808_with_bpd_dinov2/common_subset/ucl_ofd_hrnet_per_image.csv
9333	2026-08-08 03:18:01.0217933490	/root/autodl-tmp/endpoint_ordering_analysis/permutation_invariant_final_20260808_with_bpd_dinov2/common_subset/ucl_ofd_eomt_dinov2_per_image.csv
9329	2026-08-08 03:18:01.0417929690	/root/autodl-tmp/endpoint_ordering_analysis/permutation_invariant_final_20260808_with_bpd_dinov2/common_subset/ucl_ofd_eomt_dinov3_per_image.csv
6991	2026-08-08 03:18:01.1257913780	/root/autodl-tmp/endpoint_ordering_analysis/permutation_invariant_final_20260808_with_bpd_dinov2/common_subset/ucl_apad_hrnet_per_image.csv
6986	2026-08-08 03:18:01.1417910740	/root/autodl-tmp/endpoint_ordering_analysis/permutation_invariant_final_20260808_with_bpd_dinov2/common_subset/ucl_apad_eomt_dinov2_per_image.csv
6974	2026-08-08 03:18:01.1577907710	/root/autodl-tmp/endpoint_ordering_analysis/permutation_invariant_final_20260808_with_bpd_dinov2/common_subset/ucl_apad_eomt_dinov3_per_image.csv
7004	2026-08-08 03:18:01.2377892550	/root/autodl-tmp/endpoint_ordering_analysis/permutation_invariant_final_20260808_with_bpd_dinov2/common_subset/ucl_tad_hrnet_per_image.csv
7028	2026-08-08 03:18:01.2537889510	/root/autodl-tmp/endpoint_ordering_analysis/permutation_invariant_final_20260808_with_bpd_dinov2/common_subset/ucl_tad_eomt_dinov2_per_image.csv
7000	2026-08-08 03:18:01.2697886500	/root/autodl-tmp/endpoint_ordering_analysis/permutation_invariant_final_20260808_with_bpd_dinov2/common_subset/ucl_tad_eomt_dinov3_per_image.csv
7495	2026-08-08 03:18:01.3617869050	/root/autodl-tmp/endpoint_ordering_analysis/permutation_invariant_final_20260808_with_bpd_dinov2/common_subset/ucl_fl_hrnet_per_image.csv
7497	2026-08-08 03:18:01.3777866020	/root/autodl-tmp/endpoint_ordering_analysis/permutation_invariant_final_20260808_with_bpd_dinov2/common_subset/ucl_fl_eomt_dinov2_per_image.csv
7498	2026-08-08 03:18:01.3937863000	/root/autodl-tmp/endpoint_ordering_analysis/permutation_invariant_final_20260808_with_bpd_dinov2/common_subset/ucl_fl_eomt_dinov3_per_image.csv
230072	2026-08-08 03:18:03.5857447620	/root/autodl-tmp/endpoint_ordering_analysis/permutation_invariant_final_20260808_with_bpd_dinov2/common_subset/multicentre_bpd_hrnet_per_image.csv
231651	2026-08-08 03:18:04.0297363480	/root/autodl-tmp/endpoint_ordering_analysis/permutation_invariant_final_20260808_with_bpd_dinov2/common_subset/multicentre_bpd_eomt_dinov2_per_image.csv
231170	2026-08-08 03:18:04.4337286930	/root/autodl-tmp/endpoint_ordering_analysis/permutation_invariant_final_20260808_with_bpd_dinov2/common_subset/multicentre_bpd_eomt_dinov3_per_image.csv
230884	2026-08-08 03:18:06.6616864760	/root/autodl-tmp/endpoint_ordering_analysis/permutation_invariant_final_20260808_with_bpd_dinov2/common_subset/multicentre_ofd_hrnet_per_image.csv
231327	2026-08-08 03:18:07.0736786710	/root/autodl-tmp/endpoint_ordering_analysis/permutation_invariant_final_20260808_with_bpd_dinov2/common_subset/multicentre_ofd_eomt_dinov2_per_image.csv
231254	2026-08-08 03:18:07.4816709410	/root/autodl-tmp/endpoint_ordering_analysis/permutation_invariant_final_20260808_with_bpd_dinov2/common_subset/multicentre_ofd_eomt_dinov3_per_image.csv
32086	2026-08-08 03:18:07.8256644230	/root/autodl-tmp/endpoint_ordering_analysis/permutation_invariant_final_20260808_with_bpd_dinov2/common_subset/multicentre_apad_hrnet_per_image.csv
31989	2026-08-08 03:18:07.8816633610	/root/autodl-tmp/endpoint_ordering_analysis/permutation_invariant_final_20260808_with_bpd_dinov2/common_subset/multicentre_apad_eomt_dinov2_per_image.csv
31987	2026-08-08 03:18:07.9376623010	/root/autodl-tmp/endpoint_ordering_analysis/permutation_invariant_final_20260808_with_bpd_dinov2/common_subset/multicentre_apad_eomt_dinov3_per_image.csv
32323	2026-08-08 03:18:08.2456564660	/root/autodl-tmp/endpoint_ordering_analysis/permutation_invariant_final_20260808_with_bpd_dinov2/common_subset/multicentre_tad_hrnet_per_image.csv
32260	2026-08-08 03:18:08.3016554040	/root/autodl-tmp/endpoint_ordering_analysis/permutation_invariant_final_20260808_with_bpd_dinov2/common_subset/multicentre_tad_eomt_dinov2_per_image.csv
32258	2026-08-08 03:18:08.3616542670	/root/autodl-tmp/endpoint_ordering_analysis/permutation_invariant_final_20260808_with_bpd_dinov2/common_subset/multicentre_tad_eomt_dinov3_per_image.csv
71647	2026-08-08 03:18:09.0256416880	/root/autodl-tmp/endpoint_ordering_analysis/permutation_invariant_final_20260808_with_bpd_dinov2/common_subset/multicentre_fl_hrnet_per_image.csv
71644	2026-08-08 03:18:09.1496393390	/root/autodl-tmp/endpoint_ordering_analysis/permutation_invariant_final_20260808_with_bpd_dinov2/common_subset/multicentre_fl_eomt_dinov2_per_image.csv
71665	2026-08-08 03:18:09.2736369880	/root/autodl-tmp/endpoint_ordering_analysis/permutation_invariant_final_20260808_with_bpd_dinov2/common_subset/multicentre_fl_eomt_dinov3_per_image.csv
9368	2026-08-08 03:18:00.7937976690	/root/autodl-tmp/endpoint_ordering_analysis/permutation_invariant_final_20260808_with_bpd_dinov2/ucl_bpd_hrnet_per_image.csv
9392	2026-08-08 03:18:00.8577964560	/root/autodl-tmp/endpoint_ordering_analysis/permutation_invariant_final_20260808_with_bpd_dinov2/ucl_bpd_eomt_dinov2_per_image.csv
9325	2026-08-08 03:18:00.9257951670	/root/autodl-tmp/endpoint_ordering_analysis/permutation_invariant_final_20260808_with_bpd_dinov2/ucl_ofd_hrnet_per_image.csv
9333	2026-08-08 03:18:00.9537946380	/root/autodl-tmp/endpoint_ordering_analysis/permutation_invariant_final_20260808_with_bpd_dinov2/ucl_ofd_eomt_dinov2_per_image.csv
9329	2026-08-08 03:18:00.9817941060	/root/autodl-tmp/endpoint_ordering_analysis/permutation_invariant_final_20260808_with_bpd_dinov2/ucl_ofd_eomt_dinov3_per_image.csv
6991	2026-08-08 03:18:01.0617925910	/root/autodl-tmp/endpoint_ordering_analysis/permutation_invariant_final_20260808_with_bpd_dinov2/ucl_apad_hrnet_per_image.csv
6986	2026-08-08 03:18:01.0857921360	/root/autodl-tmp/endpoint_ordering_analysis/permutation_invariant_final_20260808_with_bpd_dinov2/ucl_apad_eomt_dinov2_per_image.csv
6974	2026-08-08 03:18:01.1097916810	/root/autodl-tmp/endpoint_ordering_analysis/permutation_invariant_final_20260808_with_bpd_dinov2/ucl_apad_eomt_dinov3_per_image.csv
7004	2026-08-08 03:18:01.1777903930	/root/autodl-tmp/endpoint_ordering_analysis/permutation_invariant_final_20260808_with_bpd_dinov2/ucl_tad_hrnet_per_image.csv
7028	2026-08-08 03:18:01.2017899380	/root/autodl-tmp/endpoint_ordering_analysis/permutation_invariant_final_20260808_with_bpd_dinov2/ucl_tad_eomt_dinov2_per_image.csv
7000	2026-08-08 03:18:01.2217895580	/root/autodl-tmp/endpoint_ordering_analysis/permutation_invariant_final_20260808_with_bpd_dinov2/ucl_tad_eomt_dinov3_per_image.csv
7495	2026-08-08 03:18:01.2897882690	/root/autodl-tmp/endpoint_ordering_analysis/permutation_invariant_final_20260808_with_bpd_dinov2/ucl_fl_hrnet_per_image.csv
7497	2026-08-08 03:18:01.3177877400	/root/autodl-tmp/endpoint_ordering_analysis/permutation_invariant_final_20260808_with_bpd_dinov2/ucl_fl_eomt_dinov2_per_image.csv
7498	2026-08-08 03:18:01.3417872850	/root/autodl-tmp/endpoint_ordering_analysis/permutation_invariant_final_20260808_with_bpd_dinov2/ucl_fl_eomt_dinov3_per_image.csv
230072	2026-08-08 03:18:01.9097765200	/root/autodl-tmp/endpoint_ordering_analysis/permutation_invariant_final_20260808_with_bpd_dinov2/multicentre_bpd_hrnet_per_image.csv
233881	2026-08-08 03:18:02.5777638630	/root/autodl-tmp/endpoint_ordering_analysis/permutation_invariant_final_20260808_with_bpd_dinov2/multicentre_bpd_eomt_dinov2_per_image.csv
233393	2026-08-08 03:18:03.1537529460	/root/autodl-tmp/endpoint_ordering_analysis/permutation_invariant_final_20260808_with_bpd_dinov2/multicentre_bpd_eomt_dinov3_per_image.csv
230884	2026-08-08 03:18:04.9617186880	/root/autodl-tmp/endpoint_ordering_analysis/permutation_invariant_final_20260808_with_bpd_dinov2/multicentre_ofd_hrnet_per_image.csv
231730	2026-08-08 03:18:05.6497056510	/root/autodl-tmp/endpoint_ordering_analysis/permutation_invariant_final_20260808_with_bpd_dinov2/multicentre_ofd_eomt_dinov2_per_image.csv
231657	2026-08-08 03:18:06.2376945110	/root/autodl-tmp/endpoint_ordering_analysis/permutation_invariant_final_20260808_with_bpd_dinov2/multicentre_ofd_eomt_dinov3_per_image.csv
32086	2026-08-08 03:18:07.5776691220	/root/autodl-tmp/endpoint_ordering_analysis/permutation_invariant_final_20260808_with_bpd_dinov2/multicentre_apad_hrnet_per_image.csv
31989	2026-08-08 03:18:07.6696673790	/root/autodl-tmp/endpoint_ordering_analysis/permutation_invariant_final_20260808_with_bpd_dinov2/multicentre_apad_eomt_dinov2_per_image.csv
31987	2026-08-08 03:18:07.7656655600	/root/autodl-tmp/endpoint_ordering_analysis/permutation_invariant_final_20260808_with_bpd_dinov2/multicentre_apad_eomt_dinov3_per_image.csv
32323	2026-08-08 03:18:08.0096609360	/root/autodl-tmp/endpoint_ordering_analysis/permutation_invariant_final_20260808_with_bpd_dinov2/multicentre_tad_hrnet_per_image.csv
32260	2026-08-08 03:18:08.1096590410	/root/autodl-tmp/endpoint_ordering_analysis/permutation_invariant_final_20260808_with_bpd_dinov2/multicentre_tad_eomt_dinov2_per_image.csv
32258	2026-08-08 03:18:08.1856576030	/root/autodl-tmp/endpoint_ordering_analysis/permutation_invariant_final_20260808_with_bpd_dinov2/multicentre_tad_eomt_dinov3_per_image.csv
71647	2026-08-08 03:18:08.5256511600	/root/autodl-tmp/endpoint_ordering_analysis/permutation_invariant_final_20260808_with_bpd_dinov2/multicentre_fl_hrnet_per_image.csv
71644	2026-08-08 03:18:08.7216474460	/root/autodl-tmp/endpoint_ordering_analysis/permutation_invariant_final_20260808_with_bpd_dinov2/multicentre_fl_eomt_dinov2_per_image.csv
71665	2026-08-08 03:18:08.8976441130	/root/autodl-tmp/endpoint_ordering_analysis/permutation_invariant_final_20260808_with_bpd_dinov2/multicentre_fl_eomt_dinov3_per_image.csv
9368	2026-08-08 04:23:22.9249093460	/root/autodl-tmp/endpoint_ordering_analysis/permutation_invariant_final_20260808_complete_30of30/common_subset/ucl_bpd_hrnet_per_image.csv
9392	2026-08-08 04:23:22.9449088170	/root/autodl-tmp/endpoint_ordering_analysis/permutation_invariant_final_20260808_complete_30of30/common_subset/ucl_bpd_eomt_dinov2_per_image.csv
9368	2026-08-08 04:23:22.9649082890	/root/autodl-tmp/endpoint_ordering_analysis/permutation_invariant_final_20260808_complete_30of30/common_subset/ucl_bpd_eomt_dinov3_per_image.csv
9325	2026-08-08 04:23:23.0689055420	/root/autodl-tmp/endpoint_ordering_analysis/permutation_invariant_final_20260808_complete_30of30/common_subset/ucl_ofd_hrnet_per_image.csv
9333	2026-08-08 04:23:23.0929049070	/root/autodl-tmp/endpoint_ordering_analysis/permutation_invariant_final_20260808_complete_30of30/common_subset/ucl_ofd_eomt_dinov2_per_image.csv
9329	2026-08-08 04:23:23.1129043810	/root/autodl-tmp/endpoint_ordering_analysis/permutation_invariant_final_20260808_complete_30of30/common_subset/ucl_ofd_eomt_dinov3_per_image.csv
6991	2026-08-08 04:23:23.1929022680	/root/autodl-tmp/endpoint_ordering_analysis/permutation_invariant_final_20260808_complete_30of30/common_subset/ucl_apad_hrnet_per_image.csv
6986	2026-08-08 04:23:23.2089018460	/root/autodl-tmp/endpoint_ordering_analysis/permutation_invariant_final_20260808_complete_30of30/common_subset/ucl_apad_eomt_dinov2_per_image.csv
6974	2026-08-08 04:23:23.2209015270	/root/autodl-tmp/endpoint_ordering_analysis/permutation_invariant_final_20260808_complete_30of30/common_subset/ucl_apad_eomt_dinov3_per_image.csv
7004	2026-08-08 04:23:23.3088992050	/root/autodl-tmp/endpoint_ordering_analysis/permutation_invariant_final_20260808_complete_30of30/common_subset/ucl_tad_hrnet_per_image.csv
7028	2026-08-08 04:23:23.3248987830	/root/autodl-tmp/endpoint_ordering_analysis/permutation_invariant_final_20260808_complete_30of30/common_subset/ucl_tad_eomt_dinov2_per_image.csv
7000	2026-08-08 04:23:23.3408983600	/root/autodl-tmp/endpoint_ordering_analysis/permutation_invariant_final_20260808_complete_30of30/common_subset/ucl_tad_eomt_dinov3_per_image.csv
7495	2026-08-08 04:23:23.4328959310	/root/autodl-tmp/endpoint_ordering_analysis/permutation_invariant_final_20260808_complete_30of30/common_subset/ucl_fl_hrnet_per_image.csv
7497	2026-08-08 04:23:23.4488955090	/root/autodl-tmp/endpoint_ordering_analysis/permutation_invariant_final_20260808_complete_30of30/common_subset/ucl_fl_eomt_dinov2_per_image.csv
7498	2026-08-08 04:23:23.4648950860	/root/autodl-tmp/endpoint_ordering_analysis/permutation_invariant_final_20260808_complete_30of30/common_subset/ucl_fl_eomt_dinov3_per_image.csv
230072	2026-08-08 04:23:25.7408350320	/root/autodl-tmp/endpoint_ordering_analysis/permutation_invariant_final_20260808_complete_30of30/common_subset/multicentre_bpd_hrnet_per_image.csv
231651	2026-08-08 04:23:26.1768235380	/root/autodl-tmp/endpoint_ordering_analysis/permutation_invariant_final_20260808_complete_30of30/common_subset/multicentre_bpd_eomt_dinov2_per_image.csv
231170	2026-08-08 04:23:26.5888126790	/root/autodl-tmp/endpoint_ordering_analysis/permutation_invariant_final_20260808_complete_30of30/common_subset/multicentre_bpd_eomt_dinov3_per_image.csv
230884	2026-08-08 04:23:28.8287536960	/root/autodl-tmp/endpoint_ordering_analysis/permutation_invariant_final_20260808_complete_30of30/common_subset/multicentre_ofd_hrnet_per_image.csv
231327	2026-08-08 04:23:29.2487426460	/root/autodl-tmp/endpoint_ordering_analysis/permutation_invariant_final_20260808_complete_30of30/common_subset/multicentre_ofd_eomt_dinov2_per_image.csv
231254	2026-08-08 04:23:29.6607318120	/root/autodl-tmp/endpoint_ordering_analysis/permutation_invariant_final_20260808_complete_30of30/common_subset/multicentre_ofd_eomt_dinov3_per_image.csv
32086	2026-08-08 04:23:30.0047227640	/root/autodl-tmp/endpoint_ordering_analysis/permutation_invariant_final_20260808_complete_30of30/common_subset/multicentre_apad_hrnet_per_image.csv
31989	2026-08-08 04:23:30.0607212910	/root/autodl-tmp/endpoint_ordering_analysis/permutation_invariant_final_20260808_complete_30of30/common_subset/multicentre_apad_eomt_dinov2_per_image.csv
31987	2026-08-08 04:23:30.1207197150	/root/autodl-tmp/endpoint_ordering_analysis/permutation_invariant_final_20260808_complete_30of30/common_subset/multicentre_apad_eomt_dinov3_per_image.csv
32323	2026-08-08 04:23:30.4287116180	/root/autodl-tmp/endpoint_ordering_analysis/permutation_invariant_final_20260808_complete_30of30/common_subset/multicentre_tad_hrnet_per_image.csv
32260	2026-08-08 04:23:30.4887100400	/root/autodl-tmp/endpoint_ordering_analysis/permutation_invariant_final_20260808_complete_30of30/common_subset/multicentre_tad_eomt_dinov2_per_image.csv
32258	2026-08-08 04:23:30.5487084650	/root/autodl-tmp/endpoint_ordering_analysis/permutation_invariant_final_20260808_complete_30of30/common_subset/multicentre_tad_eomt_dinov3_per_image.csv
71647	2026-08-08 04:23:31.2246907020	/root/autodl-tmp/endpoint_ordering_analysis/permutation_invariant_final_20260808_complete_30of30/common_subset/multicentre_fl_hrnet_per_image.csv
71644	2026-08-08 04:23:31.3606871290	/root/autodl-tmp/endpoint_ordering_analysis/permutation_invariant_final_20260808_complete_30of30/common_subset/multicentre_fl_eomt_dinov2_per_image.csv
71665	2026-08-08 04:23:31.5006834520	/root/autodl-tmp/endpoint_ordering_analysis/permutation_invariant_final_20260808_complete_30of30/common_subset/multicentre_fl_eomt_dinov3_per_image.csv
9368	2026-08-08 04:23:22.8129123050	/root/autodl-tmp/endpoint_ordering_analysis/permutation_invariant_final_20260808_complete_30of30/ucl_bpd_hrnet_per_image.csv
9392	2026-08-08 04:23:22.8769106140	/root/autodl-tmp/endpoint_ordering_analysis/permutation_invariant_final_20260808_complete_30of30/ucl_bpd_eomt_dinov2_per_image.csv
9368	2026-08-08 04:23:22.9049098730	/root/autodl-tmp/endpoint_ordering_analysis/permutation_invariant_final_20260808_complete_30of30/ucl_bpd_eomt_dinov3_per_image.csv
9325	2026-08-08 04:23:22.9889076550	/root/autodl-tmp/endpoint_ordering_analysis/permutation_invariant_final_20260808_complete_30of30/ucl_ofd_hrnet_per_image.csv
9333	2026-08-08 04:23:23.0209068100	/root/autodl-tmp/endpoint_ordering_analysis/permutation_invariant_final_20260808_complete_30of30/ucl_ofd_eomt_dinov2_per_image.csv
9329	2026-08-08 04:23:23.0489060710	/root/autodl-tmp/endpoint_ordering_analysis/permutation_invariant_final_20260808_complete_30of30/ucl_ofd_eomt_dinov3_per_image.csv
6991	2026-08-08 04:23:23.1289039580	/root/autodl-tmp/endpoint_ordering_analysis/permutation_invariant_final_20260808_complete_30of30/ucl_apad_hrnet_per_image.csv
6986	2026-08-08 04:23:23.1569032170	/root/autodl-tmp/endpoint_ordering_analysis/permutation_invariant_final_20260808_complete_30of30/ucl_apad_eomt_dinov2_per_image.csv
6974	2026-08-08 04:23:23.1769026910	/root/autodl-tmp/endpoint_ordering_analysis/permutation_invariant_final_20260808_complete_30of30/ucl_apad_eomt_dinov3_per_image.csv
7004	2026-08-08 04:23:23.2409010010	/root/autodl-tmp/endpoint_ordering_analysis/permutation_invariant_final_20260808_complete_30of30/ucl_tad_hrnet_per_image.csv
7028	2026-08-08 04:23:23.2689002600	/root/autodl-tmp/endpoint_ordering_analysis/permutation_invariant_final_20260808_complete_30of30/ucl_tad_eomt_dinov2_per_image.csv
7000	2026-08-08 04:23:23.2928996280	/root/autodl-tmp/endpoint_ordering_analysis/permutation_invariant_final_20260808_complete_30of30/ucl_tad_eomt_dinov3_per_image.csv
7495	2026-08-08 04:23:23.3648977250	/root/autodl-tmp/endpoint_ordering_analysis/permutation_invariant_final_20260808_complete_30of30/ucl_fl_hrnet_per_image.csv
7497	2026-08-08 04:23:23.3928969870	/root/autodl-tmp/endpoint_ordering_analysis/permutation_invariant_final_20260808_complete_30of30/ucl_fl_eomt_dinov2_per_image.csv
7498	2026-08-08 04:23:23.4168963540	/root/autodl-tmp/endpoint_ordering_analysis/permutation_invariant_final_20260808_complete_30of30/ucl_fl_eomt_dinov3_per_image.csv
230072	2026-08-08 04:23:24.0008809320	/root/autodl-tmp/endpoint_ordering_analysis/permutation_invariant_final_20260808_complete_30of30/multicentre_bpd_hrnet_per_image.csv
233881	2026-08-08 04:23:24.7128621450	/root/autodl-tmp/endpoint_ordering_analysis/permutation_invariant_final_20260808_complete_30of30/multicentre_bpd_eomt_dinov2_per_image.csv
233393	2026-08-08 04:23:25.2928468450	/root/autodl-tmp/endpoint_ordering_analysis/permutation_invariant_final_20260808_complete_30of30/multicentre_bpd_eomt_dinov3_per_image.csv
230884	2026-08-08 04:23:27.1247985560	/root/autodl-tmp/endpoint_ordering_analysis/permutation_invariant_final_20260808_complete_30of30/multicentre_ofd_hrnet_per_image.csv
231730	2026-08-08 04:23:27.8087805430	/root/autodl-tmp/endpoint_ordering_analysis/permutation_invariant_final_20260808_complete_30of30/multicentre_ofd_eomt_dinov2_per_image.csv
231657	2026-08-08 04:23:28.3887652750	/root/autodl-tmp/endpoint_ordering_analysis/permutation_invariant_final_20260808_complete_30of30/multicentre_ofd_eomt_dinov3_per_image.csv
32086	2026-08-08 04:23:29.7607291810	/root/autodl-tmp/endpoint_ordering_analysis/permutation_invariant_final_20260808_complete_30of30/multicentre_apad_hrnet_per_image.csv
31989	2026-08-08 04:23:29.8527267600	/root/autodl-tmp/endpoint_ordering_analysis/permutation_invariant_final_20260808_complete_30of30/multicentre_apad_eomt_dinov2_per_image.csv
31987	2026-08-08 04:23:29.9447243400	/root/autodl-tmp/endpoint_ordering_analysis/permutation_invariant_final_20260808_complete_30of30/multicentre_apad_eomt_dinov3_per_image.csv
32323	2026-08-08 04:23:30.1967177160	/root/autodl-tmp/endpoint_ordering_analysis/permutation_invariant_final_20260808_complete_30of30/multicentre_tad_hrnet_per_image.csv
32260	2026-08-08 04:23:30.2887152980	/root/autodl-tmp/endpoint_ordering_analysis/permutation_invariant_final_20260808_complete_30of30/multicentre_tad_eomt_dinov2_per_image.csv
32258	2026-08-08 04:23:30.3687131970	/root/autodl-tmp/endpoint_ordering_analysis/permutation_invariant_final_20260808_complete_30of30/multicentre_tad_eomt_dinov3_per_image.csv
71647	2026-08-08 04:23:30.7087042600	/root/autodl-tmp/endpoint_ordering_analysis/permutation_invariant_final_20260808_complete_30of30/multicentre_fl_hrnet_per_image.csv
71644	2026-08-08 04:23:30.9086990030	/root/autodl-tmp/endpoint_ordering_analysis/permutation_invariant_final_20260808_complete_30of30/multicentre_fl_eomt_dinov2_per_image.csv
71665	2026-08-08 04:23:31.0886942730	/root/autodl-tmp/endpoint_ordering_analysis/permutation_invariant_final_20260808_complete_30of30/multicentre_fl_eomt_dinov3_per_image.csv
